Analysis & Synthesis report for top_qc_sim
Sat Feb 21 23:11:07 2026
Quartus Prime Version 25.1std.0 Build 1129 10/21/2025 SC Lite Edition


---------------------
; Table of Contents ;
---------------------
  1. Legal Notice
  2. Analysis & Synthesis Summary
  3. Analysis & Synthesis Settings
  4. Parallel Compilation
  5. Analysis & Synthesis Source Files Read
  6. Analysis & Synthesis Resource Usage Summary
  7. Analysis & Synthesis Resource Utilization by Entity
  8. Analysis & Synthesis DSP Block Usage Summary
  9. Registers Removed During Synthesis
 10. Removed Registers Triggering Further Register Optimizations
 11. General Register Statistics
 12. Inverted Register Statistics
 13. Parameter Settings for User Entity Instance: Top-level Entity: |top_qc_sim
 14. Parameter Settings for User Entity Instance: hadamard_gate:u0_h_q2
 15. Parameter Settings for User Entity Instance: quantum_state_vector:u0_state_vector
 16. Parameter Settings for User Entity Instance: rot_gate_pi_2:u1_rpi2_q1q2
 17. Parameter Settings for User Entity Instance: quantum_state_vector:u1_state_vector
 18. Parameter Settings for User Entity Instance: rot_gate_pi_4:u2_rpi4_q0q2
 19. Parameter Settings for User Entity Instance: quantum_state_vector:u2_state_vector
 20. Parameter Settings for User Entity Instance: hadamard_gate:u3_h_q1
 21. Parameter Settings for User Entity Instance: quantum_state_vector:u3_state_vector
 22. Parameter Settings for User Entity Instance: rot_gate_pi_2:u4_rpi2_q0q1
 23. Parameter Settings for User Entity Instance: quantum_state_vector:u4_state_vector
 24. Parameter Settings for User Entity Instance: hadamard_gate:u5_h_q0
 25. Parameter Settings for User Entity Instance: quantum_state_vector:u5_state_vector
 26. Parameter Settings for User Entity Instance: swap_gate:u6_swap_q2q0
 27. Parameter Settings for User Entity Instance: quantum_state_vector:u6_state_vector
 28. Parameter Settings for User Entity Instance: probability:prob_sv
 29. Parameter Settings for User Entity Instance: probability_weights:prob_weights_sv
 30. Parameter Settings for User Entity Instance: measure:measure_sv
 31. Parameter Settings for Inferred Entity Instance: probability:prob_sv|lpm_mult:Mult0
 32. Parameter Settings for Inferred Entity Instance: probability:prob_sv|lpm_mult:Mult1
 33. Parameter Settings for Inferred Entity Instance: probability:prob_sv|lpm_mult:Mult12
 34. Parameter Settings for Inferred Entity Instance: probability:prob_sv|lpm_mult:Mult13
 35. Parameter Settings for Inferred Entity Instance: probability:prob_sv|lpm_mult:Mult2
 36. Parameter Settings for Inferred Entity Instance: probability:prob_sv|lpm_mult:Mult3
 37. Parameter Settings for Inferred Entity Instance: probability:prob_sv|lpm_mult:Mult6
 38. Parameter Settings for Inferred Entity Instance: probability:prob_sv|lpm_mult:Mult7
 39. Parameter Settings for Inferred Entity Instance: probability:prob_sv|lpm_mult:Mult5
 40. Parameter Settings for Inferred Entity Instance: probability:prob_sv|lpm_mult:Mult4
 41. Parameter Settings for Inferred Entity Instance: probability:prob_sv|lpm_mult:Mult10
 42. Parameter Settings for Inferred Entity Instance: probability:prob_sv|lpm_mult:Mult11
 43. Parameter Settings for Inferred Entity Instance: probability:prob_sv|lpm_mult:Mult8
 44. Parameter Settings for Inferred Entity Instance: probability:prob_sv|lpm_mult:Mult9
 45. Parameter Settings for Inferred Entity Instance: hadamard_gate:u5_h_q0|lpm_mult:Mult0
 46. Parameter Settings for Inferred Entity Instance: hadamard_gate:u5_h_q0|lpm_mult:Mult8
 47. Parameter Settings for Inferred Entity Instance: hadamard_gate:u5_h_q0|lpm_mult:Mult3
 48. Parameter Settings for Inferred Entity Instance: hadamard_gate:u5_h_q0|lpm_mult:Mult11
 49. Parameter Settings for Inferred Entity Instance: hadamard_gate:u5_h_q0|lpm_mult:Mult4
 50. Parameter Settings for Inferred Entity Instance: hadamard_gate:u5_h_q0|lpm_mult:Mult12
 51. Parameter Settings for Inferred Entity Instance: hadamard_gate:u5_h_q0|lpm_mult:Mult6
 52. Parameter Settings for Inferred Entity Instance: hadamard_gate:u5_h_q0|lpm_mult:Mult14
 53. Parameter Settings for Inferred Entity Instance: hadamard_gate:u5_h_q0|lpm_mult:Mult10
 54. Parameter Settings for Inferred Entity Instance: hadamard_gate:u5_h_q0|lpm_mult:Mult2
 55. Parameter Settings for Inferred Entity Instance: hadamard_gate:u5_h_q0|lpm_mult:Mult5
 56. Parameter Settings for Inferred Entity Instance: hadamard_gate:u5_h_q0|lpm_mult:Mult13
 57. Parameter Settings for Inferred Entity Instance: hadamard_gate:u5_h_q0|lpm_mult:Mult1
 58. Parameter Settings for Inferred Entity Instance: hadamard_gate:u5_h_q0|lpm_mult:Mult9
 59. Parameter Settings for Inferred Entity Instance: hadamard_gate:u3_h_q1|lpm_mult:Mult1
 60. Parameter Settings for Inferred Entity Instance: hadamard_gate:u3_h_q1|lpm_mult:Mult0
 61. Parameter Settings for Inferred Entity Instance: hadamard_gate:u3_h_q1|lpm_mult:Mult9
 62. Parameter Settings for Inferred Entity Instance: hadamard_gate:u3_h_q1|lpm_mult:Mult8
 63. Parameter Settings for Inferred Entity Instance: hadamard_gate:u3_h_q1|lpm_mult:Mult11
 64. Parameter Settings for Inferred Entity Instance: hadamard_gate:u3_h_q1|lpm_mult:Mult2
 65. Parameter Settings for Inferred Entity Instance: hadamard_gate:u3_h_q1|lpm_mult:Mult3
 66. Parameter Settings for Inferred Entity Instance: hadamard_gate:u3_h_q1|lpm_mult:Mult10
 67. Parameter Settings for Inferred Entity Instance: hadamard_gate:u3_h_q1|lpm_mult:Mult5
 68. Parameter Settings for Inferred Entity Instance: hadamard_gate:u3_h_q1|lpm_mult:Mult4
 69. Parameter Settings for Inferred Entity Instance: hadamard_gate:u3_h_q1|lpm_mult:Mult13
 70. Parameter Settings for Inferred Entity Instance: hadamard_gate:u3_h_q1|lpm_mult:Mult15
 71. Parameter Settings for Inferred Entity Instance: hadamard_gate:u3_h_q1|lpm_mult:Mult6
 72. Parameter Settings for Inferred Entity Instance: hadamard_gate:u3_h_q1|lpm_mult:Mult7
 73. Parameter Settings for Inferred Entity Instance: rot_gate_pi_4:u2_rpi4_q0q2|lpm_mult:Mult2
 74. Parameter Settings for Inferred Entity Instance: rot_gate_pi_4:u2_rpi4_q0q2|lpm_mult:Mult1
 75. Parameter Settings for Inferred Entity Instance: rot_gate_pi_4:u2_rpi4_q0q2|lpm_mult:Mult3
 76. lpm_mult Parameter Settings by Entity Instance
 77. Port Connectivity Checks: "sev_seg_display:hex0"
 78. Port Connectivity Checks: "measure:measure_sv"
 79. Port Connectivity Checks: "lfsr:rng_gen"
 80. Port Connectivity Checks: "probability_weights:prob_weights_sv"
 81. Port Connectivity Checks: "probability:prob_sv"
 82. Port Connectivity Checks: "quantum_state_vector:u6_state_vector"
 83. Port Connectivity Checks: "quantum_state_vector:u5_state_vector"
 84. Port Connectivity Checks: "quantum_state_vector:u4_state_vector"
 85. Port Connectivity Checks: "quantum_state_vector:u3_state_vector"
 86. Port Connectivity Checks: "quantum_state_vector:u2_state_vector"
 87. Port Connectivity Checks: "quantum_state_vector:u1_state_vector"
 88. Port Connectivity Checks: "quantum_state_vector:u0_state_vector"
 89. Port Connectivity Checks: "hadamard_gate:u0_h_q2"
 90. Post-Synthesis Netlist Statistics for Top Partition
 91. Elapsed Time Per Partition
 92. Analysis & Synthesis Messages



----------------
; Legal Notice ;
----------------
Copyright (C) 2025  Altera Corporation. All rights reserved.
Your use of Altera Corporation's design tools, logic functions 
and other software and tools, and any partner logic 
functions, and any output files from any of the foregoing 
(including device programming or simulation files), and any 
associated documentation or information are expressly subject 
to the terms and conditions of the Altera Program License 
Subscription Agreement, the Altera Quartus Prime License Agreement,
the Altera IP License Agreement, or other applicable license
agreement, including, without limitation, that your use is for
the sole purpose of programming logic devices manufactured by
Altera and sold by Altera or its authorized distributors.  Please
refer to the Altera Software License Subscription Agreements 
on the Quartus Prime software download page.



+--------------------------------------------------------------------------------------+
; Analysis & Synthesis Summary                                                         ;
+------------------------------------+-------------------------------------------------+
; Analysis & Synthesis Status        ; Successful - Sat Feb 21 23:11:07 2026           ;
; Quartus Prime Version              ; 25.1std.0 Build 1129 10/21/2025 SC Lite Edition ;
; Revision Name                      ; top_qc_sim                                      ;
; Top-level Entity Name              ; top_qc_sim                                      ;
; Family                             ; MAX 10                                          ;
; Total logic elements               ; 2,415                                           ;
;     Total combinational functions  ; 2,051                                           ;
;     Dedicated logic registers      ; 880                                             ;
; Total registers                    ; 880                                             ;
; Total pins                         ; 11                                              ;
; Total virtual pins                 ; 0                                               ;
; Total memory bits                  ; 0                                               ;
; Embedded Multiplier 9-bit elements ; 34                                              ;
; Total PLLs                         ; 0                                               ;
; UFM blocks                         ; 0                                               ;
; ADC blocks                         ; 0                                               ;
+------------------------------------+-------------------------------------------------+


+------------------------------------------------------------------------------------------------------------+
; Analysis & Synthesis Settings                                                                              ;
+------------------------------------------------------------------+--------------------+--------------------+
; Option                                                           ; Setting            ; Default Value      ;
+------------------------------------------------------------------+--------------------+--------------------+
; Device                                                           ; 10M50DAF484C7G     ;                    ;
; Top-level entity name                                            ; top_qc_sim         ; top_qc_sim         ;
; Family name                                                      ; MAX 10             ; Cyclone V          ;
; Use smart compilation                                            ; Off                ; Off                ;
; Enable parallel Assembler and Timing Analyzer during compilation ; On                 ; On                 ;
; Enable compact report table                                      ; Off                ; Off                ;
; Restructure Multiplexers                                         ; Auto               ; Auto               ;
; Create Debugging Nodes for IP Cores                              ; Off                ; Off                ;
; Preserve fewer node names                                        ; On                 ; On                 ;
; Intel FPGA IP Evaluation Mode                                    ; Enable             ; Enable             ;
; Verilog Version                                                  ; Verilog_2001       ; Verilog_2001       ;
; VHDL Version                                                     ; VHDL_1993          ; VHDL_1993          ;
; State Machine Processing                                         ; Auto               ; Auto               ;
; Safe State Machine                                               ; Off                ; Off                ;
; Extract Verilog State Machines                                   ; On                 ; On                 ;
; Extract VHDL State Machines                                      ; On                 ; On                 ;
; Ignore Verilog initial constructs                                ; Off                ; Off                ;
; Iteration limit for constant Verilog loops                       ; 5000               ; 5000               ;
; Iteration limit for non-constant Verilog loops                   ; 250                ; 250                ;
; Add Pass-Through Logic to Inferred RAMs                          ; On                 ; On                 ;
; Infer RAMs from Raw Logic                                        ; On                 ; On                 ;
; Parallel Synthesis                                               ; On                 ; On                 ;
; DSP Block Balancing                                              ; Auto               ; Auto               ;
; NOT Gate Push-Back                                               ; On                 ; On                 ;
; Power-Up Don't Care                                              ; On                 ; On                 ;
; Remove Redundant Logic Cells                                     ; Off                ; Off                ;
; Remove Duplicate Registers                                       ; On                 ; On                 ;
; Ignore CARRY Buffers                                             ; Off                ; Off                ;
; Ignore CASCADE Buffers                                           ; Off                ; Off                ;
; Ignore GLOBAL Buffers                                            ; Off                ; Off                ;
; Ignore ROW GLOBAL Buffers                                        ; Off                ; Off                ;
; Ignore LCELL Buffers                                             ; Off                ; Off                ;
; Ignore SOFT Buffers                                              ; On                 ; On                 ;
; Limit AHDL Integers to 32 Bits                                   ; Off                ; Off                ;
; Optimization Technique                                           ; Balanced           ; Balanced           ;
; Carry Chain Length                                               ; 70                 ; 70                 ;
; Auto Carry Chains                                                ; On                 ; On                 ;
; Auto Open-Drain Pins                                             ; On                 ; On                 ;
; Perform WYSIWYG Primitive Resynthesis                            ; Off                ; Off                ;
; Auto ROM Replacement                                             ; On                 ; On                 ;
; Auto RAM Replacement                                             ; On                 ; On                 ;
; Auto DSP Block Replacement                                       ; On                 ; On                 ;
; Auto Shift Register Replacement                                  ; Auto               ; Auto               ;
; Allow Shift Register Merging across Hierarchies                  ; Auto               ; Auto               ;
; Auto Clock Enable Replacement                                    ; On                 ; On                 ;
; Strict RAM Replacement                                           ; Off                ; Off                ;
; Allow Synchronous Control Signals                                ; On                 ; On                 ;
; Force Use of Synchronous Clear Signals                           ; Off                ; Off                ;
; Auto RAM Block Balancing                                         ; On                 ; On                 ;
; Auto RAM to Logic Cell Conversion                                ; Off                ; Off                ;
; Auto Resource Sharing                                            ; Off                ; Off                ;
; Allow Any RAM Size For Recognition                               ; Off                ; Off                ;
; Allow Any ROM Size For Recognition                               ; Off                ; Off                ;
; Allow Any Shift Register Size For Recognition                    ; Off                ; Off                ;
; Use LogicLock Constraints during Resource Balancing              ; On                 ; On                 ;
; Ignore translate_off and synthesis_off directives                ; Off                ; Off                ;
; Timing-Driven Synthesis                                          ; On                 ; On                 ;
; Report Parameter Settings                                        ; On                 ; On                 ;
; Report Source Assignments                                        ; On                 ; On                 ;
; Report Connectivity Checks                                       ; On                 ; On                 ;
; Ignore Maximum Fan-Out Assignments                               ; Off                ; Off                ;
; Synchronization Register Chain Length                            ; 2                  ; 2                  ;
; Power Optimization During Synthesis                              ; Normal compilation ; Normal compilation ;
; HDL message level                                                ; Level2             ; Level2             ;
; Suppress Register Optimization Related Messages                  ; Off                ; Off                ;
; Number of Removed Registers Reported in Synthesis Report         ; 5000               ; 5000               ;
; Number of Swept Nodes Reported in Synthesis Report               ; 5000               ; 5000               ;
; Number of Inverted Registers Reported in Synthesis Report        ; 100                ; 100                ;
; Clock MUX Protection                                             ; On                 ; On                 ;
; Auto Gated Clock Conversion                                      ; Off                ; Off                ;
; Block Design Naming                                              ; Auto               ; Auto               ;
; SDC constraint protection                                        ; Off                ; Off                ;
; Synthesis Effort                                                 ; Auto               ; Auto               ;
; Shift Register Replacement - Allow Asynchronous Clear Signal     ; On                 ; On                 ;
; Pre-Mapping Resynthesis Optimization                             ; Off                ; Off                ;
; Analysis & Synthesis Message Level                               ; Medium             ; Medium             ;
; Disable Register Merging Across Hierarchies                      ; Auto               ; Auto               ;
; Resource Aware Inference For Block RAM                           ; On                 ; On                 ;
+------------------------------------------------------------------+--------------------+--------------------+


+------------------------------------------+
; Parallel Compilation                     ;
+----------------------------+-------------+
; Processors                 ; Number      ;
+----------------------------+-------------+
; Number detected on machine ; 16          ;
; Maximum allowed            ; 16          ;
;                            ;             ;
; Average used               ; 1.01        ;
; Maximum used               ; 16          ;
;                            ;             ;
; Usage by Processor         ; % Time Used ;
;     Processor 1            ; 100.0%      ;
;     Processor 2            ;   0.1%      ;
;     Processor 3            ;   0.1%      ;
;     Processor 4            ;   0.1%      ;
;     Processor 5            ;   0.1%      ;
;     Processor 6            ;   0.1%      ;
;     Processor 7            ;   0.1%      ;
;     Processor 8            ;   0.1%      ;
;     Processors 9-16        ;   0.0%      ;
+----------------------------+-------------+


+-----------------------------------------------------------------------------------------------------------------------------------------------------------------------------------------------------------------+
; Analysis & Synthesis Source Files Read                                                                                                                                                                          ;
+----------------------------------+-----------------+---------------------------------------+----------------------------------------------------------------------------------------------------------+---------+
; File Name with User-Entered Path ; Used in Netlist ; File Type                             ; File Name with Absolute Path                                                                             ; Library ;
+----------------------------------+-----------------+---------------------------------------+----------------------------------------------------------------------------------------------------------+---------+
; ../TB/sv_re_init.hex             ; yes             ; User Hexadecimal (Intel-Format) File  ; C:/work/GitHub/FPGA_QuantumComputer_Simulator/FPGA_QuantumComputer_Simulator/TB/sv_re_init.hex           ;         ;
; ../TB/sv_im_init.hex             ; yes             ; User Hexadecimal (Intel-Format) File  ; C:/work/GitHub/FPGA_QuantumComputer_Simulator/FPGA_QuantumComputer_Simulator/TB/sv_im_init.hex           ;         ;
; ../RTL/sync.sv                   ; yes             ; User SystemVerilog HDL File           ; C:/work/GitHub/FPGA_QuantumComputer_Simulator/FPGA_QuantumComputer_Simulator/RTL/sync.sv                 ;         ;
; ../RTL/swap_gate.sv              ; yes             ; User SystemVerilog HDL File           ; C:/work/GitHub/FPGA_QuantumComputer_Simulator/FPGA_QuantumComputer_Simulator/RTL/swap_gate.sv            ;         ;
; ../RTL/sev_seg_display.sv        ; yes             ; User SystemVerilog HDL File           ; C:/work/GitHub/FPGA_QuantumComputer_Simulator/FPGA_QuantumComputer_Simulator/RTL/sev_seg_display.sv      ;         ;
; ../RTL/rot_gate_pi_4.sv          ; yes             ; User SystemVerilog HDL File           ; C:/work/GitHub/FPGA_QuantumComputer_Simulator/FPGA_QuantumComputer_Simulator/RTL/rot_gate_pi_4.sv        ;         ;
; ../RTL/rot_gate_pi_2.sv          ; yes             ; User SystemVerilog HDL File           ; C:/work/GitHub/FPGA_QuantumComputer_Simulator/FPGA_QuantumComputer_Simulator/RTL/rot_gate_pi_2.sv        ;         ;
; ../RTL/quantum_state_vector.sv   ; yes             ; User SystemVerilog HDL File           ; C:/work/GitHub/FPGA_QuantumComputer_Simulator/FPGA_QuantumComputer_Simulator/RTL/quantum_state_vector.sv ;         ;
; ../RTL/probability_weights.sv    ; yes             ; User SystemVerilog HDL File           ; C:/work/GitHub/FPGA_QuantumComputer_Simulator/FPGA_QuantumComputer_Simulator/RTL/probability_weights.sv  ;         ;
; ../RTL/probability.sv            ; yes             ; User SystemVerilog HDL File           ; C:/work/GitHub/FPGA_QuantumComputer_Simulator/FPGA_QuantumComputer_Simulator/RTL/probability.sv          ;         ;
; ../RTL/measure.sv                ; yes             ; User SystemVerilog HDL File           ; C:/work/GitHub/FPGA_QuantumComputer_Simulator/FPGA_QuantumComputer_Simulator/RTL/measure.sv              ;         ;
; ../RTL/lfsr.sv                   ; yes             ; User SystemVerilog HDL File           ; C:/work/GitHub/FPGA_QuantumComputer_Simulator/FPGA_QuantumComputer_Simulator/RTL/lfsr.sv                 ;         ;
; ../RTL/hadamard_gate.sv          ; yes             ; User SystemVerilog HDL File           ; C:/work/GitHub/FPGA_QuantumComputer_Simulator/FPGA_QuantumComputer_Simulator/RTL/hadamard_gate.sv        ;         ;
; ../RTL/top_qc_sim.sv             ; yes             ; User SystemVerilog HDL File           ; C:/work/GitHub/FPGA_QuantumComputer_Simulator/FPGA_QuantumComputer_Simulator/RTL/top_qc_sim.sv           ;         ;
; lpm_mult.tdf                     ; yes             ; Megafunction                          ; c:/altera_lite/25.1std/quartus/libraries/megafunctions/lpm_mult.tdf                                      ;         ;
; aglobal251.inc                   ; yes             ; Megafunction                          ; c:/altera_lite/25.1std/quartus/libraries/megafunctions/aglobal251.inc                                    ;         ;
; lpm_add_sub.inc                  ; yes             ; Megafunction                          ; c:/altera_lite/25.1std/quartus/libraries/megafunctions/lpm_add_sub.inc                                   ;         ;
; multcore.inc                     ; yes             ; Megafunction                          ; c:/altera_lite/25.1std/quartus/libraries/megafunctions/multcore.inc                                      ;         ;
; bypassff.inc                     ; yes             ; Megafunction                          ; c:/altera_lite/25.1std/quartus/libraries/megafunctions/bypassff.inc                                      ;         ;
; altshift.inc                     ; yes             ; Megafunction                          ; c:/altera_lite/25.1std/quartus/libraries/megafunctions/altshift.inc                                      ;         ;
; db/mult_pgs.tdf                  ; yes             ; Auto-Generated Megafunction           ; C:/work/GitHub/FPGA_QuantumComputer_Simulator/FPGA_QuantumComputer_Simulator/OBJ/db/mult_pgs.tdf         ;         ;
; db/mult_rgs.tdf                  ; yes             ; Auto-Generated Megafunction           ; C:/work/GitHub/FPGA_QuantumComputer_Simulator/FPGA_QuantumComputer_Simulator/OBJ/db/mult_rgs.tdf         ;         ;
; db/mult_lgs.tdf                  ; yes             ; Auto-Generated Megafunction           ; C:/work/GitHub/FPGA_QuantumComputer_Simulator/FPGA_QuantumComputer_Simulator/OBJ/db/mult_lgs.tdf         ;         ;
; db/mult_ngs.tdf                  ; yes             ; Auto-Generated Megafunction           ; C:/work/GitHub/FPGA_QuantumComputer_Simulator/FPGA_QuantumComputer_Simulator/OBJ/db/mult_ngs.tdf         ;         ;
; db/mult_dks.tdf                  ; yes             ; Auto-Generated Megafunction           ; C:/work/GitHub/FPGA_QuantumComputer_Simulator/FPGA_QuantumComputer_Simulator/OBJ/db/mult_dks.tdf         ;         ;
; multcore.tdf                     ; yes             ; Megafunction                          ; c:/altera_lite/25.1std/quartus/libraries/megafunctions/multcore.tdf                                      ;         ;
; csa_add.inc                      ; yes             ; Megafunction                          ; c:/altera_lite/25.1std/quartus/libraries/megafunctions/csa_add.inc                                       ;         ;
; mpar_add.inc                     ; yes             ; Megafunction                          ; c:/altera_lite/25.1std/quartus/libraries/megafunctions/mpar_add.inc                                      ;         ;
; muleabz.inc                      ; yes             ; Megafunction                          ; c:/altera_lite/25.1std/quartus/libraries/megafunctions/muleabz.inc                                       ;         ;
; mul_lfrg.inc                     ; yes             ; Megafunction                          ; c:/altera_lite/25.1std/quartus/libraries/megafunctions/mul_lfrg.inc                                      ;         ;
; mul_boothc.inc                   ; yes             ; Megafunction                          ; c:/altera_lite/25.1std/quartus/libraries/megafunctions/mul_boothc.inc                                    ;         ;
; alt_ded_mult.inc                 ; yes             ; Megafunction                          ; c:/altera_lite/25.1std/quartus/libraries/megafunctions/alt_ded_mult.inc                                  ;         ;
; alt_ded_mult_y.inc               ; yes             ; Megafunction                          ; c:/altera_lite/25.1std/quartus/libraries/megafunctions/alt_ded_mult_y.inc                                ;         ;
; dffpipe.inc                      ; yes             ; Megafunction                          ; c:/altera_lite/25.1std/quartus/libraries/megafunctions/dffpipe.inc                                       ;         ;
; mpar_add.tdf                     ; yes             ; Megafunction                          ; c:/altera_lite/25.1std/quartus/libraries/megafunctions/mpar_add.tdf                                      ;         ;
; lpm_add_sub.tdf                  ; yes             ; Megafunction                          ; c:/altera_lite/25.1std/quartus/libraries/megafunctions/lpm_add_sub.tdf                                   ;         ;
; addcore.inc                      ; yes             ; Megafunction                          ; c:/altera_lite/25.1std/quartus/libraries/megafunctions/addcore.inc                                       ;         ;
; look_add.inc                     ; yes             ; Megafunction                          ; c:/altera_lite/25.1std/quartus/libraries/megafunctions/look_add.inc                                      ;         ;
; alt_stratix_add_sub.inc          ; yes             ; Megafunction                          ; c:/altera_lite/25.1std/quartus/libraries/megafunctions/alt_stratix_add_sub.inc                           ;         ;
; db/add_sub_9vg.tdf               ; yes             ; Auto-Generated Megafunction           ; C:/work/GitHub/FPGA_QuantumComputer_Simulator/FPGA_QuantumComputer_Simulator/OBJ/db/add_sub_9vg.tdf      ;         ;
; db/add_sub_fkg.tdf               ; yes             ; Auto-Generated Megafunction           ; C:/work/GitHub/FPGA_QuantumComputer_Simulator/FPGA_QuantumComputer_Simulator/OBJ/db/add_sub_fkg.tdf      ;         ;
; db/add_sub_4vg.tdf               ; yes             ; Auto-Generated Megafunction           ; C:/work/GitHub/FPGA_QuantumComputer_Simulator/FPGA_QuantumComputer_Simulator/OBJ/db/add_sub_4vg.tdf      ;         ;
; altshift.tdf                     ; yes             ; Megafunction                          ; c:/altera_lite/25.1std/quartus/libraries/megafunctions/altshift.tdf                                      ;         ;
+----------------------------------+-----------------+---------------------------------------+----------------------------------------------------------------------------------------------------------+---------+


+-----------------------------------------------------------+
; Analysis & Synthesis Resource Usage Summary               ;
+---------------------------------------------+-------------+
; Resource                                    ; Usage       ;
+---------------------------------------------+-------------+
; Estimated Total logic elements              ; 2,415       ;
;                                             ;             ;
; Total combinational functions               ; 2051        ;
; Logic element usage by number of LUT inputs ;             ;
;     -- 4 input functions                    ; 303         ;
;     -- 3 input functions                    ; 1213        ;
;     -- <=2 input functions                  ; 535         ;
;                                             ;             ;
; Logic elements by mode                      ;             ;
;     -- normal mode                          ; 639         ;
;     -- arithmetic mode                      ; 1412        ;
;                                             ;             ;
; Total registers                             ; 880         ;
;     -- Dedicated logic registers            ; 880         ;
;     -- I/O registers                        ; 0           ;
;                                             ;             ;
; I/O pins                                    ; 11          ;
;                                             ;             ;
; Embedded Multiplier 9-bit elements          ; 34          ;
;                                             ;             ;
; Maximum fan-out node                        ; clk_i~input ;
; Maximum fan-out                             ; 880         ;
; Total fan-out                               ; 8792        ;
; Average fan-out                             ; 2.91        ;
+---------------------------------------------+-------------+


+--------------------------------------------------------------------------------------------------------------------------------------------------------------------------------------------------------------------------------------------------------------------------------------------------------------------------------------------------------------------------------------+
; Analysis & Synthesis Resource Utilization by Entity                                                                                                                                                                                                                                                                                                                                  ;
+------------------------------------------------+---------------------+---------------------------+-------------+------------+--------------+---------+-----------+------+--------------+------------+------------------------------------------------------------------------------------------------------------------------------------------+----------------------+--------------+
; Compilation Hierarchy Node                     ; Combinational ALUTs ; Dedicated Logic Registers ; Memory Bits ; UFM Blocks ; DSP Elements ; DSP 9x9 ; DSP 18x18 ; Pins ; Virtual Pins ; ADC blocks ; Full Hierarchy Name                                                                                                                      ; Entity Name          ; Library Name ;
+------------------------------------------------+---------------------+---------------------------+-------------+------------+--------------+---------+-----------+------+--------------+------------+------------------------------------------------------------------------------------------------------------------------------------------+----------------------+--------------+
; |top_qc_sim                                    ; 2051 (0)            ; 880 (0)                   ; 0           ; 0          ; 34           ; 0       ; 17        ; 11   ; 0            ; 0          ; |top_qc_sim                                                                                                                              ; top_qc_sim           ; work         ;
;    |hadamard_gate:u3_h_q1|                     ; 351 (58)            ; 0 (0)                     ; 0           ; 0          ; 0            ; 0       ; 0         ; 0    ; 0            ; 0          ; |top_qc_sim|hadamard_gate:u3_h_q1                                                                                                        ; hadamard_gate        ; work         ;
;       |lpm_mult:Mult13|                        ; 66 (0)              ; 0 (0)                     ; 0           ; 0          ; 0            ; 0       ; 0         ; 0    ; 0            ; 0          ; |top_qc_sim|hadamard_gate:u3_h_q1|lpm_mult:Mult13                                                                                        ; lpm_mult             ; work         ;
;          |multcore:mult_core|                  ; 66 (34)             ; 0 (0)                     ; 0           ; 0          ; 0            ; 0       ; 0         ; 0    ; 0            ; 0          ; |top_qc_sim|hadamard_gate:u3_h_q1|lpm_mult:Mult13|multcore:mult_core                                                                     ; multcore             ; work         ;
;             |mpar_add:padder|                  ; 32 (0)              ; 0 (0)                     ; 0           ; 0          ; 0            ; 0       ; 0         ; 0    ; 0            ; 0          ; |top_qc_sim|hadamard_gate:u3_h_q1|lpm_mult:Mult13|multcore:mult_core|mpar_add:padder                                                     ; mpar_add             ; work         ;
;                |lpm_add_sub:adder[0]|          ; 17 (0)              ; 0 (0)                     ; 0           ; 0          ; 0            ; 0       ; 0         ; 0    ; 0            ; 0          ; |top_qc_sim|hadamard_gate:u3_h_q1|lpm_mult:Mult13|multcore:mult_core|mpar_add:padder|lpm_add_sub:adder[0]                                ; lpm_add_sub          ; work         ;
;                   |add_sub_fkg:auto_generated| ; 17 (17)             ; 0 (0)                     ; 0           ; 0          ; 0            ; 0       ; 0         ; 0    ; 0            ; 0          ; |top_qc_sim|hadamard_gate:u3_h_q1|lpm_mult:Mult13|multcore:mult_core|mpar_add:padder|lpm_add_sub:adder[0]|add_sub_fkg:auto_generated     ; add_sub_fkg          ; work         ;
;                |lpm_add_sub:adder[1]|          ; 15 (0)              ; 0 (0)                     ; 0           ; 0          ; 0            ; 0       ; 0         ; 0    ; 0            ; 0          ; |top_qc_sim|hadamard_gate:u3_h_q1|lpm_mult:Mult13|multcore:mult_core|mpar_add:padder|lpm_add_sub:adder[1]                                ; lpm_add_sub          ; work         ;
;                   |add_sub_9vg:auto_generated| ; 15 (15)             ; 0 (0)                     ; 0           ; 0          ; 0            ; 0       ; 0         ; 0    ; 0            ; 0          ; |top_qc_sim|hadamard_gate:u3_h_q1|lpm_mult:Mult13|multcore:mult_core|mpar_add:padder|lpm_add_sub:adder[1]|add_sub_9vg:auto_generated     ; add_sub_9vg          ; work         ;
;       |lpm_mult:Mult15|                        ; 66 (0)              ; 0 (0)                     ; 0           ; 0          ; 0            ; 0       ; 0         ; 0    ; 0            ; 0          ; |top_qc_sim|hadamard_gate:u3_h_q1|lpm_mult:Mult15                                                                                        ; lpm_mult             ; work         ;
;          |multcore:mult_core|                  ; 66 (34)             ; 0 (0)                     ; 0           ; 0          ; 0            ; 0       ; 0         ; 0    ; 0            ; 0          ; |top_qc_sim|hadamard_gate:u3_h_q1|lpm_mult:Mult15|multcore:mult_core                                                                     ; multcore             ; work         ;
;             |mpar_add:padder|                  ; 32 (0)              ; 0 (0)                     ; 0           ; 0          ; 0            ; 0       ; 0         ; 0    ; 0            ; 0          ; |top_qc_sim|hadamard_gate:u3_h_q1|lpm_mult:Mult15|multcore:mult_core|mpar_add:padder                                                     ; mpar_add             ; work         ;
;                |lpm_add_sub:adder[0]|          ; 17 (0)              ; 0 (0)                     ; 0           ; 0          ; 0            ; 0       ; 0         ; 0    ; 0            ; 0          ; |top_qc_sim|hadamard_gate:u3_h_q1|lpm_mult:Mult15|multcore:mult_core|mpar_add:padder|lpm_add_sub:adder[0]                                ; lpm_add_sub          ; work         ;
;                   |add_sub_fkg:auto_generated| ; 17 (17)             ; 0 (0)                     ; 0           ; 0          ; 0            ; 0       ; 0         ; 0    ; 0            ; 0          ; |top_qc_sim|hadamard_gate:u3_h_q1|lpm_mult:Mult15|multcore:mult_core|mpar_add:padder|lpm_add_sub:adder[0]|add_sub_fkg:auto_generated     ; add_sub_fkg          ; work         ;
;                |lpm_add_sub:adder[1]|          ; 15 (0)              ; 0 (0)                     ; 0           ; 0          ; 0            ; 0       ; 0         ; 0    ; 0            ; 0          ; |top_qc_sim|hadamard_gate:u3_h_q1|lpm_mult:Mult15|multcore:mult_core|mpar_add:padder|lpm_add_sub:adder[1]                                ; lpm_add_sub          ; work         ;
;                   |add_sub_9vg:auto_generated| ; 15 (15)             ; 0 (0)                     ; 0           ; 0          ; 0            ; 0       ; 0         ; 0    ; 0            ; 0          ; |top_qc_sim|hadamard_gate:u3_h_q1|lpm_mult:Mult15|multcore:mult_core|mpar_add:padder|lpm_add_sub:adder[1]|add_sub_9vg:auto_generated     ; add_sub_9vg          ; work         ;
;       |lpm_mult:Mult4|                         ; 14 (0)              ; 0 (0)                     ; 0           ; 0          ; 0            ; 0       ; 0         ; 0    ; 0            ; 0          ; |top_qc_sim|hadamard_gate:u3_h_q1|lpm_mult:Mult4                                                                                         ; lpm_mult             ; work         ;
;          |multcore:mult_core|                  ; 14 (3)              ; 0 (0)                     ; 0           ; 0          ; 0            ; 0       ; 0         ; 0    ; 0            ; 0          ; |top_qc_sim|hadamard_gate:u3_h_q1|lpm_mult:Mult4|multcore:mult_core                                                                      ; multcore             ; work         ;
;             |mpar_add:padder|                  ; 11 (0)              ; 0 (0)                     ; 0           ; 0          ; 0            ; 0       ; 0         ; 0    ; 0            ; 0          ; |top_qc_sim|hadamard_gate:u3_h_q1|lpm_mult:Mult4|multcore:mult_core|mpar_add:padder                                                      ; mpar_add             ; work         ;
;                |lpm_add_sub:adder[0]|          ; 11 (0)              ; 0 (0)                     ; 0           ; 0          ; 0            ; 0       ; 0         ; 0    ; 0            ; 0          ; |top_qc_sim|hadamard_gate:u3_h_q1|lpm_mult:Mult4|multcore:mult_core|mpar_add:padder|lpm_add_sub:adder[0]                                 ; lpm_add_sub          ; work         ;
;                   |add_sub_fkg:auto_generated| ; 11 (11)             ; 0 (0)                     ; 0           ; 0          ; 0            ; 0       ; 0         ; 0    ; 0            ; 0          ; |top_qc_sim|hadamard_gate:u3_h_q1|lpm_mult:Mult4|multcore:mult_core|mpar_add:padder|lpm_add_sub:adder[0]|add_sub_fkg:auto_generated      ; add_sub_fkg          ; work         ;
;       |lpm_mult:Mult5|                         ; 66 (0)              ; 0 (0)                     ; 0           ; 0          ; 0            ; 0       ; 0         ; 0    ; 0            ; 0          ; |top_qc_sim|hadamard_gate:u3_h_q1|lpm_mult:Mult5                                                                                         ; lpm_mult             ; work         ;
;          |multcore:mult_core|                  ; 66 (34)             ; 0 (0)                     ; 0           ; 0          ; 0            ; 0       ; 0         ; 0    ; 0            ; 0          ; |top_qc_sim|hadamard_gate:u3_h_q1|lpm_mult:Mult5|multcore:mult_core                                                                      ; multcore             ; work         ;
;             |mpar_add:padder|                  ; 32 (0)              ; 0 (0)                     ; 0           ; 0          ; 0            ; 0       ; 0         ; 0    ; 0            ; 0          ; |top_qc_sim|hadamard_gate:u3_h_q1|lpm_mult:Mult5|multcore:mult_core|mpar_add:padder                                                      ; mpar_add             ; work         ;
;                |lpm_add_sub:adder[0]|          ; 17 (0)              ; 0 (0)                     ; 0           ; 0          ; 0            ; 0       ; 0         ; 0    ; 0            ; 0          ; |top_qc_sim|hadamard_gate:u3_h_q1|lpm_mult:Mult5|multcore:mult_core|mpar_add:padder|lpm_add_sub:adder[0]                                 ; lpm_add_sub          ; work         ;
;                   |add_sub_fkg:auto_generated| ; 17 (17)             ; 0 (0)                     ; 0           ; 0          ; 0            ; 0       ; 0         ; 0    ; 0            ; 0          ; |top_qc_sim|hadamard_gate:u3_h_q1|lpm_mult:Mult5|multcore:mult_core|mpar_add:padder|lpm_add_sub:adder[0]|add_sub_fkg:auto_generated      ; add_sub_fkg          ; work         ;
;                |lpm_add_sub:adder[1]|          ; 15 (0)              ; 0 (0)                     ; 0           ; 0          ; 0            ; 0       ; 0         ; 0    ; 0            ; 0          ; |top_qc_sim|hadamard_gate:u3_h_q1|lpm_mult:Mult5|multcore:mult_core|mpar_add:padder|lpm_add_sub:adder[1]                                 ; lpm_add_sub          ; work         ;
;                   |add_sub_9vg:auto_generated| ; 15 (15)             ; 0 (0)                     ; 0           ; 0          ; 0            ; 0       ; 0         ; 0    ; 0            ; 0          ; |top_qc_sim|hadamard_gate:u3_h_q1|lpm_mult:Mult5|multcore:mult_core|mpar_add:padder|lpm_add_sub:adder[1]|add_sub_9vg:auto_generated      ; add_sub_9vg          ; work         ;
;       |lpm_mult:Mult6|                         ; 15 (0)              ; 0 (0)                     ; 0           ; 0          ; 0            ; 0       ; 0         ; 0    ; 0            ; 0          ; |top_qc_sim|hadamard_gate:u3_h_q1|lpm_mult:Mult6                                                                                         ; lpm_mult             ; work         ;
;          |multcore:mult_core|                  ; 15 (1)              ; 0 (0)                     ; 0           ; 0          ; 0            ; 0       ; 0         ; 0    ; 0            ; 0          ; |top_qc_sim|hadamard_gate:u3_h_q1|lpm_mult:Mult6|multcore:mult_core                                                                      ; multcore             ; work         ;
;             |mpar_add:padder|                  ; 14 (0)              ; 0 (0)                     ; 0           ; 0          ; 0            ; 0       ; 0         ; 0    ; 0            ; 0          ; |top_qc_sim|hadamard_gate:u3_h_q1|lpm_mult:Mult6|multcore:mult_core|mpar_add:padder                                                      ; mpar_add             ; work         ;
;                |lpm_add_sub:adder[0]|          ; 14 (0)              ; 0 (0)                     ; 0           ; 0          ; 0            ; 0       ; 0         ; 0    ; 0            ; 0          ; |top_qc_sim|hadamard_gate:u3_h_q1|lpm_mult:Mult6|multcore:mult_core|mpar_add:padder|lpm_add_sub:adder[0]                                 ; lpm_add_sub          ; work         ;
;                   |add_sub_fkg:auto_generated| ; 14 (14)             ; 0 (0)                     ; 0           ; 0          ; 0            ; 0       ; 0         ; 0    ; 0            ; 0          ; |top_qc_sim|hadamard_gate:u3_h_q1|lpm_mult:Mult6|multcore:mult_core|mpar_add:padder|lpm_add_sub:adder[0]|add_sub_fkg:auto_generated      ; add_sub_fkg          ; work         ;
;       |lpm_mult:Mult7|                         ; 66 (0)              ; 0 (0)                     ; 0           ; 0          ; 0            ; 0       ; 0         ; 0    ; 0            ; 0          ; |top_qc_sim|hadamard_gate:u3_h_q1|lpm_mult:Mult7                                                                                         ; lpm_mult             ; work         ;
;          |multcore:mult_core|                  ; 66 (34)             ; 0 (0)                     ; 0           ; 0          ; 0            ; 0       ; 0         ; 0    ; 0            ; 0          ; |top_qc_sim|hadamard_gate:u3_h_q1|lpm_mult:Mult7|multcore:mult_core                                                                      ; multcore             ; work         ;
;             |mpar_add:padder|                  ; 32 (0)              ; 0 (0)                     ; 0           ; 0          ; 0            ; 0       ; 0         ; 0    ; 0            ; 0          ; |top_qc_sim|hadamard_gate:u3_h_q1|lpm_mult:Mult7|multcore:mult_core|mpar_add:padder                                                      ; mpar_add             ; work         ;
;                |lpm_add_sub:adder[0]|          ; 17 (0)              ; 0 (0)                     ; 0           ; 0          ; 0            ; 0       ; 0         ; 0    ; 0            ; 0          ; |top_qc_sim|hadamard_gate:u3_h_q1|lpm_mult:Mult7|multcore:mult_core|mpar_add:padder|lpm_add_sub:adder[0]                                 ; lpm_add_sub          ; work         ;
;                   |add_sub_fkg:auto_generated| ; 17 (17)             ; 0 (0)                     ; 0           ; 0          ; 0            ; 0       ; 0         ; 0    ; 0            ; 0          ; |top_qc_sim|hadamard_gate:u3_h_q1|lpm_mult:Mult7|multcore:mult_core|mpar_add:padder|lpm_add_sub:adder[0]|add_sub_fkg:auto_generated      ; add_sub_fkg          ; work         ;
;                |lpm_add_sub:adder[1]|          ; 15 (0)              ; 0 (0)                     ; 0           ; 0          ; 0            ; 0       ; 0         ; 0    ; 0            ; 0          ; |top_qc_sim|hadamard_gate:u3_h_q1|lpm_mult:Mult7|multcore:mult_core|mpar_add:padder|lpm_add_sub:adder[1]                                 ; lpm_add_sub          ; work         ;
;                   |add_sub_9vg:auto_generated| ; 15 (15)             ; 0 (0)                     ; 0           ; 0          ; 0            ; 0       ; 0         ; 0    ; 0            ; 0          ; |top_qc_sim|hadamard_gate:u3_h_q1|lpm_mult:Mult7|multcore:mult_core|mpar_add:padder|lpm_add_sub:adder[1]|add_sub_9vg:auto_generated      ; add_sub_9vg          ; work         ;
;    |hadamard_gate:u5_h_q0|                     ; 848 (173)           ; 0 (0)                     ; 0           ; 0          ; 6            ; 0       ; 3         ; 0    ; 0            ; 0          ; |top_qc_sim|hadamard_gate:u5_h_q0                                                                                                        ; hadamard_gate        ; work         ;
;       |lpm_mult:Mult0|                         ; 0 (0)               ; 0 (0)                     ; 0           ; 0          ; 2            ; 0       ; 1         ; 0    ; 0            ; 0          ; |top_qc_sim|hadamard_gate:u5_h_q0|lpm_mult:Mult0                                                                                         ; lpm_mult             ; work         ;
;          |mult_dks:auto_generated|             ; 0 (0)               ; 0 (0)                     ; 0           ; 0          ; 2            ; 0       ; 1         ; 0    ; 0            ; 0          ; |top_qc_sim|hadamard_gate:u5_h_q0|lpm_mult:Mult0|mult_dks:auto_generated                                                                 ; mult_dks             ; work         ;
;       |lpm_mult:Mult10|                        ; 44 (0)              ; 0 (0)                     ; 0           ; 0          ; 0            ; 0       ; 0         ; 0    ; 0            ; 0          ; |top_qc_sim|hadamard_gate:u5_h_q0|lpm_mult:Mult10                                                                                        ; lpm_mult             ; work         ;
;          |multcore:mult_core|                  ; 44 (28)             ; 0 (0)                     ; 0           ; 0          ; 0            ; 0       ; 0         ; 0    ; 0            ; 0          ; |top_qc_sim|hadamard_gate:u5_h_q0|lpm_mult:Mult10|multcore:mult_core                                                                     ; multcore             ; work         ;
;             |mpar_add:padder|                  ; 16 (0)              ; 0 (0)                     ; 0           ; 0          ; 0            ; 0       ; 0         ; 0    ; 0            ; 0          ; |top_qc_sim|hadamard_gate:u5_h_q0|lpm_mult:Mult10|multcore:mult_core|mpar_add:padder                                                     ; mpar_add             ; work         ;
;                |lpm_add_sub:adder[0]|          ; 16 (0)              ; 0 (0)                     ; 0           ; 0          ; 0            ; 0       ; 0         ; 0    ; 0            ; 0          ; |top_qc_sim|hadamard_gate:u5_h_q0|lpm_mult:Mult10|multcore:mult_core|mpar_add:padder|lpm_add_sub:adder[0]                                ; lpm_add_sub          ; work         ;
;                   |add_sub_fkg:auto_generated| ; 16 (16)             ; 0 (0)                     ; 0           ; 0          ; 0            ; 0       ; 0         ; 0    ; 0            ; 0          ; |top_qc_sim|hadamard_gate:u5_h_q0|lpm_mult:Mult10|multcore:mult_core|mpar_add:padder|lpm_add_sub:adder[0]|add_sub_fkg:auto_generated     ; add_sub_fkg          ; work         ;
;       |lpm_mult:Mult11|                        ; 33 (0)              ; 0 (0)                     ; 0           ; 0          ; 0            ; 0       ; 0         ; 0    ; 0            ; 0          ; |top_qc_sim|hadamard_gate:u5_h_q0|lpm_mult:Mult11                                                                                        ; lpm_mult             ; work         ;
;          |multcore:mult_core|                  ; 33 (21)             ; 0 (0)                     ; 0           ; 0          ; 0            ; 0       ; 0         ; 0    ; 0            ; 0          ; |top_qc_sim|hadamard_gate:u5_h_q0|lpm_mult:Mult11|multcore:mult_core                                                                     ; multcore             ; work         ;
;             |mpar_add:padder|                  ; 12 (0)              ; 0 (0)                     ; 0           ; 0          ; 0            ; 0       ; 0         ; 0    ; 0            ; 0          ; |top_qc_sim|hadamard_gate:u5_h_q0|lpm_mult:Mult11|multcore:mult_core|mpar_add:padder                                                     ; mpar_add             ; work         ;
;                |lpm_add_sub:adder[0]|          ; 12 (0)              ; 0 (0)                     ; 0           ; 0          ; 0            ; 0       ; 0         ; 0    ; 0            ; 0          ; |top_qc_sim|hadamard_gate:u5_h_q0|lpm_mult:Mult11|multcore:mult_core|mpar_add:padder|lpm_add_sub:adder[0]                                ; lpm_add_sub          ; work         ;
;                   |add_sub_fkg:auto_generated| ; 12 (12)             ; 0 (0)                     ; 0           ; 0          ; 0            ; 0       ; 0         ; 0    ; 0            ; 0          ; |top_qc_sim|hadamard_gate:u5_h_q0|lpm_mult:Mult11|multcore:mult_core|mpar_add:padder|lpm_add_sub:adder[0]|add_sub_fkg:auto_generated     ; add_sub_fkg          ; work         ;
;       |lpm_mult:Mult12|                        ; 74 (0)              ; 0 (0)                     ; 0           ; 0          ; 0            ; 0       ; 0         ; 0    ; 0            ; 0          ; |top_qc_sim|hadamard_gate:u5_h_q0|lpm_mult:Mult12                                                                                        ; lpm_mult             ; work         ;
;          |multcore:mult_core|                  ; 74 (41)             ; 0 (0)                     ; 0           ; 0          ; 0            ; 0       ; 0         ; 0    ; 0            ; 0          ; |top_qc_sim|hadamard_gate:u5_h_q0|lpm_mult:Mult12|multcore:mult_core                                                                     ; multcore             ; work         ;
;             |mpar_add:padder|                  ; 33 (0)              ; 0 (0)                     ; 0           ; 0          ; 0            ; 0       ; 0         ; 0    ; 0            ; 0          ; |top_qc_sim|hadamard_gate:u5_h_q0|lpm_mult:Mult12|multcore:mult_core|mpar_add:padder                                                     ; mpar_add             ; work         ;
;                |lpm_add_sub:adder[0]|          ; 17 (0)              ; 0 (0)                     ; 0           ; 0          ; 0            ; 0       ; 0         ; 0    ; 0            ; 0          ; |top_qc_sim|hadamard_gate:u5_h_q0|lpm_mult:Mult12|multcore:mult_core|mpar_add:padder|lpm_add_sub:adder[0]                                ; lpm_add_sub          ; work         ;
;                   |add_sub_fkg:auto_generated| ; 17 (17)             ; 0 (0)                     ; 0           ; 0          ; 0            ; 0       ; 0         ; 0    ; 0            ; 0          ; |top_qc_sim|hadamard_gate:u5_h_q0|lpm_mult:Mult12|multcore:mult_core|mpar_add:padder|lpm_add_sub:adder[0]|add_sub_fkg:auto_generated     ; add_sub_fkg          ; work         ;
;                |lpm_add_sub:adder[1]|          ; 16 (0)              ; 0 (0)                     ; 0           ; 0          ; 0            ; 0       ; 0         ; 0    ; 0            ; 0          ; |top_qc_sim|hadamard_gate:u5_h_q0|lpm_mult:Mult12|multcore:mult_core|mpar_add:padder|lpm_add_sub:adder[1]                                ; lpm_add_sub          ; work         ;
;                   |add_sub_9vg:auto_generated| ; 16 (16)             ; 0 (0)                     ; 0           ; 0          ; 0            ; 0       ; 0         ; 0    ; 0            ; 0          ; |top_qc_sim|hadamard_gate:u5_h_q0|lpm_mult:Mult12|multcore:mult_core|mpar_add:padder|lpm_add_sub:adder[1]|add_sub_9vg:auto_generated     ; add_sub_9vg          ; work         ;
;       |lpm_mult:Mult13|                        ; 74 (0)              ; 0 (0)                     ; 0           ; 0          ; 0            ; 0       ; 0         ; 0    ; 0            ; 0          ; |top_qc_sim|hadamard_gate:u5_h_q0|lpm_mult:Mult13                                                                                        ; lpm_mult             ; work         ;
;          |multcore:mult_core|                  ; 74 (41)             ; 0 (0)                     ; 0           ; 0          ; 0            ; 0       ; 0         ; 0    ; 0            ; 0          ; |top_qc_sim|hadamard_gate:u5_h_q0|lpm_mult:Mult13|multcore:mult_core                                                                     ; multcore             ; work         ;
;             |mpar_add:padder|                  ; 33 (0)              ; 0 (0)                     ; 0           ; 0          ; 0            ; 0       ; 0         ; 0    ; 0            ; 0          ; |top_qc_sim|hadamard_gate:u5_h_q0|lpm_mult:Mult13|multcore:mult_core|mpar_add:padder                                                     ; mpar_add             ; work         ;
;                |lpm_add_sub:adder[0]|          ; 17 (0)              ; 0 (0)                     ; 0           ; 0          ; 0            ; 0       ; 0         ; 0    ; 0            ; 0          ; |top_qc_sim|hadamard_gate:u5_h_q0|lpm_mult:Mult13|multcore:mult_core|mpar_add:padder|lpm_add_sub:adder[0]                                ; lpm_add_sub          ; work         ;
;                   |add_sub_fkg:auto_generated| ; 17 (17)             ; 0 (0)                     ; 0           ; 0          ; 0            ; 0       ; 0         ; 0    ; 0            ; 0          ; |top_qc_sim|hadamard_gate:u5_h_q0|lpm_mult:Mult13|multcore:mult_core|mpar_add:padder|lpm_add_sub:adder[0]|add_sub_fkg:auto_generated     ; add_sub_fkg          ; work         ;
;                |lpm_add_sub:adder[1]|          ; 16 (0)              ; 0 (0)                     ; 0           ; 0          ; 0            ; 0       ; 0         ; 0    ; 0            ; 0          ; |top_qc_sim|hadamard_gate:u5_h_q0|lpm_mult:Mult13|multcore:mult_core|mpar_add:padder|lpm_add_sub:adder[1]                                ; lpm_add_sub          ; work         ;
;                   |add_sub_9vg:auto_generated| ; 16 (16)             ; 0 (0)                     ; 0           ; 0          ; 0            ; 0       ; 0         ; 0    ; 0            ; 0          ; |top_qc_sim|hadamard_gate:u5_h_q0|lpm_mult:Mult13|multcore:mult_core|mpar_add:padder|lpm_add_sub:adder[1]|add_sub_9vg:auto_generated     ; add_sub_9vg          ; work         ;
;       |lpm_mult:Mult14|                        ; 74 (0)              ; 0 (0)                     ; 0           ; 0          ; 0            ; 0       ; 0         ; 0    ; 0            ; 0          ; |top_qc_sim|hadamard_gate:u5_h_q0|lpm_mult:Mult14                                                                                        ; lpm_mult             ; work         ;
;          |multcore:mult_core|                  ; 74 (41)             ; 0 (0)                     ; 0           ; 0          ; 0            ; 0       ; 0         ; 0    ; 0            ; 0          ; |top_qc_sim|hadamard_gate:u5_h_q0|lpm_mult:Mult14|multcore:mult_core                                                                     ; multcore             ; work         ;
;             |mpar_add:padder|                  ; 33 (0)              ; 0 (0)                     ; 0           ; 0          ; 0            ; 0       ; 0         ; 0    ; 0            ; 0          ; |top_qc_sim|hadamard_gate:u5_h_q0|lpm_mult:Mult14|multcore:mult_core|mpar_add:padder                                                     ; mpar_add             ; work         ;
;                |lpm_add_sub:adder[0]|          ; 17 (0)              ; 0 (0)                     ; 0           ; 0          ; 0            ; 0       ; 0         ; 0    ; 0            ; 0          ; |top_qc_sim|hadamard_gate:u5_h_q0|lpm_mult:Mult14|multcore:mult_core|mpar_add:padder|lpm_add_sub:adder[0]                                ; lpm_add_sub          ; work         ;
;                   |add_sub_fkg:auto_generated| ; 17 (17)             ; 0 (0)                     ; 0           ; 0          ; 0            ; 0       ; 0         ; 0    ; 0            ; 0          ; |top_qc_sim|hadamard_gate:u5_h_q0|lpm_mult:Mult14|multcore:mult_core|mpar_add:padder|lpm_add_sub:adder[0]|add_sub_fkg:auto_generated     ; add_sub_fkg          ; work         ;
;                |lpm_add_sub:adder[1]|          ; 16 (0)              ; 0 (0)                     ; 0           ; 0          ; 0            ; 0       ; 0         ; 0    ; 0            ; 0          ; |top_qc_sim|hadamard_gate:u5_h_q0|lpm_mult:Mult14|multcore:mult_core|mpar_add:padder|lpm_add_sub:adder[1]                                ; lpm_add_sub          ; work         ;
;                   |add_sub_9vg:auto_generated| ; 16 (16)             ; 0 (0)                     ; 0           ; 0          ; 0            ; 0       ; 0         ; 0    ; 0            ; 0          ; |top_qc_sim|hadamard_gate:u5_h_q0|lpm_mult:Mult14|multcore:mult_core|mpar_add:padder|lpm_add_sub:adder[1]|add_sub_9vg:auto_generated     ; add_sub_9vg          ; work         ;
;       |lpm_mult:Mult1|                         ; 0 (0)               ; 0 (0)                     ; 0           ; 0          ; 2            ; 0       ; 1         ; 0    ; 0            ; 0          ; |top_qc_sim|hadamard_gate:u5_h_q0|lpm_mult:Mult1                                                                                         ; lpm_mult             ; work         ;
;          |mult_dks:auto_generated|             ; 0 (0)               ; 0 (0)                     ; 0           ; 0          ; 2            ; 0       ; 1         ; 0    ; 0            ; 0          ; |top_qc_sim|hadamard_gate:u5_h_q0|lpm_mult:Mult1|mult_dks:auto_generated                                                                 ; mult_dks             ; work         ;
;       |lpm_mult:Mult2|                         ; 64 (0)              ; 0 (0)                     ; 0           ; 0          ; 0            ; 0       ; 0         ; 0    ; 0            ; 0          ; |top_qc_sim|hadamard_gate:u5_h_q0|lpm_mult:Mult2                                                                                         ; lpm_mult             ; work         ;
;          |multcore:mult_core|                  ; 64 (33)             ; 0 (0)                     ; 0           ; 0          ; 0            ; 0       ; 0         ; 0    ; 0            ; 0          ; |top_qc_sim|hadamard_gate:u5_h_q0|lpm_mult:Mult2|multcore:mult_core                                                                      ; multcore             ; work         ;
;             |mpar_add:padder|                  ; 31 (0)              ; 0 (0)                     ; 0           ; 0          ; 0            ; 0       ; 0         ; 0    ; 0            ; 0          ; |top_qc_sim|hadamard_gate:u5_h_q0|lpm_mult:Mult2|multcore:mult_core|mpar_add:padder                                                      ; mpar_add             ; work         ;
;                |lpm_add_sub:adder[0]|          ; 16 (0)              ; 0 (0)                     ; 0           ; 0          ; 0            ; 0       ; 0         ; 0    ; 0            ; 0          ; |top_qc_sim|hadamard_gate:u5_h_q0|lpm_mult:Mult2|multcore:mult_core|mpar_add:padder|lpm_add_sub:adder[0]                                 ; lpm_add_sub          ; work         ;
;                   |add_sub_fkg:auto_generated| ; 16 (16)             ; 0 (0)                     ; 0           ; 0          ; 0            ; 0       ; 0         ; 0    ; 0            ; 0          ; |top_qc_sim|hadamard_gate:u5_h_q0|lpm_mult:Mult2|multcore:mult_core|mpar_add:padder|lpm_add_sub:adder[0]|add_sub_fkg:auto_generated      ; add_sub_fkg          ; work         ;
;                |lpm_add_sub:adder[1]|          ; 15 (0)              ; 0 (0)                     ; 0           ; 0          ; 0            ; 0       ; 0         ; 0    ; 0            ; 0          ; |top_qc_sim|hadamard_gate:u5_h_q0|lpm_mult:Mult2|multcore:mult_core|mpar_add:padder|lpm_add_sub:adder[1]                                 ; lpm_add_sub          ; work         ;
;                   |add_sub_9vg:auto_generated| ; 15 (15)             ; 0 (0)                     ; 0           ; 0          ; 0            ; 0       ; 0         ; 0    ; 0            ; 0          ; |top_qc_sim|hadamard_gate:u5_h_q0|lpm_mult:Mult2|multcore:mult_core|mpar_add:padder|lpm_add_sub:adder[1]|add_sub_9vg:auto_generated      ; add_sub_9vg          ; work         ;
;       |lpm_mult:Mult3|                         ; 64 (0)              ; 0 (0)                     ; 0           ; 0          ; 0            ; 0       ; 0         ; 0    ; 0            ; 0          ; |top_qc_sim|hadamard_gate:u5_h_q0|lpm_mult:Mult3                                                                                         ; lpm_mult             ; work         ;
;          |multcore:mult_core|                  ; 64 (33)             ; 0 (0)                     ; 0           ; 0          ; 0            ; 0       ; 0         ; 0    ; 0            ; 0          ; |top_qc_sim|hadamard_gate:u5_h_q0|lpm_mult:Mult3|multcore:mult_core                                                                      ; multcore             ; work         ;
;             |mpar_add:padder|                  ; 31 (0)              ; 0 (0)                     ; 0           ; 0          ; 0            ; 0       ; 0         ; 0    ; 0            ; 0          ; |top_qc_sim|hadamard_gate:u5_h_q0|lpm_mult:Mult3|multcore:mult_core|mpar_add:padder                                                      ; mpar_add             ; work         ;
;                |lpm_add_sub:adder[0]|          ; 16 (0)              ; 0 (0)                     ; 0           ; 0          ; 0            ; 0       ; 0         ; 0    ; 0            ; 0          ; |top_qc_sim|hadamard_gate:u5_h_q0|lpm_mult:Mult3|multcore:mult_core|mpar_add:padder|lpm_add_sub:adder[0]                                 ; lpm_add_sub          ; work         ;
;                   |add_sub_fkg:auto_generated| ; 16 (16)             ; 0 (0)                     ; 0           ; 0          ; 0            ; 0       ; 0         ; 0    ; 0            ; 0          ; |top_qc_sim|hadamard_gate:u5_h_q0|lpm_mult:Mult3|multcore:mult_core|mpar_add:padder|lpm_add_sub:adder[0]|add_sub_fkg:auto_generated      ; add_sub_fkg          ; work         ;
;                |lpm_add_sub:adder[1]|          ; 15 (0)              ; 0 (0)                     ; 0           ; 0          ; 0            ; 0       ; 0         ; 0    ; 0            ; 0          ; |top_qc_sim|hadamard_gate:u5_h_q0|lpm_mult:Mult3|multcore:mult_core|mpar_add:padder|lpm_add_sub:adder[1]                                 ; lpm_add_sub          ; work         ;
;                   |add_sub_9vg:auto_generated| ; 15 (15)             ; 0 (0)                     ; 0           ; 0          ; 0            ; 0       ; 0         ; 0    ; 0            ; 0          ; |top_qc_sim|hadamard_gate:u5_h_q0|lpm_mult:Mult3|multcore:mult_core|mpar_add:padder|lpm_add_sub:adder[1]|add_sub_9vg:auto_generated      ; add_sub_9vg          ; work         ;
;       |lpm_mult:Mult4|                         ; 74 (0)              ; 0 (0)                     ; 0           ; 0          ; 0            ; 0       ; 0         ; 0    ; 0            ; 0          ; |top_qc_sim|hadamard_gate:u5_h_q0|lpm_mult:Mult4                                                                                         ; lpm_mult             ; work         ;
;          |multcore:mult_core|                  ; 74 (41)             ; 0 (0)                     ; 0           ; 0          ; 0            ; 0       ; 0         ; 0    ; 0            ; 0          ; |top_qc_sim|hadamard_gate:u5_h_q0|lpm_mult:Mult4|multcore:mult_core                                                                      ; multcore             ; work         ;
;             |mpar_add:padder|                  ; 33 (0)              ; 0 (0)                     ; 0           ; 0          ; 0            ; 0       ; 0         ; 0    ; 0            ; 0          ; |top_qc_sim|hadamard_gate:u5_h_q0|lpm_mult:Mult4|multcore:mult_core|mpar_add:padder                                                      ; mpar_add             ; work         ;
;                |lpm_add_sub:adder[0]|          ; 17 (0)              ; 0 (0)                     ; 0           ; 0          ; 0            ; 0       ; 0         ; 0    ; 0            ; 0          ; |top_qc_sim|hadamard_gate:u5_h_q0|lpm_mult:Mult4|multcore:mult_core|mpar_add:padder|lpm_add_sub:adder[0]                                 ; lpm_add_sub          ; work         ;
;                   |add_sub_fkg:auto_generated| ; 17 (17)             ; 0 (0)                     ; 0           ; 0          ; 0            ; 0       ; 0         ; 0    ; 0            ; 0          ; |top_qc_sim|hadamard_gate:u5_h_q0|lpm_mult:Mult4|multcore:mult_core|mpar_add:padder|lpm_add_sub:adder[0]|add_sub_fkg:auto_generated      ; add_sub_fkg          ; work         ;
;                |lpm_add_sub:adder[1]|          ; 16 (0)              ; 0 (0)                     ; 0           ; 0          ; 0            ; 0       ; 0         ; 0    ; 0            ; 0          ; |top_qc_sim|hadamard_gate:u5_h_q0|lpm_mult:Mult4|multcore:mult_core|mpar_add:padder|lpm_add_sub:adder[1]                                 ; lpm_add_sub          ; work         ;
;                   |add_sub_9vg:auto_generated| ; 16 (16)             ; 0 (0)                     ; 0           ; 0          ; 0            ; 0       ; 0         ; 0    ; 0            ; 0          ; |top_qc_sim|hadamard_gate:u5_h_q0|lpm_mult:Mult4|multcore:mult_core|mpar_add:padder|lpm_add_sub:adder[1]|add_sub_9vg:auto_generated      ; add_sub_9vg          ; work         ;
;       |lpm_mult:Mult5|                         ; 74 (0)              ; 0 (0)                     ; 0           ; 0          ; 0            ; 0       ; 0         ; 0    ; 0            ; 0          ; |top_qc_sim|hadamard_gate:u5_h_q0|lpm_mult:Mult5                                                                                         ; lpm_mult             ; work         ;
;          |multcore:mult_core|                  ; 74 (41)             ; 0 (0)                     ; 0           ; 0          ; 0            ; 0       ; 0         ; 0    ; 0            ; 0          ; |top_qc_sim|hadamard_gate:u5_h_q0|lpm_mult:Mult5|multcore:mult_core                                                                      ; multcore             ; work         ;
;             |mpar_add:padder|                  ; 33 (0)              ; 0 (0)                     ; 0           ; 0          ; 0            ; 0       ; 0         ; 0    ; 0            ; 0          ; |top_qc_sim|hadamard_gate:u5_h_q0|lpm_mult:Mult5|multcore:mult_core|mpar_add:padder                                                      ; mpar_add             ; work         ;
;                |lpm_add_sub:adder[0]|          ; 17 (0)              ; 0 (0)                     ; 0           ; 0          ; 0            ; 0       ; 0         ; 0    ; 0            ; 0          ; |top_qc_sim|hadamard_gate:u5_h_q0|lpm_mult:Mult5|multcore:mult_core|mpar_add:padder|lpm_add_sub:adder[0]                                 ; lpm_add_sub          ; work         ;
;                   |add_sub_fkg:auto_generated| ; 17 (17)             ; 0 (0)                     ; 0           ; 0          ; 0            ; 0       ; 0         ; 0    ; 0            ; 0          ; |top_qc_sim|hadamard_gate:u5_h_q0|lpm_mult:Mult5|multcore:mult_core|mpar_add:padder|lpm_add_sub:adder[0]|add_sub_fkg:auto_generated      ; add_sub_fkg          ; work         ;
;                |lpm_add_sub:adder[1]|          ; 16 (0)              ; 0 (0)                     ; 0           ; 0          ; 0            ; 0       ; 0         ; 0    ; 0            ; 0          ; |top_qc_sim|hadamard_gate:u5_h_q0|lpm_mult:Mult5|multcore:mult_core|mpar_add:padder|lpm_add_sub:adder[1]                                 ; lpm_add_sub          ; work         ;
;                   |add_sub_9vg:auto_generated| ; 16 (16)             ; 0 (0)                     ; 0           ; 0          ; 0            ; 0       ; 0         ; 0    ; 0            ; 0          ; |top_qc_sim|hadamard_gate:u5_h_q0|lpm_mult:Mult5|multcore:mult_core|mpar_add:padder|lpm_add_sub:adder[1]|add_sub_9vg:auto_generated      ; add_sub_9vg          ; work         ;
;       |lpm_mult:Mult6|                         ; 0 (0)               ; 0 (0)                     ; 0           ; 0          ; 2            ; 0       ; 1         ; 0    ; 0            ; 0          ; |top_qc_sim|hadamard_gate:u5_h_q0|lpm_mult:Mult6                                                                                         ; lpm_mult             ; work         ;
;          |mult_dks:auto_generated|             ; 0 (0)               ; 0 (0)                     ; 0           ; 0          ; 2            ; 0       ; 1         ; 0    ; 0            ; 0          ; |top_qc_sim|hadamard_gate:u5_h_q0|lpm_mult:Mult6|mult_dks:auto_generated                                                                 ; mult_dks             ; work         ;
;       |lpm_mult:Mult8|                         ; 49 (0)              ; 0 (0)                     ; 0           ; 0          ; 0            ; 0       ; 0         ; 0    ; 0            ; 0          ; |top_qc_sim|hadamard_gate:u5_h_q0|lpm_mult:Mult8                                                                                         ; lpm_mult             ; work         ;
;          |multcore:mult_core|                  ; 49 (24)             ; 0 (0)                     ; 0           ; 0          ; 0            ; 0       ; 0         ; 0    ; 0            ; 0          ; |top_qc_sim|hadamard_gate:u5_h_q0|lpm_mult:Mult8|multcore:mult_core                                                                      ; multcore             ; work         ;
;             |mpar_add:padder|                  ; 25 (0)              ; 0 (0)                     ; 0           ; 0          ; 0            ; 0       ; 0         ; 0    ; 0            ; 0          ; |top_qc_sim|hadamard_gate:u5_h_q0|lpm_mult:Mult8|multcore:mult_core|mpar_add:padder                                                      ; mpar_add             ; work         ;
;                |lpm_add_sub:adder[0]|          ; 11 (0)              ; 0 (0)                     ; 0           ; 0          ; 0            ; 0       ; 0         ; 0    ; 0            ; 0          ; |top_qc_sim|hadamard_gate:u5_h_q0|lpm_mult:Mult8|multcore:mult_core|mpar_add:padder|lpm_add_sub:adder[0]                                 ; lpm_add_sub          ; work         ;
;                   |add_sub_fkg:auto_generated| ; 11 (11)             ; 0 (0)                     ; 0           ; 0          ; 0            ; 0       ; 0         ; 0    ; 0            ; 0          ; |top_qc_sim|hadamard_gate:u5_h_q0|lpm_mult:Mult8|multcore:mult_core|mpar_add:padder|lpm_add_sub:adder[0]|add_sub_fkg:auto_generated      ; add_sub_fkg          ; work         ;
;                |lpm_add_sub:adder[1]|          ; 14 (0)              ; 0 (0)                     ; 0           ; 0          ; 0            ; 0       ; 0         ; 0    ; 0            ; 0          ; |top_qc_sim|hadamard_gate:u5_h_q0|lpm_mult:Mult8|multcore:mult_core|mpar_add:padder|lpm_add_sub:adder[1]                                 ; lpm_add_sub          ; work         ;
;                   |add_sub_9vg:auto_generated| ; 14 (14)             ; 0 (0)                     ; 0           ; 0          ; 0            ; 0       ; 0         ; 0    ; 0            ; 0          ; |top_qc_sim|hadamard_gate:u5_h_q0|lpm_mult:Mult8|multcore:mult_core|mpar_add:padder|lpm_add_sub:adder[1]|add_sub_9vg:auto_generated      ; add_sub_9vg          ; work         ;
;       |lpm_mult:Mult9|                         ; 51 (0)              ; 0 (0)                     ; 0           ; 0          ; 0            ; 0       ; 0         ; 0    ; 0            ; 0          ; |top_qc_sim|hadamard_gate:u5_h_q0|lpm_mult:Mult9                                                                                         ; lpm_mult             ; work         ;
;          |multcore:mult_core|                  ; 51 (24)             ; 0 (0)                     ; 0           ; 0          ; 0            ; 0       ; 0         ; 0    ; 0            ; 0          ; |top_qc_sim|hadamard_gate:u5_h_q0|lpm_mult:Mult9|multcore:mult_core                                                                      ; multcore             ; work         ;
;             |mpar_add:padder|                  ; 27 (0)              ; 0 (0)                     ; 0           ; 0          ; 0            ; 0       ; 0         ; 0    ; 0            ; 0          ; |top_qc_sim|hadamard_gate:u5_h_q0|lpm_mult:Mult9|multcore:mult_core|mpar_add:padder                                                      ; mpar_add             ; work         ;
;                |lpm_add_sub:adder[0]|          ; 13 (0)              ; 0 (0)                     ; 0           ; 0          ; 0            ; 0       ; 0         ; 0    ; 0            ; 0          ; |top_qc_sim|hadamard_gate:u5_h_q0|lpm_mult:Mult9|multcore:mult_core|mpar_add:padder|lpm_add_sub:adder[0]                                 ; lpm_add_sub          ; work         ;
;                   |add_sub_fkg:auto_generated| ; 13 (13)             ; 0 (0)                     ; 0           ; 0          ; 0            ; 0       ; 0         ; 0    ; 0            ; 0          ; |top_qc_sim|hadamard_gate:u5_h_q0|lpm_mult:Mult9|multcore:mult_core|mpar_add:padder|lpm_add_sub:adder[0]|add_sub_fkg:auto_generated      ; add_sub_fkg          ; work         ;
;                |lpm_add_sub:adder[1]|          ; 14 (0)              ; 0 (0)                     ; 0           ; 0          ; 0            ; 0       ; 0         ; 0    ; 0            ; 0          ; |top_qc_sim|hadamard_gate:u5_h_q0|lpm_mult:Mult9|multcore:mult_core|mpar_add:padder|lpm_add_sub:adder[1]                                 ; lpm_add_sub          ; work         ;
;                   |add_sub_9vg:auto_generated| ; 14 (14)             ; 0 (0)                     ; 0           ; 0          ; 0            ; 0       ; 0         ; 0    ; 0            ; 0          ; |top_qc_sim|hadamard_gate:u5_h_q0|lpm_mult:Mult9|multcore:mult_core|mpar_add:padder|lpm_add_sub:adder[1]|add_sub_9vg:auto_generated      ; add_sub_9vg          ; work         ;
;    |lfsr:rng_gen|                              ; 8 (8)               ; 16 (16)                   ; 0           ; 0          ; 0            ; 0       ; 0         ; 0    ; 0            ; 0          ; |top_qc_sim|lfsr:rng_gen                                                                                                                 ; lfsr                 ; work         ;
;    |measure:measure_sv|                        ; 110 (110)           ; 3 (3)                     ; 0           ; 0          ; 0            ; 0       ; 0         ; 0    ; 0            ; 0          ; |top_qc_sim|measure:measure_sv                                                                                                           ; measure              ; work         ;
;    |probability:prob_sv|                       ; 196 (196)           ; 112 (112)                 ; 0           ; 0          ; 28           ; 0       ; 14        ; 0    ; 0            ; 0          ; |top_qc_sim|probability:prob_sv                                                                                                          ; probability          ; work         ;
;       |lpm_mult:Mult0|                         ; 0 (0)               ; 0 (0)                     ; 0           ; 0          ; 2            ; 0       ; 1         ; 0    ; 0            ; 0          ; |top_qc_sim|probability:prob_sv|lpm_mult:Mult0                                                                                           ; lpm_mult             ; work         ;
;          |mult_pgs:auto_generated|             ; 0 (0)               ; 0 (0)                     ; 0           ; 0          ; 2            ; 0       ; 1         ; 0    ; 0            ; 0          ; |top_qc_sim|probability:prob_sv|lpm_mult:Mult0|mult_pgs:auto_generated                                                                   ; mult_pgs             ; work         ;
;       |lpm_mult:Mult10|                        ; 0 (0)               ; 0 (0)                     ; 0           ; 0          ; 2            ; 0       ; 1         ; 0    ; 0            ; 0          ; |top_qc_sim|probability:prob_sv|lpm_mult:Mult10                                                                                          ; lpm_mult             ; work         ;
;          |mult_pgs:auto_generated|             ; 0 (0)               ; 0 (0)                     ; 0           ; 0          ; 2            ; 0       ; 1         ; 0    ; 0            ; 0          ; |top_qc_sim|probability:prob_sv|lpm_mult:Mult10|mult_pgs:auto_generated                                                                  ; mult_pgs             ; work         ;
;       |lpm_mult:Mult11|                        ; 0 (0)               ; 0 (0)                     ; 0           ; 0          ; 2            ; 0       ; 1         ; 0    ; 0            ; 0          ; |top_qc_sim|probability:prob_sv|lpm_mult:Mult11                                                                                          ; lpm_mult             ; work         ;
;          |mult_pgs:auto_generated|             ; 0 (0)               ; 0 (0)                     ; 0           ; 0          ; 2            ; 0       ; 1         ; 0    ; 0            ; 0          ; |top_qc_sim|probability:prob_sv|lpm_mult:Mult11|mult_pgs:auto_generated                                                                  ; mult_pgs             ; work         ;
;       |lpm_mult:Mult12|                        ; 0 (0)               ; 0 (0)                     ; 0           ; 0          ; 2            ; 0       ; 1         ; 0    ; 0            ; 0          ; |top_qc_sim|probability:prob_sv|lpm_mult:Mult12                                                                                          ; lpm_mult             ; work         ;
;          |mult_lgs:auto_generated|             ; 0 (0)               ; 0 (0)                     ; 0           ; 0          ; 2            ; 0       ; 1         ; 0    ; 0            ; 0          ; |top_qc_sim|probability:prob_sv|lpm_mult:Mult12|mult_lgs:auto_generated                                                                  ; mult_lgs             ; work         ;
;       |lpm_mult:Mult13|                        ; 0 (0)               ; 0 (0)                     ; 0           ; 0          ; 2            ; 0       ; 1         ; 0    ; 0            ; 0          ; |top_qc_sim|probability:prob_sv|lpm_mult:Mult13                                                                                          ; lpm_mult             ; work         ;
;          |mult_ngs:auto_generated|             ; 0 (0)               ; 0 (0)                     ; 0           ; 0          ; 2            ; 0       ; 1         ; 0    ; 0            ; 0          ; |top_qc_sim|probability:prob_sv|lpm_mult:Mult13|mult_ngs:auto_generated                                                                  ; mult_ngs             ; work         ;
;       |lpm_mult:Mult1|                         ; 0 (0)               ; 0 (0)                     ; 0           ; 0          ; 2            ; 0       ; 1         ; 0    ; 0            ; 0          ; |top_qc_sim|probability:prob_sv|lpm_mult:Mult1                                                                                           ; lpm_mult             ; work         ;
;          |mult_rgs:auto_generated|             ; 0 (0)               ; 0 (0)                     ; 0           ; 0          ; 2            ; 0       ; 1         ; 0    ; 0            ; 0          ; |top_qc_sim|probability:prob_sv|lpm_mult:Mult1|mult_rgs:auto_generated                                                                   ; mult_rgs             ; work         ;
;       |lpm_mult:Mult2|                         ; 0 (0)               ; 0 (0)                     ; 0           ; 0          ; 2            ; 0       ; 1         ; 0    ; 0            ; 0          ; |top_qc_sim|probability:prob_sv|lpm_mult:Mult2                                                                                           ; lpm_mult             ; work         ;
;          |mult_pgs:auto_generated|             ; 0 (0)               ; 0 (0)                     ; 0           ; 0          ; 2            ; 0       ; 1         ; 0    ; 0            ; 0          ; |top_qc_sim|probability:prob_sv|lpm_mult:Mult2|mult_pgs:auto_generated                                                                   ; mult_pgs             ; work         ;
;       |lpm_mult:Mult3|                         ; 0 (0)               ; 0 (0)                     ; 0           ; 0          ; 2            ; 0       ; 1         ; 0    ; 0            ; 0          ; |top_qc_sim|probability:prob_sv|lpm_mult:Mult3                                                                                           ; lpm_mult             ; work         ;
;          |mult_pgs:auto_generated|             ; 0 (0)               ; 0 (0)                     ; 0           ; 0          ; 2            ; 0       ; 1         ; 0    ; 0            ; 0          ; |top_qc_sim|probability:prob_sv|lpm_mult:Mult3|mult_pgs:auto_generated                                                                   ; mult_pgs             ; work         ;
;       |lpm_mult:Mult4|                         ; 0 (0)               ; 0 (0)                     ; 0           ; 0          ; 2            ; 0       ; 1         ; 0    ; 0            ; 0          ; |top_qc_sim|probability:prob_sv|lpm_mult:Mult4                                                                                           ; lpm_mult             ; work         ;
;          |mult_lgs:auto_generated|             ; 0 (0)               ; 0 (0)                     ; 0           ; 0          ; 2            ; 0       ; 1         ; 0    ; 0            ; 0          ; |top_qc_sim|probability:prob_sv|lpm_mult:Mult4|mult_lgs:auto_generated                                                                   ; mult_lgs             ; work         ;
;       |lpm_mult:Mult5|                         ; 0 (0)               ; 0 (0)                     ; 0           ; 0          ; 2            ; 0       ; 1         ; 0    ; 0            ; 0          ; |top_qc_sim|probability:prob_sv|lpm_mult:Mult5                                                                                           ; lpm_mult             ; work         ;
;          |mult_ngs:auto_generated|             ; 0 (0)               ; 0 (0)                     ; 0           ; 0          ; 2            ; 0       ; 1         ; 0    ; 0            ; 0          ; |top_qc_sim|probability:prob_sv|lpm_mult:Mult5|mult_ngs:auto_generated                                                                   ; mult_ngs             ; work         ;
;       |lpm_mult:Mult6|                         ; 0 (0)               ; 0 (0)                     ; 0           ; 0          ; 2            ; 0       ; 1         ; 0    ; 0            ; 0          ; |top_qc_sim|probability:prob_sv|lpm_mult:Mult6                                                                                           ; lpm_mult             ; work         ;
;          |mult_pgs:auto_generated|             ; 0 (0)               ; 0 (0)                     ; 0           ; 0          ; 2            ; 0       ; 1         ; 0    ; 0            ; 0          ; |top_qc_sim|probability:prob_sv|lpm_mult:Mult6|mult_pgs:auto_generated                                                                   ; mult_pgs             ; work         ;
;       |lpm_mult:Mult7|                         ; 0 (0)               ; 0 (0)                     ; 0           ; 0          ; 2            ; 0       ; 1         ; 0    ; 0            ; 0          ; |top_qc_sim|probability:prob_sv|lpm_mult:Mult7                                                                                           ; lpm_mult             ; work         ;
;          |mult_pgs:auto_generated|             ; 0 (0)               ; 0 (0)                     ; 0           ; 0          ; 2            ; 0       ; 1         ; 0    ; 0            ; 0          ; |top_qc_sim|probability:prob_sv|lpm_mult:Mult7|mult_pgs:auto_generated                                                                   ; mult_pgs             ; work         ;
;       |lpm_mult:Mult8|                         ; 0 (0)               ; 0 (0)                     ; 0           ; 0          ; 2            ; 0       ; 1         ; 0    ; 0            ; 0          ; |top_qc_sim|probability:prob_sv|lpm_mult:Mult8                                                                                           ; lpm_mult             ; work         ;
;          |mult_pgs:auto_generated|             ; 0 (0)               ; 0 (0)                     ; 0           ; 0          ; 2            ; 0       ; 1         ; 0    ; 0            ; 0          ; |top_qc_sim|probability:prob_sv|lpm_mult:Mult8|mult_pgs:auto_generated                                                                   ; mult_pgs             ; work         ;
;       |lpm_mult:Mult9|                         ; 0 (0)               ; 0 (0)                     ; 0           ; 0          ; 2            ; 0       ; 1         ; 0    ; 0            ; 0          ; |top_qc_sim|probability:prob_sv|lpm_mult:Mult9                                                                                           ; lpm_mult             ; work         ;
;          |mult_rgs:auto_generated|             ; 0 (0)               ; 0 (0)                     ; 0           ; 0          ; 2            ; 0       ; 1         ; 0    ; 0            ; 0          ; |top_qc_sim|probability:prob_sv|lpm_mult:Mult9|mult_rgs:auto_generated                                                                   ; mult_rgs             ; work         ;
;    |probability_weights:prob_weights_sv|       ; 96 (96)             ; 112 (112)                 ; 0           ; 0          ; 0            ; 0       ; 0         ; 0    ; 0            ; 0          ; |top_qc_sim|probability_weights:prob_weights_sv                                                                                          ; probability_weights  ; work         ;
;    |quantum_state_vector:u0_state_vector|      ; 0 (0)               ; 1 (1)                     ; 0           ; 0          ; 0            ; 0       ; 0         ; 0    ; 0            ; 0          ; |top_qc_sim|quantum_state_vector:u0_state_vector                                                                                         ; quantum_state_vector ; work         ;
;    |quantum_state_vector:u1_state_vector|      ; 0 (0)               ; 2 (2)                     ; 0           ; 0          ; 0            ; 0       ; 0         ; 0    ; 0            ; 0          ; |top_qc_sim|quantum_state_vector:u1_state_vector                                                                                         ; quantum_state_vector ; work         ;
;    |quantum_state_vector:u2_state_vector|      ; 35 (35)             ; 28 (28)                   ; 0           ; 0          ; 0            ; 0       ; 0         ; 0    ; 0            ; 0          ; |top_qc_sim|quantum_state_vector:u2_state_vector                                                                                         ; quantum_state_vector ; work         ;
;    |quantum_state_vector:u3_state_vector|      ; 120 (120)           ; 85 (85)                   ; 0           ; 0          ; 0            ; 0       ; 0         ; 0    ; 0            ; 0          ; |top_qc_sim|quantum_state_vector:u3_state_vector                                                                                         ; quantum_state_vector ; work         ;
;    |quantum_state_vector:u4_state_vector|      ; 24 (24)             ; 95 (95)                   ; 0           ; 0          ; 0            ; 0       ; 0         ; 0    ; 0            ; 0          ; |top_qc_sim|quantum_state_vector:u4_state_vector                                                                                         ; quantum_state_vector ; work         ;
;    |quantum_state_vector:u5_state_vector|      ; 228 (228)           ; 211 (211)                 ; 0           ; 0          ; 0            ; 0       ; 0         ; 0    ; 0            ; 0          ; |top_qc_sim|quantum_state_vector:u5_state_vector                                                                                         ; quantum_state_vector ; work         ;
;    |quantum_state_vector:u6_state_vector|      ; 0 (0)               ; 211 (211)                 ; 0           ; 0          ; 0            ; 0       ; 0         ; 0    ; 0            ; 0          ; |top_qc_sim|quantum_state_vector:u6_state_vector                                                                                         ; quantum_state_vector ; work         ;
;    |rot_gate_pi_4:u2_rpi4_q0q2|                ; 28 (3)              ; 0 (0)                     ; 0           ; 0          ; 0            ; 0       ; 0         ; 0    ; 0            ; 0          ; |top_qc_sim|rot_gate_pi_4:u2_rpi4_q0q2                                                                                                   ; rot_gate_pi_4        ; work         ;
;       |lpm_mult:Mult2|                         ; 12 (0)              ; 0 (0)                     ; 0           ; 0          ; 0            ; 0       ; 0         ; 0    ; 0            ; 0          ; |top_qc_sim|rot_gate_pi_4:u2_rpi4_q0q2|lpm_mult:Mult2                                                                                    ; lpm_mult             ; work         ;
;          |multcore:mult_core|                  ; 12 (1)              ; 0 (0)                     ; 0           ; 0          ; 0            ; 0       ; 0         ; 0    ; 0            ; 0          ; |top_qc_sim|rot_gate_pi_4:u2_rpi4_q0q2|lpm_mult:Mult2|multcore:mult_core                                                                 ; multcore             ; work         ;
;             |mpar_add:padder|                  ; 11 (0)              ; 0 (0)                     ; 0           ; 0          ; 0            ; 0       ; 0         ; 0    ; 0            ; 0          ; |top_qc_sim|rot_gate_pi_4:u2_rpi4_q0q2|lpm_mult:Mult2|multcore:mult_core|mpar_add:padder                                                 ; mpar_add             ; work         ;
;                |lpm_add_sub:adder[0]|          ; 11 (0)              ; 0 (0)                     ; 0           ; 0          ; 0            ; 0       ; 0         ; 0    ; 0            ; 0          ; |top_qc_sim|rot_gate_pi_4:u2_rpi4_q0q2|lpm_mult:Mult2|multcore:mult_core|mpar_add:padder|lpm_add_sub:adder[0]                            ; lpm_add_sub          ; work         ;
;                   |add_sub_fkg:auto_generated| ; 11 (11)             ; 0 (0)                     ; 0           ; 0          ; 0            ; 0       ; 0         ; 0    ; 0            ; 0          ; |top_qc_sim|rot_gate_pi_4:u2_rpi4_q0q2|lpm_mult:Mult2|multcore:mult_core|mpar_add:padder|lpm_add_sub:adder[0]|add_sub_fkg:auto_generated ; add_sub_fkg          ; work         ;
;       |lpm_mult:Mult3|                         ; 13 (0)              ; 0 (0)                     ; 0           ; 0          ; 0            ; 0       ; 0         ; 0    ; 0            ; 0          ; |top_qc_sim|rot_gate_pi_4:u2_rpi4_q0q2|lpm_mult:Mult3                                                                                    ; lpm_mult             ; work         ;
;          |multcore:mult_core|                  ; 13 (1)              ; 0 (0)                     ; 0           ; 0          ; 0            ; 0       ; 0         ; 0    ; 0            ; 0          ; |top_qc_sim|rot_gate_pi_4:u2_rpi4_q0q2|lpm_mult:Mult3|multcore:mult_core                                                                 ; multcore             ; work         ;
;             |mpar_add:padder|                  ; 12 (0)              ; 0 (0)                     ; 0           ; 0          ; 0            ; 0       ; 0         ; 0    ; 0            ; 0          ; |top_qc_sim|rot_gate_pi_4:u2_rpi4_q0q2|lpm_mult:Mult3|multcore:mult_core|mpar_add:padder                                                 ; mpar_add             ; work         ;
;                |lpm_add_sub:adder[0]|          ; 12 (0)              ; 0 (0)                     ; 0           ; 0          ; 0            ; 0       ; 0         ; 0    ; 0            ; 0          ; |top_qc_sim|rot_gate_pi_4:u2_rpi4_q0q2|lpm_mult:Mult3|multcore:mult_core|mpar_add:padder|lpm_add_sub:adder[0]                            ; lpm_add_sub          ; work         ;
;                   |add_sub_fkg:auto_generated| ; 12 (12)             ; 0 (0)                     ; 0           ; 0          ; 0            ; 0       ; 0         ; 0    ; 0            ; 0          ; |top_qc_sim|rot_gate_pi_4:u2_rpi4_q0q2|lpm_mult:Mult3|multcore:mult_core|mpar_add:padder|lpm_add_sub:adder[0]|add_sub_fkg:auto_generated ; add_sub_fkg          ; work         ;
;    |sev_seg_display:hex0|                      ; 7 (7)               ; 0 (0)                     ; 0           ; 0          ; 0            ; 0       ; 0         ; 0    ; 0            ; 0          ; |top_qc_sim|sev_seg_display:hex0                                                                                                         ; sev_seg_display      ; work         ;
;    |sync:clk_btn_sync|                         ; 0 (0)               ; 2 (2)                     ; 0           ; 0          ; 0            ; 0       ; 0         ; 0    ; 0            ; 0          ; |top_qc_sim|sync:clk_btn_sync                                                                                                            ; sync                 ; work         ;
;    |sync:rst_sync|                             ; 0 (0)               ; 2 (2)                     ; 0           ; 0          ; 0            ; 0       ; 0         ; 0    ; 0            ; 0          ; |top_qc_sim|sync:rst_sync                                                                                                                ; sync                 ; work         ;
+------------------------------------------------+---------------------+---------------------------+-------------+------------+--------------+---------+-----------+------+--------------+------------+------------------------------------------------------------------------------------------------------------------------------------------+----------------------+--------------+
Note: For table entries with two numbers listed, the numbers in parentheses indicate the number of resources of the given type used by the specific entity alone. The numbers listed outside of parentheses indicate the total resources of the given type used by the specific entity and all of its sub-entities in the hierarchy.


+-----------------------------------------------------+
; Analysis & Synthesis DSP Block Usage Summary        ;
+---------------------------------------+-------------+
; Statistic                             ; Number Used ;
+---------------------------------------+-------------+
; Simple Multipliers (9-bit)            ; 0           ;
; Simple Multipliers (18-bit)           ; 17          ;
; Embedded Multiplier Blocks            ; --          ;
; Embedded Multiplier 9-bit elements    ; 34          ;
; Signed Embedded Multipliers           ; 17          ;
; Unsigned Embedded Multipliers         ; 0           ;
; Mixed Sign Embedded Multipliers       ; 0           ;
; Variable Sign Embedded Multipliers    ; 0           ;
; Dedicated Input Shift Register Chains ; 0           ;
+---------------------------------------+-------------+
Note: number of Embedded Multiplier Blocks used is only available after a successful fit.


+-------------------------------------------------------------------------------------------------------------------------------------------------------------------+
; Registers Removed During Synthesis                                                                                                                                ;
+-------------------------------------------------------------------------------------+-----------------------------------------------------------------------------+
; Register name                                                                       ; Reason for Removal                                                          ;
+-------------------------------------------------------------------------------------+-----------------------------------------------------------------------------+
; quantum_state_vector:u4_state_vector|qsv_flip_flops[4].im_q[0]                      ; Merged with quantum_state_vector:u4_state_vector|qsv_flip_flops[1].im_q[0]  ;
; quantum_state_vector:u4_state_vector|qsv_flip_flops[4].im_q[1]                      ; Merged with quantum_state_vector:u4_state_vector|qsv_flip_flops[1].im_q[1]  ;
; quantum_state_vector:u4_state_vector|qsv_flip_flops[4].im_q[2]                      ; Merged with quantum_state_vector:u4_state_vector|qsv_flip_flops[1].im_q[2]  ;
; quantum_state_vector:u4_state_vector|qsv_flip_flops[4].im_q[3]                      ; Merged with quantum_state_vector:u4_state_vector|qsv_flip_flops[1].im_q[3]  ;
; quantum_state_vector:u4_state_vector|qsv_flip_flops[4].im_q[4]                      ; Merged with quantum_state_vector:u4_state_vector|qsv_flip_flops[1].im_q[4]  ;
; quantum_state_vector:u4_state_vector|qsv_flip_flops[4].im_q[5]                      ; Merged with quantum_state_vector:u4_state_vector|qsv_flip_flops[1].im_q[5]  ;
; quantum_state_vector:u4_state_vector|qsv_flip_flops[4].im_q[6]                      ; Merged with quantum_state_vector:u4_state_vector|qsv_flip_flops[1].im_q[6]  ;
; quantum_state_vector:u4_state_vector|qsv_flip_flops[4].im_q[7]                      ; Merged with quantum_state_vector:u4_state_vector|qsv_flip_flops[1].im_q[7]  ;
; quantum_state_vector:u4_state_vector|qsv_flip_flops[4].im_q[8]                      ; Merged with quantum_state_vector:u4_state_vector|qsv_flip_flops[1].im_q[8]  ;
; quantum_state_vector:u4_state_vector|qsv_flip_flops[4].im_q[9]                      ; Merged with quantum_state_vector:u4_state_vector|qsv_flip_flops[1].im_q[9]  ;
; quantum_state_vector:u4_state_vector|qsv_flip_flops[4].im_q[10]                     ; Merged with quantum_state_vector:u4_state_vector|qsv_flip_flops[1].im_q[10] ;
; quantum_state_vector:u4_state_vector|qsv_flip_flops[4].im_q[11]                     ; Merged with quantum_state_vector:u4_state_vector|qsv_flip_flops[1].im_q[11] ;
; quantum_state_vector:u4_state_vector|qsv_flip_flops[4].im_q[12]                     ; Merged with quantum_state_vector:u4_state_vector|qsv_flip_flops[1].im_q[12] ;
; quantum_state_vector:u4_state_vector|qsv_flip_flops[4].im_q[13]                     ; Merged with quantum_state_vector:u4_state_vector|qsv_flip_flops[1].im_q[13] ;
; quantum_state_vector:u4_state_vector|qsv_flip_flops[4].im_q[14]                     ; Merged with quantum_state_vector:u4_state_vector|qsv_flip_flops[1].im_q[14] ;
; quantum_state_vector:u4_state_vector|qsv_flip_flops[4].im_q[15]                     ; Merged with quantum_state_vector:u4_state_vector|qsv_flip_flops[1].im_q[15] ;
; quantum_state_vector:u3_state_vector|qsv_flip_flops[4].im_q[0]                      ; Merged with quantum_state_vector:u3_state_vector|qsv_flip_flops[1].im_q[0]  ;
; quantum_state_vector:u3_state_vector|qsv_flip_flops[4].im_q[1]                      ; Merged with quantum_state_vector:u3_state_vector|qsv_flip_flops[1].im_q[1]  ;
; quantum_state_vector:u3_state_vector|qsv_flip_flops[4].im_q[2]                      ; Merged with quantum_state_vector:u3_state_vector|qsv_flip_flops[1].im_q[2]  ;
; quantum_state_vector:u3_state_vector|qsv_flip_flops[4].im_q[3]                      ; Merged with quantum_state_vector:u3_state_vector|qsv_flip_flops[1].im_q[3]  ;
; quantum_state_vector:u3_state_vector|qsv_flip_flops[4].im_q[4]                      ; Merged with quantum_state_vector:u3_state_vector|qsv_flip_flops[1].im_q[4]  ;
; quantum_state_vector:u3_state_vector|qsv_flip_flops[4].im_q[5]                      ; Merged with quantum_state_vector:u3_state_vector|qsv_flip_flops[1].im_q[5]  ;
; quantum_state_vector:u3_state_vector|qsv_flip_flops[4].im_q[6]                      ; Merged with quantum_state_vector:u3_state_vector|qsv_flip_flops[1].im_q[6]  ;
; quantum_state_vector:u3_state_vector|qsv_flip_flops[4].im_q[7]                      ; Merged with quantum_state_vector:u3_state_vector|qsv_flip_flops[1].im_q[7]  ;
; quantum_state_vector:u3_state_vector|qsv_flip_flops[4].im_q[8]                      ; Merged with quantum_state_vector:u3_state_vector|qsv_flip_flops[1].im_q[8]  ;
; quantum_state_vector:u3_state_vector|qsv_flip_flops[4].im_q[9]                      ; Merged with quantum_state_vector:u3_state_vector|qsv_flip_flops[1].im_q[9]  ;
; quantum_state_vector:u3_state_vector|qsv_flip_flops[4].im_q[10]                     ; Merged with quantum_state_vector:u3_state_vector|qsv_flip_flops[1].im_q[10] ;
; quantum_state_vector:u3_state_vector|qsv_flip_flops[4].im_q[11]                     ; Merged with quantum_state_vector:u3_state_vector|qsv_flip_flops[1].im_q[11] ;
; quantum_state_vector:u3_state_vector|qsv_flip_flops[4].im_q[12]                     ; Merged with quantum_state_vector:u3_state_vector|qsv_flip_flops[1].im_q[12] ;
; quantum_state_vector:u3_state_vector|qsv_flip_flops[4].im_q[13]                     ; Merged with quantum_state_vector:u3_state_vector|qsv_flip_flops[1].im_q[13] ;
; quantum_state_vector:u3_state_vector|qsv_flip_flops[4].im_q[14]                     ; Merged with quantum_state_vector:u3_state_vector|qsv_flip_flops[1].im_q[14] ;
; quantum_state_vector:u3_state_vector|qsv_flip_flops[4].im_q[15]                     ; Merged with quantum_state_vector:u3_state_vector|qsv_flip_flops[1].im_q[15] ;
; quantum_state_vector:u2_state_vector|qsv_flip_flops[6].im_q[0]                      ; Merged with quantum_state_vector:u2_state_vector|qsv_flip_flops[1].im_q[0]  ;
; quantum_state_vector:u2_state_vector|qsv_flip_flops[4].im_q[0]                      ; Merged with quantum_state_vector:u2_state_vector|qsv_flip_flops[3].im_q[0]  ;
; quantum_state_vector:u2_state_vector|qsv_flip_flops[6].im_q[1]                      ; Merged with quantum_state_vector:u2_state_vector|qsv_flip_flops[1].im_q[1]  ;
; quantum_state_vector:u2_state_vector|qsv_flip_flops[4].im_q[1]                      ; Merged with quantum_state_vector:u2_state_vector|qsv_flip_flops[3].im_q[1]  ;
; quantum_state_vector:u2_state_vector|qsv_flip_flops[6].im_q[2]                      ; Merged with quantum_state_vector:u2_state_vector|qsv_flip_flops[1].im_q[2]  ;
; quantum_state_vector:u2_state_vector|qsv_flip_flops[4].im_q[2]                      ; Merged with quantum_state_vector:u2_state_vector|qsv_flip_flops[3].im_q[2]  ;
; quantum_state_vector:u2_state_vector|qsv_flip_flops[6].im_q[3]                      ; Merged with quantum_state_vector:u2_state_vector|qsv_flip_flops[1].im_q[3]  ;
; quantum_state_vector:u2_state_vector|qsv_flip_flops[4].im_q[3]                      ; Merged with quantum_state_vector:u2_state_vector|qsv_flip_flops[3].im_q[3]  ;
; quantum_state_vector:u2_state_vector|qsv_flip_flops[6].im_q[4]                      ; Merged with quantum_state_vector:u2_state_vector|qsv_flip_flops[1].im_q[4]  ;
; quantum_state_vector:u2_state_vector|qsv_flip_flops[4].im_q[4]                      ; Merged with quantum_state_vector:u2_state_vector|qsv_flip_flops[3].im_q[4]  ;
; quantum_state_vector:u2_state_vector|qsv_flip_flops[6].im_q[5]                      ; Merged with quantum_state_vector:u2_state_vector|qsv_flip_flops[1].im_q[5]  ;
; quantum_state_vector:u2_state_vector|qsv_flip_flops[4].im_q[5]                      ; Merged with quantum_state_vector:u2_state_vector|qsv_flip_flops[3].im_q[5]  ;
; quantum_state_vector:u2_state_vector|qsv_flip_flops[6].im_q[6]                      ; Merged with quantum_state_vector:u2_state_vector|qsv_flip_flops[1].im_q[6]  ;
; quantum_state_vector:u2_state_vector|qsv_flip_flops[4].im_q[6]                      ; Merged with quantum_state_vector:u2_state_vector|qsv_flip_flops[3].im_q[6]  ;
; quantum_state_vector:u2_state_vector|qsv_flip_flops[6].im_q[7]                      ; Merged with quantum_state_vector:u2_state_vector|qsv_flip_flops[1].im_q[7]  ;
; quantum_state_vector:u2_state_vector|qsv_flip_flops[4].im_q[7]                      ; Merged with quantum_state_vector:u2_state_vector|qsv_flip_flops[3].im_q[7]  ;
; quantum_state_vector:u2_state_vector|qsv_flip_flops[6].im_q[8]                      ; Merged with quantum_state_vector:u2_state_vector|qsv_flip_flops[1].im_q[8]  ;
; quantum_state_vector:u2_state_vector|qsv_flip_flops[4].im_q[8]                      ; Merged with quantum_state_vector:u2_state_vector|qsv_flip_flops[3].im_q[8]  ;
; quantum_state_vector:u2_state_vector|qsv_flip_flops[6].im_q[9]                      ; Merged with quantum_state_vector:u2_state_vector|qsv_flip_flops[1].im_q[9]  ;
; quantum_state_vector:u2_state_vector|qsv_flip_flops[4].im_q[9]                      ; Merged with quantum_state_vector:u2_state_vector|qsv_flip_flops[3].im_q[9]  ;
; quantum_state_vector:u2_state_vector|qsv_flip_flops[6].im_q[10]                     ; Merged with quantum_state_vector:u2_state_vector|qsv_flip_flops[1].im_q[10] ;
; quantum_state_vector:u2_state_vector|qsv_flip_flops[4].im_q[10]                     ; Merged with quantum_state_vector:u2_state_vector|qsv_flip_flops[3].im_q[10] ;
; quantum_state_vector:u2_state_vector|qsv_flip_flops[6].im_q[11]                     ; Merged with quantum_state_vector:u2_state_vector|qsv_flip_flops[1].im_q[11] ;
; quantum_state_vector:u2_state_vector|qsv_flip_flops[4].im_q[11]                     ; Merged with quantum_state_vector:u2_state_vector|qsv_flip_flops[3].im_q[11] ;
; quantum_state_vector:u2_state_vector|qsv_flip_flops[6].im_q[12]                     ; Merged with quantum_state_vector:u2_state_vector|qsv_flip_flops[1].im_q[12] ;
; quantum_state_vector:u2_state_vector|qsv_flip_flops[4].im_q[12]                     ; Merged with quantum_state_vector:u2_state_vector|qsv_flip_flops[3].im_q[12] ;
; quantum_state_vector:u2_state_vector|qsv_flip_flops[6].im_q[13]                     ; Merged with quantum_state_vector:u2_state_vector|qsv_flip_flops[1].im_q[13] ;
; quantum_state_vector:u2_state_vector|qsv_flip_flops[4].im_q[13]                     ; Merged with quantum_state_vector:u2_state_vector|qsv_flip_flops[3].im_q[13] ;
; quantum_state_vector:u2_state_vector|qsv_flip_flops[6].im_q[14]                     ; Merged with quantum_state_vector:u2_state_vector|qsv_flip_flops[1].im_q[14] ;
; quantum_state_vector:u2_state_vector|qsv_flip_flops[4].im_q[14]                     ; Merged with quantum_state_vector:u2_state_vector|qsv_flip_flops[3].im_q[14] ;
; quantum_state_vector:u2_state_vector|qsv_flip_flops[6].im_q[15]                     ; Merged with quantum_state_vector:u2_state_vector|qsv_flip_flops[1].im_q[15] ;
; quantum_state_vector:u2_state_vector|qsv_flip_flops[4].im_q[15]                     ; Merged with quantum_state_vector:u2_state_vector|qsv_flip_flops[3].im_q[15] ;
; quantum_state_vector:u1_state_vector|qsv_flip_flops[5].im_q[0]                      ; Merged with quantum_state_vector:u1_state_vector|qsv_flip_flops[1].im_q[0]  ;
; quantum_state_vector:u1_state_vector|qsv_flip_flops[6].im_q[0]                      ; Merged with quantum_state_vector:u1_state_vector|qsv_flip_flops[1].im_q[0]  ;
; quantum_state_vector:u1_state_vector|qsv_flip_flops[5].im_q[1]                      ; Merged with quantum_state_vector:u1_state_vector|qsv_flip_flops[1].im_q[1]  ;
; quantum_state_vector:u1_state_vector|qsv_flip_flops[6].im_q[1]                      ; Merged with quantum_state_vector:u1_state_vector|qsv_flip_flops[1].im_q[1]  ;
; quantum_state_vector:u1_state_vector|qsv_flip_flops[5].im_q[2]                      ; Merged with quantum_state_vector:u1_state_vector|qsv_flip_flops[1].im_q[2]  ;
; quantum_state_vector:u1_state_vector|qsv_flip_flops[6].im_q[2]                      ; Merged with quantum_state_vector:u1_state_vector|qsv_flip_flops[1].im_q[2]  ;
; quantum_state_vector:u1_state_vector|qsv_flip_flops[5].im_q[3]                      ; Merged with quantum_state_vector:u1_state_vector|qsv_flip_flops[1].im_q[3]  ;
; quantum_state_vector:u1_state_vector|qsv_flip_flops[6].im_q[3]                      ; Merged with quantum_state_vector:u1_state_vector|qsv_flip_flops[1].im_q[3]  ;
; quantum_state_vector:u1_state_vector|qsv_flip_flops[5].im_q[4]                      ; Merged with quantum_state_vector:u1_state_vector|qsv_flip_flops[1].im_q[4]  ;
; quantum_state_vector:u1_state_vector|qsv_flip_flops[6].im_q[4]                      ; Merged with quantum_state_vector:u1_state_vector|qsv_flip_flops[1].im_q[4]  ;
; quantum_state_vector:u1_state_vector|qsv_flip_flops[5].im_q[5]                      ; Merged with quantum_state_vector:u1_state_vector|qsv_flip_flops[1].im_q[5]  ;
; quantum_state_vector:u1_state_vector|qsv_flip_flops[6].im_q[5]                      ; Merged with quantum_state_vector:u1_state_vector|qsv_flip_flops[1].im_q[5]  ;
; quantum_state_vector:u1_state_vector|qsv_flip_flops[5].im_q[6]                      ; Merged with quantum_state_vector:u1_state_vector|qsv_flip_flops[1].im_q[6]  ;
; quantum_state_vector:u1_state_vector|qsv_flip_flops[6].im_q[6]                      ; Merged with quantum_state_vector:u1_state_vector|qsv_flip_flops[1].im_q[6]  ;
; quantum_state_vector:u1_state_vector|qsv_flip_flops[5].im_q[7]                      ; Merged with quantum_state_vector:u1_state_vector|qsv_flip_flops[1].im_q[7]  ;
; quantum_state_vector:u1_state_vector|qsv_flip_flops[6].im_q[7]                      ; Merged with quantum_state_vector:u1_state_vector|qsv_flip_flops[1].im_q[7]  ;
; quantum_state_vector:u1_state_vector|qsv_flip_flops[5].im_q[8]                      ; Merged with quantum_state_vector:u1_state_vector|qsv_flip_flops[1].im_q[8]  ;
; quantum_state_vector:u1_state_vector|qsv_flip_flops[6].im_q[8]                      ; Merged with quantum_state_vector:u1_state_vector|qsv_flip_flops[1].im_q[8]  ;
; quantum_state_vector:u1_state_vector|qsv_flip_flops[5].im_q[9]                      ; Merged with quantum_state_vector:u1_state_vector|qsv_flip_flops[1].im_q[9]  ;
; quantum_state_vector:u1_state_vector|qsv_flip_flops[6].im_q[9]                      ; Merged with quantum_state_vector:u1_state_vector|qsv_flip_flops[1].im_q[9]  ;
; quantum_state_vector:u1_state_vector|qsv_flip_flops[5].im_q[10]                     ; Merged with quantum_state_vector:u1_state_vector|qsv_flip_flops[1].im_q[10] ;
; quantum_state_vector:u1_state_vector|qsv_flip_flops[6].im_q[10]                     ; Merged with quantum_state_vector:u1_state_vector|qsv_flip_flops[1].im_q[10] ;
; quantum_state_vector:u1_state_vector|qsv_flip_flops[5].im_q[11]                     ; Merged with quantum_state_vector:u1_state_vector|qsv_flip_flops[1].im_q[11] ;
; quantum_state_vector:u1_state_vector|qsv_flip_flops[6].im_q[11]                     ; Merged with quantum_state_vector:u1_state_vector|qsv_flip_flops[1].im_q[11] ;
; quantum_state_vector:u1_state_vector|qsv_flip_flops[5].im_q[12]                     ; Merged with quantum_state_vector:u1_state_vector|qsv_flip_flops[1].im_q[12] ;
; quantum_state_vector:u1_state_vector|qsv_flip_flops[6].im_q[12]                     ; Merged with quantum_state_vector:u1_state_vector|qsv_flip_flops[1].im_q[12] ;
; quantum_state_vector:u1_state_vector|qsv_flip_flops[5].im_q[13]                     ; Merged with quantum_state_vector:u1_state_vector|qsv_flip_flops[1].im_q[13] ;
; quantum_state_vector:u1_state_vector|qsv_flip_flops[6].im_q[13]                     ; Merged with quantum_state_vector:u1_state_vector|qsv_flip_flops[1].im_q[13] ;
; quantum_state_vector:u1_state_vector|qsv_flip_flops[5].im_q[14]                     ; Merged with quantum_state_vector:u1_state_vector|qsv_flip_flops[1].im_q[14] ;
; quantum_state_vector:u1_state_vector|qsv_flip_flops[6].im_q[14]                     ; Merged with quantum_state_vector:u1_state_vector|qsv_flip_flops[1].im_q[14] ;
; quantum_state_vector:u1_state_vector|qsv_flip_flops[5].im_q[15]                     ; Merged with quantum_state_vector:u1_state_vector|qsv_flip_flops[1].im_q[15] ;
; quantum_state_vector:u1_state_vector|qsv_flip_flops[6].im_q[15]                     ; Merged with quantum_state_vector:u1_state_vector|qsv_flip_flops[1].im_q[15] ;
; quantum_state_vector:u1_state_vector|qsv_flip_flops[4].im_q[0]                      ; Merged with quantum_state_vector:u1_state_vector|qsv_flip_flops[3].im_q[0]  ;
; quantum_state_vector:u1_state_vector|qsv_flip_flops[4].im_q[1]                      ; Merged with quantum_state_vector:u1_state_vector|qsv_flip_flops[3].im_q[1]  ;
; quantum_state_vector:u1_state_vector|qsv_flip_flops[4].im_q[2]                      ; Merged with quantum_state_vector:u1_state_vector|qsv_flip_flops[3].im_q[2]  ;
; quantum_state_vector:u1_state_vector|qsv_flip_flops[4].im_q[3]                      ; Merged with quantum_state_vector:u1_state_vector|qsv_flip_flops[3].im_q[3]  ;
; quantum_state_vector:u1_state_vector|qsv_flip_flops[4].im_q[4]                      ; Merged with quantum_state_vector:u1_state_vector|qsv_flip_flops[3].im_q[4]  ;
; quantum_state_vector:u1_state_vector|qsv_flip_flops[4].im_q[5]                      ; Merged with quantum_state_vector:u1_state_vector|qsv_flip_flops[3].im_q[5]  ;
; quantum_state_vector:u1_state_vector|qsv_flip_flops[4].im_q[6]                      ; Merged with quantum_state_vector:u1_state_vector|qsv_flip_flops[3].im_q[6]  ;
; quantum_state_vector:u1_state_vector|qsv_flip_flops[4].im_q[7]                      ; Merged with quantum_state_vector:u1_state_vector|qsv_flip_flops[3].im_q[7]  ;
; quantum_state_vector:u1_state_vector|qsv_flip_flops[4].im_q[8]                      ; Merged with quantum_state_vector:u1_state_vector|qsv_flip_flops[3].im_q[8]  ;
; quantum_state_vector:u1_state_vector|qsv_flip_flops[4].im_q[9]                      ; Merged with quantum_state_vector:u1_state_vector|qsv_flip_flops[3].im_q[9]  ;
; quantum_state_vector:u1_state_vector|qsv_flip_flops[4].im_q[10]                     ; Merged with quantum_state_vector:u1_state_vector|qsv_flip_flops[3].im_q[10] ;
; quantum_state_vector:u1_state_vector|qsv_flip_flops[4].im_q[11]                     ; Merged with quantum_state_vector:u1_state_vector|qsv_flip_flops[3].im_q[11] ;
; quantum_state_vector:u1_state_vector|qsv_flip_flops[4].im_q[12]                     ; Merged with quantum_state_vector:u1_state_vector|qsv_flip_flops[3].im_q[12] ;
; quantum_state_vector:u1_state_vector|qsv_flip_flops[4].im_q[13]                     ; Merged with quantum_state_vector:u1_state_vector|qsv_flip_flops[3].im_q[13] ;
; quantum_state_vector:u1_state_vector|qsv_flip_flops[4].im_q[14]                     ; Merged with quantum_state_vector:u1_state_vector|qsv_flip_flops[3].im_q[14] ;
; quantum_state_vector:u1_state_vector|qsv_flip_flops[4].im_q[15]                     ; Merged with quantum_state_vector:u1_state_vector|qsv_flip_flops[3].im_q[15] ;
; quantum_state_vector:u0_state_vector|qsv_flip_flops[5].im_q[0]                      ; Merged with quantum_state_vector:u0_state_vector|qsv_flip_flops[1].im_q[0]  ;
; quantum_state_vector:u0_state_vector|qsv_flip_flops[6].re_q[0]                      ; Merged with quantum_state_vector:u0_state_vector|qsv_flip_flops[1].im_q[0]  ;
; quantum_state_vector:u0_state_vector|qsv_flip_flops[6].im_q[0]                      ; Merged with quantum_state_vector:u0_state_vector|qsv_flip_flops[5].re_q[0]  ;
; quantum_state_vector:u0_state_vector|qsv_flip_flops[5].im_q[1]                      ; Merged with quantum_state_vector:u0_state_vector|qsv_flip_flops[1].im_q[1]  ;
; quantum_state_vector:u0_state_vector|qsv_flip_flops[6].re_q[1]                      ; Merged with quantum_state_vector:u0_state_vector|qsv_flip_flops[1].im_q[1]  ;
; quantum_state_vector:u0_state_vector|qsv_flip_flops[6].im_q[1]                      ; Merged with quantum_state_vector:u0_state_vector|qsv_flip_flops[5].re_q[1]  ;
; quantum_state_vector:u0_state_vector|qsv_flip_flops[5].im_q[2]                      ; Merged with quantum_state_vector:u0_state_vector|qsv_flip_flops[1].im_q[2]  ;
; quantum_state_vector:u0_state_vector|qsv_flip_flops[6].re_q[2]                      ; Merged with quantum_state_vector:u0_state_vector|qsv_flip_flops[1].im_q[2]  ;
; quantum_state_vector:u0_state_vector|qsv_flip_flops[6].im_q[2]                      ; Merged with quantum_state_vector:u0_state_vector|qsv_flip_flops[5].re_q[2]  ;
; quantum_state_vector:u0_state_vector|qsv_flip_flops[5].im_q[3]                      ; Merged with quantum_state_vector:u0_state_vector|qsv_flip_flops[1].im_q[3]  ;
; quantum_state_vector:u0_state_vector|qsv_flip_flops[6].re_q[3]                      ; Merged with quantum_state_vector:u0_state_vector|qsv_flip_flops[1].im_q[3]  ;
; quantum_state_vector:u0_state_vector|qsv_flip_flops[6].im_q[3]                      ; Merged with quantum_state_vector:u0_state_vector|qsv_flip_flops[5].re_q[3]  ;
; quantum_state_vector:u0_state_vector|qsv_flip_flops[5].im_q[4]                      ; Merged with quantum_state_vector:u0_state_vector|qsv_flip_flops[1].im_q[4]  ;
; quantum_state_vector:u0_state_vector|qsv_flip_flops[6].re_q[4]                      ; Merged with quantum_state_vector:u0_state_vector|qsv_flip_flops[1].im_q[4]  ;
; quantum_state_vector:u0_state_vector|qsv_flip_flops[6].im_q[4]                      ; Merged with quantum_state_vector:u0_state_vector|qsv_flip_flops[5].re_q[4]  ;
; quantum_state_vector:u0_state_vector|qsv_flip_flops[5].im_q[5]                      ; Merged with quantum_state_vector:u0_state_vector|qsv_flip_flops[1].im_q[5]  ;
; quantum_state_vector:u0_state_vector|qsv_flip_flops[6].re_q[5]                      ; Merged with quantum_state_vector:u0_state_vector|qsv_flip_flops[1].im_q[5]  ;
; quantum_state_vector:u0_state_vector|qsv_flip_flops[6].im_q[5]                      ; Merged with quantum_state_vector:u0_state_vector|qsv_flip_flops[5].re_q[5]  ;
; quantum_state_vector:u0_state_vector|qsv_flip_flops[5].im_q[6]                      ; Merged with quantum_state_vector:u0_state_vector|qsv_flip_flops[1].im_q[6]  ;
; quantum_state_vector:u0_state_vector|qsv_flip_flops[6].re_q[6]                      ; Merged with quantum_state_vector:u0_state_vector|qsv_flip_flops[1].im_q[6]  ;
; quantum_state_vector:u0_state_vector|qsv_flip_flops[6].im_q[6]                      ; Merged with quantum_state_vector:u0_state_vector|qsv_flip_flops[5].re_q[6]  ;
; quantum_state_vector:u0_state_vector|qsv_flip_flops[5].im_q[7]                      ; Merged with quantum_state_vector:u0_state_vector|qsv_flip_flops[1].im_q[7]  ;
; quantum_state_vector:u0_state_vector|qsv_flip_flops[6].re_q[7]                      ; Merged with quantum_state_vector:u0_state_vector|qsv_flip_flops[1].im_q[7]  ;
; quantum_state_vector:u0_state_vector|qsv_flip_flops[6].im_q[7]                      ; Merged with quantum_state_vector:u0_state_vector|qsv_flip_flops[5].re_q[7]  ;
; quantum_state_vector:u0_state_vector|qsv_flip_flops[5].im_q[8]                      ; Merged with quantum_state_vector:u0_state_vector|qsv_flip_flops[1].im_q[8]  ;
; quantum_state_vector:u0_state_vector|qsv_flip_flops[6].re_q[8]                      ; Merged with quantum_state_vector:u0_state_vector|qsv_flip_flops[1].im_q[8]  ;
; quantum_state_vector:u0_state_vector|qsv_flip_flops[6].im_q[8]                      ; Merged with quantum_state_vector:u0_state_vector|qsv_flip_flops[5].re_q[8]  ;
; quantum_state_vector:u0_state_vector|qsv_flip_flops[5].im_q[9]                      ; Merged with quantum_state_vector:u0_state_vector|qsv_flip_flops[1].im_q[9]  ;
; quantum_state_vector:u0_state_vector|qsv_flip_flops[6].re_q[9]                      ; Merged with quantum_state_vector:u0_state_vector|qsv_flip_flops[1].im_q[9]  ;
; quantum_state_vector:u0_state_vector|qsv_flip_flops[6].im_q[9]                      ; Merged with quantum_state_vector:u0_state_vector|qsv_flip_flops[5].re_q[9]  ;
; quantum_state_vector:u0_state_vector|qsv_flip_flops[5].im_q[10]                     ; Merged with quantum_state_vector:u0_state_vector|qsv_flip_flops[1].im_q[10] ;
; quantum_state_vector:u0_state_vector|qsv_flip_flops[6].re_q[10]                     ; Merged with quantum_state_vector:u0_state_vector|qsv_flip_flops[1].im_q[10] ;
; quantum_state_vector:u0_state_vector|qsv_flip_flops[6].im_q[10]                     ; Merged with quantum_state_vector:u0_state_vector|qsv_flip_flops[5].re_q[10] ;
; quantum_state_vector:u0_state_vector|qsv_flip_flops[5].im_q[11]                     ; Merged with quantum_state_vector:u0_state_vector|qsv_flip_flops[1].im_q[11] ;
; quantum_state_vector:u0_state_vector|qsv_flip_flops[6].re_q[11]                     ; Merged with quantum_state_vector:u0_state_vector|qsv_flip_flops[1].im_q[11] ;
; quantum_state_vector:u0_state_vector|qsv_flip_flops[6].im_q[11]                     ; Merged with quantum_state_vector:u0_state_vector|qsv_flip_flops[5].re_q[11] ;
; quantum_state_vector:u0_state_vector|qsv_flip_flops[5].im_q[12]                     ; Merged with quantum_state_vector:u0_state_vector|qsv_flip_flops[1].im_q[12] ;
; quantum_state_vector:u0_state_vector|qsv_flip_flops[6].re_q[12]                     ; Merged with quantum_state_vector:u0_state_vector|qsv_flip_flops[1].im_q[12] ;
; quantum_state_vector:u0_state_vector|qsv_flip_flops[6].im_q[12]                     ; Merged with quantum_state_vector:u0_state_vector|qsv_flip_flops[5].re_q[12] ;
; quantum_state_vector:u0_state_vector|qsv_flip_flops[5].im_q[13]                     ; Merged with quantum_state_vector:u0_state_vector|qsv_flip_flops[1].im_q[13] ;
; quantum_state_vector:u0_state_vector|qsv_flip_flops[6].re_q[13]                     ; Merged with quantum_state_vector:u0_state_vector|qsv_flip_flops[1].im_q[13] ;
; quantum_state_vector:u0_state_vector|qsv_flip_flops[6].im_q[13]                     ; Merged with quantum_state_vector:u0_state_vector|qsv_flip_flops[5].re_q[13] ;
; quantum_state_vector:u0_state_vector|qsv_flip_flops[5].im_q[14]                     ; Merged with quantum_state_vector:u0_state_vector|qsv_flip_flops[1].im_q[14] ;
; quantum_state_vector:u0_state_vector|qsv_flip_flops[6].re_q[14]                     ; Merged with quantum_state_vector:u0_state_vector|qsv_flip_flops[1].im_q[14] ;
; quantum_state_vector:u0_state_vector|qsv_flip_flops[6].im_q[14]                     ; Merged with quantum_state_vector:u0_state_vector|qsv_flip_flops[5].re_q[14] ;
; quantum_state_vector:u0_state_vector|qsv_flip_flops[5].im_q[15]                     ; Merged with quantum_state_vector:u0_state_vector|qsv_flip_flops[1].im_q[15] ;
; quantum_state_vector:u0_state_vector|qsv_flip_flops[6].re_q[15]                     ; Merged with quantum_state_vector:u0_state_vector|qsv_flip_flops[1].im_q[15] ;
; quantum_state_vector:u0_state_vector|qsv_flip_flops[6].im_q[15]                     ; Merged with quantum_state_vector:u0_state_vector|qsv_flip_flops[5].re_q[15] ;
; quantum_state_vector:u0_state_vector|qsv_flip_flops[4].im_q[0]                      ; Merged with quantum_state_vector:u0_state_vector|qsv_flip_flops[3].im_q[0]  ;
; quantum_state_vector:u0_state_vector|qsv_flip_flops[7].im_q[0]                      ; Merged with quantum_state_vector:u0_state_vector|qsv_flip_flops[3].im_q[0]  ;
; quantum_state_vector:u0_state_vector|qsv_flip_flops[4].im_q[1]                      ; Merged with quantum_state_vector:u0_state_vector|qsv_flip_flops[3].im_q[1]  ;
; quantum_state_vector:u0_state_vector|qsv_flip_flops[7].im_q[1]                      ; Merged with quantum_state_vector:u0_state_vector|qsv_flip_flops[3].im_q[1]  ;
; quantum_state_vector:u0_state_vector|qsv_flip_flops[4].im_q[2]                      ; Merged with quantum_state_vector:u0_state_vector|qsv_flip_flops[3].im_q[2]  ;
; quantum_state_vector:u0_state_vector|qsv_flip_flops[7].im_q[2]                      ; Merged with quantum_state_vector:u0_state_vector|qsv_flip_flops[3].im_q[2]  ;
; quantum_state_vector:u0_state_vector|qsv_flip_flops[4].im_q[3]                      ; Merged with quantum_state_vector:u0_state_vector|qsv_flip_flops[3].im_q[3]  ;
; quantum_state_vector:u0_state_vector|qsv_flip_flops[7].im_q[3]                      ; Merged with quantum_state_vector:u0_state_vector|qsv_flip_flops[3].im_q[3]  ;
; quantum_state_vector:u0_state_vector|qsv_flip_flops[4].im_q[4]                      ; Merged with quantum_state_vector:u0_state_vector|qsv_flip_flops[3].im_q[4]  ;
; quantum_state_vector:u0_state_vector|qsv_flip_flops[7].im_q[4]                      ; Merged with quantum_state_vector:u0_state_vector|qsv_flip_flops[3].im_q[4]  ;
; quantum_state_vector:u0_state_vector|qsv_flip_flops[4].im_q[5]                      ; Merged with quantum_state_vector:u0_state_vector|qsv_flip_flops[3].im_q[5]  ;
; quantum_state_vector:u0_state_vector|qsv_flip_flops[7].im_q[5]                      ; Merged with quantum_state_vector:u0_state_vector|qsv_flip_flops[3].im_q[5]  ;
; quantum_state_vector:u0_state_vector|qsv_flip_flops[4].im_q[6]                      ; Merged with quantum_state_vector:u0_state_vector|qsv_flip_flops[3].im_q[6]  ;
; quantum_state_vector:u0_state_vector|qsv_flip_flops[7].im_q[6]                      ; Merged with quantum_state_vector:u0_state_vector|qsv_flip_flops[3].im_q[6]  ;
; quantum_state_vector:u0_state_vector|qsv_flip_flops[4].im_q[7]                      ; Merged with quantum_state_vector:u0_state_vector|qsv_flip_flops[3].im_q[7]  ;
; quantum_state_vector:u0_state_vector|qsv_flip_flops[7].im_q[7]                      ; Merged with quantum_state_vector:u0_state_vector|qsv_flip_flops[3].im_q[7]  ;
; quantum_state_vector:u0_state_vector|qsv_flip_flops[4].im_q[8]                      ; Merged with quantum_state_vector:u0_state_vector|qsv_flip_flops[3].im_q[8]  ;
; quantum_state_vector:u0_state_vector|qsv_flip_flops[7].im_q[8]                      ; Merged with quantum_state_vector:u0_state_vector|qsv_flip_flops[3].im_q[8]  ;
; quantum_state_vector:u0_state_vector|qsv_flip_flops[4].im_q[9]                      ; Merged with quantum_state_vector:u0_state_vector|qsv_flip_flops[3].im_q[9]  ;
; quantum_state_vector:u0_state_vector|qsv_flip_flops[7].im_q[9]                      ; Merged with quantum_state_vector:u0_state_vector|qsv_flip_flops[3].im_q[9]  ;
; quantum_state_vector:u0_state_vector|qsv_flip_flops[4].im_q[10]                     ; Merged with quantum_state_vector:u0_state_vector|qsv_flip_flops[3].im_q[10] ;
; quantum_state_vector:u0_state_vector|qsv_flip_flops[7].im_q[10]                     ; Merged with quantum_state_vector:u0_state_vector|qsv_flip_flops[3].im_q[10] ;
; quantum_state_vector:u0_state_vector|qsv_flip_flops[4].im_q[11]                     ; Merged with quantum_state_vector:u0_state_vector|qsv_flip_flops[3].im_q[11] ;
; quantum_state_vector:u0_state_vector|qsv_flip_flops[7].im_q[11]                     ; Merged with quantum_state_vector:u0_state_vector|qsv_flip_flops[3].im_q[11] ;
; quantum_state_vector:u0_state_vector|qsv_flip_flops[4].im_q[12]                     ; Merged with quantum_state_vector:u0_state_vector|qsv_flip_flops[3].im_q[12] ;
; quantum_state_vector:u0_state_vector|qsv_flip_flops[7].im_q[12]                     ; Merged with quantum_state_vector:u0_state_vector|qsv_flip_flops[3].im_q[12] ;
; quantum_state_vector:u0_state_vector|qsv_flip_flops[4].im_q[13]                     ; Merged with quantum_state_vector:u0_state_vector|qsv_flip_flops[3].im_q[13] ;
; quantum_state_vector:u0_state_vector|qsv_flip_flops[7].im_q[13]                     ; Merged with quantum_state_vector:u0_state_vector|qsv_flip_flops[3].im_q[13] ;
; quantum_state_vector:u0_state_vector|qsv_flip_flops[4].im_q[14]                     ; Merged with quantum_state_vector:u0_state_vector|qsv_flip_flops[3].im_q[14] ;
; quantum_state_vector:u0_state_vector|qsv_flip_flops[7].im_q[14]                     ; Merged with quantum_state_vector:u0_state_vector|qsv_flip_flops[3].im_q[14] ;
; quantum_state_vector:u0_state_vector|qsv_flip_flops[4].im_q[15]                     ; Merged with quantum_state_vector:u0_state_vector|qsv_flip_flops[3].im_q[15] ;
; quantum_state_vector:u0_state_vector|qsv_flip_flops[7].im_q[15]                     ; Merged with quantum_state_vector:u0_state_vector|qsv_flip_flops[3].im_q[15] ;
; quantum_state_vector:u0_state_vector|qsv_flip_flops[1].im_q[0..15]                  ; Stuck at GND due to stuck port data_in                                      ;
; quantum_state_vector:u1_state_vector|qsv_flip_flops[1].im_q[0..15]                  ; Stuck at GND due to stuck port data_in                                      ;
; quantum_state_vector:u2_state_vector|qsv_flip_flops[1].im_q[0..15]                  ; Stuck at GND due to stuck port data_in                                      ;
; quantum_state_vector:u0_state_vector|qsv_flip_flops[0].re_q[1,2,4]                  ; Stuck at GND due to stuck port data_in                                      ;
; quantum_state_vector:u0_state_vector|qsv_flip_flops[1].re_q[1,2]                    ; Stuck at GND due to stuck port data_in                                      ;
; quantum_state_vector:u0_state_vector|qsv_flip_flops[2].re_q[0,1]                    ; Stuck at GND due to stuck port data_in                                      ;
; quantum_state_vector:u0_state_vector|qsv_flip_flops[2].im_q[0..2]                   ; Stuck at GND due to stuck port data_in                                      ;
; quantum_state_vector:u0_state_vector|qsv_flip_flops[3].re_q[0,2]                    ; Stuck at GND due to stuck port data_in                                      ;
; quantum_state_vector:u0_state_vector|qsv_flip_flops[3].im_q[4]                      ; Stuck at GND due to stuck port data_in                                      ;
; quantum_state_vector:u0_state_vector|qsv_flip_flops[4].re_q[2..4]                   ; Stuck at GND due to stuck port data_in                                      ;
; quantum_state_vector:u0_state_vector|qsv_flip_flops[5].re_q[3,4]                    ; Stuck at GND due to stuck port data_in                                      ;
; quantum_state_vector:u0_state_vector|qsv_flip_flops[7].re_q[3]                      ; Stuck at GND due to stuck port data_in                                      ;
; quantum_state_vector:u1_state_vector|qsv_flip_flops[0].re_q[1,2,4]                  ; Stuck at GND due to stuck port data_in                                      ;
; quantum_state_vector:u1_state_vector|qsv_flip_flops[1].re_q[1,2]                    ; Stuck at GND due to stuck port data_in                                      ;
; quantum_state_vector:u1_state_vector|qsv_flip_flops[2].re_q[0,1]                    ; Stuck at GND due to stuck port data_in                                      ;
; quantum_state_vector:u1_state_vector|qsv_flip_flops[2].im_q[0..2]                   ; Stuck at GND due to stuck port data_in                                      ;
; quantum_state_vector:u1_state_vector|qsv_flip_flops[3].re_q[0,2]                    ; Stuck at GND due to stuck port data_in                                      ;
; quantum_state_vector:u1_state_vector|qsv_flip_flops[3].im_q[4]                      ; Stuck at GND due to stuck port data_in                                      ;
; quantum_state_vector:u1_state_vector|qsv_flip_flops[4].re_q[2..4]                   ; Stuck at GND due to stuck port data_in                                      ;
; quantum_state_vector:u1_state_vector|qsv_flip_flops[5].re_q[3,4]                    ; Stuck at GND due to stuck port data_in                                      ;
; quantum_state_vector:u1_state_vector|qsv_flip_flops[7].im_q[3]                      ; Stuck at GND due to stuck port data_in                                      ;
; quantum_state_vector:u0_state_vector|qsv_flip_flops[0].re_q[7,9,13..15]             ; Stuck at GND due to stuck port data_in                                      ;
; quantum_state_vector:u0_state_vector|qsv_flip_flops[1].re_q[3,4,6..8]               ; Stuck at GND due to stuck port data_in                                      ;
; quantum_state_vector:u0_state_vector|qsv_flip_flops[2].re_q[7,9..12,14,15]          ; Stuck at GND due to stuck port data_in                                      ;
; quantum_state_vector:u0_state_vector|qsv_flip_flops[2].im_q[4,5,7]                  ; Stuck at GND due to stuck port data_in                                      ;
; quantum_state_vector:u0_state_vector|qsv_flip_flops[3].re_q[5,6]                    ; Stuck at GND due to stuck port data_in                                      ;
; quantum_state_vector:u0_state_vector|qsv_flip_flops[3].im_q[5,9..15]                ; Stuck at GND due to stuck port data_in                                      ;
; quantum_state_vector:u0_state_vector|qsv_flip_flops[4].re_q[5,7,8,10..15]           ; Stuck at GND due to stuck port data_in                                      ;
; quantum_state_vector:u0_state_vector|qsv_flip_flops[5].re_q[8..15]                  ; Stuck at GND due to stuck port data_in                                      ;
; quantum_state_vector:u0_state_vector|qsv_flip_flops[7].re_q[6,8,10..15]             ; Stuck at GND due to stuck port data_in                                      ;
; quantum_state_vector:u2_state_vector|qsv_flip_flops[0].re_q[1,2,4]                  ; Stuck at GND due to stuck port data_in                                      ;
; quantum_state_vector:u2_state_vector|qsv_flip_flops[1].re_q[1,2]                    ; Stuck at GND due to stuck port data_in                                      ;
; quantum_state_vector:u2_state_vector|qsv_flip_flops[2].re_q[0,1]                    ; Stuck at GND due to stuck port data_in                                      ;
; quantum_state_vector:u2_state_vector|qsv_flip_flops[2].im_q[0..2]                   ; Stuck at GND due to stuck port data_in                                      ;
; quantum_state_vector:u2_state_vector|qsv_flip_flops[3].re_q[0,2]                    ; Stuck at GND due to stuck port data_in                                      ;
; quantum_state_vector:u2_state_vector|qsv_flip_flops[3].im_q[4]                      ; Stuck at GND due to stuck port data_in                                      ;
; quantum_state_vector:u2_state_vector|qsv_flip_flops[4].re_q[2..4]                   ; Stuck at GND due to stuck port data_in                                      ;
; quantum_state_vector:u1_state_vector|qsv_flip_flops[0].re_q[7,9,13..15]             ; Stuck at GND due to stuck port data_in                                      ;
; quantum_state_vector:u1_state_vector|qsv_flip_flops[1].re_q[3,4,6..8]               ; Stuck at GND due to stuck port data_in                                      ;
; quantum_state_vector:u1_state_vector|qsv_flip_flops[2].re_q[7,9..12,14,15]          ; Stuck at GND due to stuck port data_in                                      ;
; quantum_state_vector:u1_state_vector|qsv_flip_flops[2].im_q[4,5,7]                  ; Stuck at GND due to stuck port data_in                                      ;
; quantum_state_vector:u1_state_vector|qsv_flip_flops[3].re_q[5,6]                    ; Stuck at GND due to stuck port data_in                                      ;
; quantum_state_vector:u1_state_vector|qsv_flip_flops[3].im_q[5,9..15]                ; Stuck at GND due to stuck port data_in                                      ;
; quantum_state_vector:u1_state_vector|qsv_flip_flops[4].re_q[5,7,8,10..15]           ; Stuck at GND due to stuck port data_in                                      ;
; quantum_state_vector:u1_state_vector|qsv_flip_flops[5].re_q[8..15]                  ; Stuck at GND due to stuck port data_in                                      ;
; quantum_state_vector:u1_state_vector|qsv_flip_flops[7].im_q[6,8,10..15]             ; Stuck at GND due to stuck port data_in                                      ;
; quantum_state_vector:u0_state_vector|qsv_flip_flops[1].re_q[10..12]                 ; Stuck at GND due to stuck port data_in                                      ;
; quantum_state_vector:u0_state_vector|qsv_flip_flops[2].im_q[9]                      ; Stuck at GND due to stuck port data_in                                      ;
; quantum_state_vector:u0_state_vector|qsv_flip_flops[3].re_q[9,13]                   ; Stuck at GND due to stuck port data_in                                      ;
; quantum_state_vector:u2_state_vector|qsv_flip_flops[0].re_q[7,9,13..15]             ; Stuck at GND due to stuck port data_in                                      ;
; quantum_state_vector:u2_state_vector|qsv_flip_flops[1].re_q[3,4,6..8]               ; Stuck at GND due to stuck port data_in                                      ;
; quantum_state_vector:u2_state_vector|qsv_flip_flops[2].re_q[7,9..12,14,15]          ; Stuck at GND due to stuck port data_in                                      ;
; quantum_state_vector:u2_state_vector|qsv_flip_flops[2].im_q[4,5,7]                  ; Stuck at GND due to stuck port data_in                                      ;
; quantum_state_vector:u2_state_vector|qsv_flip_flops[3].re_q[5,6]                    ; Stuck at GND due to stuck port data_in                                      ;
; quantum_state_vector:u2_state_vector|qsv_flip_flops[3].im_q[5,9..15]                ; Stuck at GND due to stuck port data_in                                      ;
; quantum_state_vector:u2_state_vector|qsv_flip_flops[4].re_q[5,7,8,10..15]           ; Stuck at GND due to stuck port data_in                                      ;
; quantum_state_vector:u1_state_vector|qsv_flip_flops[1].re_q[10..12]                 ; Stuck at GND due to stuck port data_in                                      ;
; quantum_state_vector:u1_state_vector|qsv_flip_flops[2].im_q[9]                      ; Stuck at GND due to stuck port data_in                                      ;
; quantum_state_vector:u1_state_vector|qsv_flip_flops[3].re_q[9,13]                   ; Stuck at GND due to stuck port data_in                                      ;
; quantum_state_vector:u2_state_vector|qsv_flip_flops[1].re_q[10..12]                 ; Stuck at GND due to stuck port data_in                                      ;
; quantum_state_vector:u2_state_vector|qsv_flip_flops[2].im_q[9]                      ; Stuck at GND due to stuck port data_in                                      ;
; quantum_state_vector:u2_state_vector|qsv_flip_flops[3].re_q[9,13]                   ; Stuck at GND due to stuck port data_in                                      ;
; quantum_state_vector:u2_state_vector|qsv_flip_flops[5].re_q[11..15]                 ; Stuck at GND due to stuck port data_in                                      ;
; quantum_state_vector:u2_state_vector|qsv_flip_flops[5].im_q[11..15]                 ; Stuck at GND due to stuck port data_in                                      ;
; quantum_state_vector:u3_state_vector|qsv_flip_flops[1].im_q[10..15]                 ; Stuck at GND due to stuck port data_in                                      ;
; quantum_state_vector:u3_state_vector|qsv_flip_flops[6].im_q[10..15]                 ; Stuck at GND due to stuck port data_in                                      ;
; quantum_state_vector:u2_state_vector|qsv_flip_flops[5].re_q[10]                     ; Stuck at GND due to stuck port data_in                                      ;
; quantum_state_vector:u2_state_vector|qsv_flip_flops[5].im_q[10]                     ; Stuck at GND due to stuck port data_in                                      ;
; quantum_state_vector:u4_state_vector|qsv_flip_flops[1].im_q[10..15]                 ; Stuck at GND due to stuck port data_in                                      ;
; quantum_state_vector:u4_state_vector|qsv_flip_flops[6].im_q[10..15]                 ; Stuck at GND due to stuck port data_in                                      ;
; quantum_state_vector:u1_state_vector|qsv_flip_flops[6].re_q[8..14]                  ; Merged with quantum_state_vector:u1_state_vector|qsv_flip_flops[6].re_q[15] ;
; quantum_state_vector:u1_state_vector|qsv_flip_flops[6].re_q[3]                      ; Merged with quantum_state_vector:u1_state_vector|qsv_flip_flops[6].re_q[4]  ;
; quantum_state_vector:u1_state_vector|qsv_flip_flops[7].re_q[9..14]                  ; Merged with quantum_state_vector:u1_state_vector|qsv_flip_flops[7].re_q[15] ;
; quantum_state_vector:u1_state_vector|qsv_flip_flops[7].re_q[4]                      ; Merged with quantum_state_vector:u1_state_vector|qsv_flip_flops[7].re_q[5]  ;
; quantum_state_vector:u2_state_vector|qsv_flip_flops[6].re_q[8..14]                  ; Merged with quantum_state_vector:u2_state_vector|qsv_flip_flops[6].re_q[15] ;
; quantum_state_vector:u2_state_vector|qsv_flip_flops[6].re_q[3]                      ; Merged with quantum_state_vector:u2_state_vector|qsv_flip_flops[6].re_q[4]  ;
; quantum_state_vector:u3_state_vector|qsv_flip_flops[6].im_q[9]                      ; Merged with quantum_state_vector:u3_state_vector|qsv_flip_flops[1].im_q[9]  ;
; quantum_state_vector:u3_state_vector|qsv_flip_flops[6].im_q[8]                      ; Merged with quantum_state_vector:u3_state_vector|qsv_flip_flops[1].im_q[8]  ;
; quantum_state_vector:u3_state_vector|qsv_flip_flops[6].im_q[7]                      ; Merged with quantum_state_vector:u3_state_vector|qsv_flip_flops[1].im_q[7]  ;
; quantum_state_vector:u3_state_vector|qsv_flip_flops[6].im_q[6]                      ; Merged with quantum_state_vector:u3_state_vector|qsv_flip_flops[1].im_q[6]  ;
; quantum_state_vector:u3_state_vector|qsv_flip_flops[6].im_q[5]                      ; Merged with quantum_state_vector:u3_state_vector|qsv_flip_flops[1].im_q[5]  ;
; quantum_state_vector:u3_state_vector|qsv_flip_flops[6].im_q[4]                      ; Merged with quantum_state_vector:u3_state_vector|qsv_flip_flops[1].im_q[4]  ;
; quantum_state_vector:u3_state_vector|qsv_flip_flops[6].im_q[3]                      ; Merged with quantum_state_vector:u3_state_vector|qsv_flip_flops[1].im_q[3]  ;
; quantum_state_vector:u3_state_vector|qsv_flip_flops[6].im_q[2]                      ; Merged with quantum_state_vector:u3_state_vector|qsv_flip_flops[1].im_q[2]  ;
; quantum_state_vector:u3_state_vector|qsv_flip_flops[6].im_q[1]                      ; Merged with quantum_state_vector:u3_state_vector|qsv_flip_flops[1].im_q[1]  ;
; quantum_state_vector:u3_state_vector|qsv_flip_flops[6].im_q[0]                      ; Merged with quantum_state_vector:u3_state_vector|qsv_flip_flops[1].im_q[0]  ;
; quantum_state_vector:u2_state_vector|qsv_flip_flops[5].im_q[9]                      ; Merged with quantum_state_vector:u2_state_vector|qsv_flip_flops[5].re_q[9]  ;
; quantum_state_vector:u2_state_vector|qsv_flip_flops[5].im_q[8]                      ; Merged with quantum_state_vector:u2_state_vector|qsv_flip_flops[5].re_q[8]  ;
; quantum_state_vector:u2_state_vector|qsv_flip_flops[5].im_q[7]                      ; Merged with quantum_state_vector:u2_state_vector|qsv_flip_flops[5].re_q[7]  ;
; quantum_state_vector:u2_state_vector|qsv_flip_flops[5].im_q[6]                      ; Merged with quantum_state_vector:u2_state_vector|qsv_flip_flops[5].re_q[6]  ;
; quantum_state_vector:u2_state_vector|qsv_flip_flops[5].im_q[5]                      ; Merged with quantum_state_vector:u2_state_vector|qsv_flip_flops[5].re_q[5]  ;
; quantum_state_vector:u2_state_vector|qsv_flip_flops[5].im_q[4]                      ; Merged with quantum_state_vector:u2_state_vector|qsv_flip_flops[5].re_q[4]  ;
; quantum_state_vector:u2_state_vector|qsv_flip_flops[5].im_q[3]                      ; Merged with quantum_state_vector:u2_state_vector|qsv_flip_flops[5].re_q[3]  ;
; quantum_state_vector:u2_state_vector|qsv_flip_flops[5].im_q[2]                      ; Merged with quantum_state_vector:u2_state_vector|qsv_flip_flops[5].re_q[2]  ;
; quantum_state_vector:u2_state_vector|qsv_flip_flops[5].im_q[1]                      ; Merged with quantum_state_vector:u2_state_vector|qsv_flip_flops[5].re_q[1]  ;
; quantum_state_vector:u2_state_vector|qsv_flip_flops[5].im_q[0]                      ; Merged with quantum_state_vector:u2_state_vector|qsv_flip_flops[5].re_q[0]  ;
; quantum_state_vector:u4_state_vector|qsv_flip_flops[6].im_q[9]                      ; Merged with quantum_state_vector:u4_state_vector|qsv_flip_flops[1].im_q[9]  ;
; quantum_state_vector:u4_state_vector|qsv_flip_flops[6].im_q[8]                      ; Merged with quantum_state_vector:u4_state_vector|qsv_flip_flops[1].im_q[8]  ;
; quantum_state_vector:u4_state_vector|qsv_flip_flops[6].im_q[7]                      ; Merged with quantum_state_vector:u4_state_vector|qsv_flip_flops[1].im_q[7]  ;
; quantum_state_vector:u4_state_vector|qsv_flip_flops[6].im_q[6]                      ; Merged with quantum_state_vector:u4_state_vector|qsv_flip_flops[1].im_q[6]  ;
; quantum_state_vector:u4_state_vector|qsv_flip_flops[6].im_q[5]                      ; Merged with quantum_state_vector:u4_state_vector|qsv_flip_flops[1].im_q[5]  ;
; quantum_state_vector:u4_state_vector|qsv_flip_flops[6].im_q[4]                      ; Merged with quantum_state_vector:u4_state_vector|qsv_flip_flops[1].im_q[4]  ;
; quantum_state_vector:u4_state_vector|qsv_flip_flops[6].im_q[3]                      ; Merged with quantum_state_vector:u4_state_vector|qsv_flip_flops[1].im_q[3]  ;
; quantum_state_vector:u4_state_vector|qsv_flip_flops[6].im_q[2]                      ; Merged with quantum_state_vector:u4_state_vector|qsv_flip_flops[1].im_q[2]  ;
; quantum_state_vector:u4_state_vector|qsv_flip_flops[6].im_q[1]                      ; Merged with quantum_state_vector:u4_state_vector|qsv_flip_flops[1].im_q[1]  ;
; quantum_state_vector:u4_state_vector|qsv_flip_flops[6].im_q[0]                      ; Merged with quantum_state_vector:u4_state_vector|qsv_flip_flops[1].im_q[0]  ;
; quantum_state_vector:u3_state_vector|qsv_flip_flops[4].re_q[13..15]                 ; Merged with quantum_state_vector:u3_state_vector|qsv_flip_flops[4].re_q[12] ;
; quantum_state_vector:u3_state_vector|qsv_flip_flops[3].im_q[12..15]                 ; Merged with quantum_state_vector:u3_state_vector|qsv_flip_flops[3].im_q[11] ;
; quantum_state_vector:u3_state_vector|qsv_flip_flops[6].re_q[13..15]                 ; Merged with quantum_state_vector:u3_state_vector|qsv_flip_flops[6].re_q[12] ;
; quantum_state_vector:u2_state_vector|qsv_flip_flops[7].im_q[13..15]                 ; Merged with quantum_state_vector:u2_state_vector|qsv_flip_flops[7].im_q[12] ;
; quantum_state_vector:u2_state_vector|qsv_flip_flops[7].re_q[13..15]                 ; Merged with quantum_state_vector:u2_state_vector|qsv_flip_flops[7].re_q[12] ;
; quantum_state_vector:u4_state_vector|qsv_flip_flops[4].re_q[13..15]                 ; Merged with quantum_state_vector:u4_state_vector|qsv_flip_flops[4].re_q[12] ;
; quantum_state_vector:u4_state_vector|qsv_flip_flops[6].re_q[13..15]                 ; Merged with quantum_state_vector:u4_state_vector|qsv_flip_flops[6].re_q[12] ;
; quantum_state_vector:u4_state_vector|qsv_flip_flops[3].re_q[13..15]                 ; Merged with quantum_state_vector:u4_state_vector|qsv_flip_flops[3].re_q[12] ;
; quantum_state_vector:u3_state_vector|qsv_flip_flops[5].im_q[15]                     ; Merged with quantum_state_vector:u3_state_vector|qsv_flip_flops[5].im_q[14] ;
; quantum_state_vector:u3_state_vector|qsv_flip_flops[5].re_q[15]                     ; Merged with quantum_state_vector:u3_state_vector|qsv_flip_flops[5].re_q[14] ;
; quantum_state_vector:u3_state_vector|qsv_flip_flops[7].re_q[15]                     ; Merged with quantum_state_vector:u3_state_vector|qsv_flip_flops[7].re_q[14] ;
; quantum_state_vector:u3_state_vector|qsv_flip_flops[7].im_q[15]                     ; Merged with quantum_state_vector:u3_state_vector|qsv_flip_flops[7].im_q[14] ;
; quantum_state_vector:u4_state_vector|qsv_flip_flops[5].im_q[15]                     ; Merged with quantum_state_vector:u4_state_vector|qsv_flip_flops[5].im_q[14] ;
; quantum_state_vector:u4_state_vector|qsv_flip_flops[5].re_q[15]                     ; Merged with quantum_state_vector:u4_state_vector|qsv_flip_flops[5].re_q[14] ;
; quantum_state_vector:u4_state_vector|qsv_flip_flops[7].im_q[15]                     ; Merged with quantum_state_vector:u4_state_vector|qsv_flip_flops[7].im_q[14] ;
; quantum_state_vector:u2_state_vector|qsv_flip_flops[0].im_q[1..15]                  ; Merged with quantum_state_vector:u2_state_vector|qsv_flip_flops[0].im_q[0]  ;
; quantum_state_vector:u2_state_vector|qsv_flip_flops[0].re_q[0,3,5,6,8,10..12]       ; Merged with quantum_state_vector:u2_state_vector|qsv_flip_flops[0].im_q[0]  ;
; quantum_state_vector:u2_state_vector|qsv_flip_flops[1].re_q[0,5,9,13..15]           ; Merged with quantum_state_vector:u2_state_vector|qsv_flip_flops[0].im_q[0]  ;
; quantum_state_vector:u2_state_vector|qsv_flip_flops[2].im_q[3,6,8,10..15]           ; Merged with quantum_state_vector:u2_state_vector|qsv_flip_flops[0].im_q[0]  ;
; quantum_state_vector:u2_state_vector|qsv_flip_flops[2].re_q[2..6,8,13]              ; Merged with quantum_state_vector:u2_state_vector|qsv_flip_flops[0].im_q[0]  ;
; quantum_state_vector:u2_state_vector|qsv_flip_flops[3].im_q[0..3,6..8]              ; Merged with quantum_state_vector:u2_state_vector|qsv_flip_flops[0].im_q[0]  ;
; quantum_state_vector:u2_state_vector|qsv_flip_flops[3].re_q[1,3,4,7,8,10..12,14,15] ; Merged with quantum_state_vector:u2_state_vector|qsv_flip_flops[0].im_q[0]  ;
; quantum_state_vector:u2_state_vector|qsv_flip_flops[4].re_q[0,1,6,9]                ; Merged with quantum_state_vector:u2_state_vector|qsv_flip_flops[0].im_q[0]  ;
; quantum_state_vector:u2_state_vector|qsv_flip_flops[6].re_q[0]                      ; Merged with quantum_state_vector:u2_state_vector|qsv_flip_flops[0].im_q[0]  ;
; quantum_state_vector:u1_state_vector|qsv_flip_flops[0].im_q[1..15]                  ; Merged with quantum_state_vector:u1_state_vector|qsv_flip_flops[0].im_q[0]  ;
; quantum_state_vector:u1_state_vector|qsv_flip_flops[0].re_q[0,3,5,6,8,10..12]       ; Merged with quantum_state_vector:u1_state_vector|qsv_flip_flops[0].im_q[0]  ;
; quantum_state_vector:u1_state_vector|qsv_flip_flops[1].re_q[0,5,9,13..15]           ; Merged with quantum_state_vector:u1_state_vector|qsv_flip_flops[0].im_q[0]  ;
; quantum_state_vector:u1_state_vector|qsv_flip_flops[2].im_q[3,6,8,10..15]           ; Merged with quantum_state_vector:u1_state_vector|qsv_flip_flops[0].im_q[0]  ;
; quantum_state_vector:u1_state_vector|qsv_flip_flops[2].re_q[2..6,8,13]              ; Merged with quantum_state_vector:u1_state_vector|qsv_flip_flops[0].im_q[0]  ;
; quantum_state_vector:u1_state_vector|qsv_flip_flops[3].im_q[0..3,6..8]              ; Merged with quantum_state_vector:u1_state_vector|qsv_flip_flops[0].im_q[0]  ;
; quantum_state_vector:u1_state_vector|qsv_flip_flops[3].re_q[1,3,4,7,8,10..12,14,15] ; Merged with quantum_state_vector:u1_state_vector|qsv_flip_flops[0].im_q[0]  ;
; quantum_state_vector:u1_state_vector|qsv_flip_flops[4].re_q[0,1,6,9]                ; Merged with quantum_state_vector:u1_state_vector|qsv_flip_flops[0].im_q[0]  ;
; quantum_state_vector:u1_state_vector|qsv_flip_flops[5].re_q[0..2,5..7]              ; Merged with quantum_state_vector:u1_state_vector|qsv_flip_flops[0].im_q[0]  ;
; quantum_state_vector:u1_state_vector|qsv_flip_flops[6].re_q[0]                      ; Merged with quantum_state_vector:u1_state_vector|qsv_flip_flops[0].im_q[0]  ;
; quantum_state_vector:u1_state_vector|qsv_flip_flops[7].im_q[0..2,4,5,7,9]           ; Merged with quantum_state_vector:u1_state_vector|qsv_flip_flops[0].im_q[0]  ;
; quantum_state_vector:u1_state_vector|qsv_flip_flops[7].re_q[0]                      ; Merged with quantum_state_vector:u1_state_vector|qsv_flip_flops[0].im_q[0]  ;
; quantum_state_vector:u0_state_vector|qsv_flip_flops[0].im_q[1..15]                  ; Merged with quantum_state_vector:u0_state_vector|qsv_flip_flops[0].im_q[0]  ;
; quantum_state_vector:u0_state_vector|qsv_flip_flops[0].re_q[0,3,5,6,8,10..12]       ; Merged with quantum_state_vector:u0_state_vector|qsv_flip_flops[0].im_q[0]  ;
; quantum_state_vector:u0_state_vector|qsv_flip_flops[1].re_q[0,5,9,13..15]           ; Merged with quantum_state_vector:u0_state_vector|qsv_flip_flops[0].im_q[0]  ;
; quantum_state_vector:u0_state_vector|qsv_flip_flops[2].im_q[3,6,8,10..15]           ; Merged with quantum_state_vector:u0_state_vector|qsv_flip_flops[0].im_q[0]  ;
; quantum_state_vector:u0_state_vector|qsv_flip_flops[2].re_q[2..6,8,13]              ; Merged with quantum_state_vector:u0_state_vector|qsv_flip_flops[0].im_q[0]  ;
; quantum_state_vector:u0_state_vector|qsv_flip_flops[3].im_q[0..3,6..8]              ; Merged with quantum_state_vector:u0_state_vector|qsv_flip_flops[0].im_q[0]  ;
; quantum_state_vector:u0_state_vector|qsv_flip_flops[3].re_q[1,3,4,7,8,10..12,14,15] ; Merged with quantum_state_vector:u0_state_vector|qsv_flip_flops[0].im_q[0]  ;
; quantum_state_vector:u0_state_vector|qsv_flip_flops[4].re_q[0,1,6,9]                ; Merged with quantum_state_vector:u0_state_vector|qsv_flip_flops[0].im_q[0]  ;
; quantum_state_vector:u0_state_vector|qsv_flip_flops[5].re_q[0..2,5..7]              ; Merged with quantum_state_vector:u0_state_vector|qsv_flip_flops[0].im_q[0]  ;
; quantum_state_vector:u0_state_vector|qsv_flip_flops[7].re_q[0..2,4,5,7,9]           ; Merged with quantum_state_vector:u0_state_vector|qsv_flip_flops[0].im_q[0]  ;
; quantum_state_vector:u1_state_vector|qsv_flip_flops[7].re_q[1]                      ; Stuck at GND due to stuck port data_in                                      ;
; quantum_state_vector:u1_state_vector|qsv_flip_flops[6].re_q[1]                      ; Stuck at GND due to stuck port data_in                                      ;
; quantum_state_vector:u2_state_vector|qsv_flip_flops[6].re_q[1]                      ; Stuck at GND due to stuck port data_in                                      ;
; quantum_state_vector:u1_state_vector|qsv_flip_flops[7].re_q[2,3,6..8]               ; Stuck at GND due to stuck port data_in                                      ;
; quantum_state_vector:u1_state_vector|qsv_flip_flops[6].re_q[2,5..7]                 ; Stuck at GND due to stuck port data_in                                      ;
; quantum_state_vector:u2_state_vector|qsv_flip_flops[6].re_q[2,5..7]                 ; Stuck at GND due to stuck port data_in                                      ;
; quantum_state_vector:u3_state_vector|qsv_flip_flops[1].im_q[9]                      ; Stuck at GND due to stuck port data_in                                      ;
; quantum_state_vector:u3_state_vector|qsv_flip_flops[0].re_q[12,14,15]               ; Stuck at GND due to stuck port data_in                                      ;
; quantum_state_vector:u3_state_vector|qsv_flip_flops[3].re_q[10]                     ; Stuck at GND due to stuck port data_in                                      ;
; quantum_state_vector:u3_state_vector|qsv_flip_flops[2].im_q[10]                     ; Stuck at GND due to stuck port data_in                                      ;
; quantum_state_vector:u3_state_vector|qsv_flip_flops[3].re_q[11]                     ; Stuck at GND due to stuck port data_in                                      ;
; quantum_state_vector:u3_state_vector|qsv_flip_flops[2].im_q[11]                     ; Stuck at GND due to stuck port data_in                                      ;
; quantum_state_vector:u3_state_vector|qsv_flip_flops[3].re_q[12]                     ; Stuck at GND due to stuck port data_in                                      ;
; quantum_state_vector:u3_state_vector|qsv_flip_flops[2].im_q[12]                     ; Stuck at GND due to stuck port data_in                                      ;
; quantum_state_vector:u3_state_vector|qsv_flip_flops[3].re_q[13]                     ; Stuck at GND due to stuck port data_in                                      ;
; quantum_state_vector:u3_state_vector|qsv_flip_flops[2].im_q[13]                     ; Stuck at GND due to stuck port data_in                                      ;
; quantum_state_vector:u3_state_vector|qsv_flip_flops[3].re_q[14]                     ; Stuck at GND due to stuck port data_in                                      ;
; quantum_state_vector:u3_state_vector|qsv_flip_flops[2].im_q[14]                     ; Stuck at GND due to stuck port data_in                                      ;
; quantum_state_vector:u3_state_vector|qsv_flip_flops[3].re_q[15]                     ; Stuck at GND due to stuck port data_in                                      ;
; quantum_state_vector:u3_state_vector|qsv_flip_flops[2].im_q[15]                     ; Stuck at GND due to stuck port data_in                                      ;
; quantum_state_vector:u2_state_vector|qsv_flip_flops[5].re_q[6,8,9]                  ; Stuck at GND due to stuck port data_in                                      ;
; quantum_state_vector:u4_state_vector|qsv_flip_flops[1].im_q[9]                      ; Stuck at GND due to stuck port data_in                                      ;
; quantum_state_vector:u4_state_vector|qsv_flip_flops[0].re_q[12,14,15]               ; Stuck at GND due to stuck port data_in                                      ;
; quantum_state_vector:u4_state_vector|qsv_flip_flops[3].im_q[10]                     ; Stuck at GND due to stuck port data_in                                      ;
; quantum_state_vector:u4_state_vector|qsv_flip_flops[2].im_q[10]                     ; Stuck at GND due to stuck port data_in                                      ;
; quantum_state_vector:u4_state_vector|qsv_flip_flops[3].im_q[11]                     ; Stuck at GND due to stuck port data_in                                      ;
; quantum_state_vector:u4_state_vector|qsv_flip_flops[2].im_q[11]                     ; Stuck at GND due to stuck port data_in                                      ;
; quantum_state_vector:u4_state_vector|qsv_flip_flops[3].im_q[12]                     ; Stuck at GND due to stuck port data_in                                      ;
; quantum_state_vector:u4_state_vector|qsv_flip_flops[2].im_q[12]                     ; Stuck at GND due to stuck port data_in                                      ;
; quantum_state_vector:u4_state_vector|qsv_flip_flops[3].im_q[13]                     ; Stuck at GND due to stuck port data_in                                      ;
; quantum_state_vector:u4_state_vector|qsv_flip_flops[2].im_q[13]                     ; Stuck at GND due to stuck port data_in                                      ;
; quantum_state_vector:u4_state_vector|qsv_flip_flops[3].im_q[14]                     ; Stuck at GND due to stuck port data_in                                      ;
; quantum_state_vector:u4_state_vector|qsv_flip_flops[2].im_q[14]                     ; Stuck at GND due to stuck port data_in                                      ;
; quantum_state_vector:u4_state_vector|qsv_flip_flops[3].im_q[15]                     ; Stuck at GND due to stuck port data_in                                      ;
; quantum_state_vector:u4_state_vector|qsv_flip_flops[2].im_q[15]                     ; Stuck at GND due to stuck port data_in                                      ;
; quantum_state_vector:u5_state_vector|qsv_flip_flops[2].im_q[13..15]                 ; Stuck at GND due to stuck port data_in                                      ;
; quantum_state_vector:u6_state_vector|qsv_flip_flops[2].im_q[13..15]                 ; Stuck at GND due to stuck port data_in                                      ;
; quantum_state_vector:u5_state_vector|qsv_flip_flops[2].im_q[12]                     ; Stuck at GND due to stuck port data_in                                      ;
; quantum_state_vector:u6_state_vector|qsv_flip_flops[2].im_q[12]                     ; Stuck at GND due to stuck port data_in                                      ;
; quantum_state_vector:u3_state_vector|qsv_flip_flops[0].im_q[12..15]                 ; Merged with quantum_state_vector:u3_state_vector|qsv_flip_flops[0].im_q[11] ;
; quantum_state_vector:u3_state_vector|qsv_flip_flops[3].im_q[11]                     ; Merged with quantum_state_vector:u3_state_vector|qsv_flip_flops[3].im_q[10] ;
; quantum_state_vector:u3_state_vector|qsv_flip_flops[2].re_q[13..15]                 ; Merged with quantum_state_vector:u3_state_vector|qsv_flip_flops[2].re_q[12] ;
; quantum_state_vector:u1_state_vector|qsv_flip_flops[7].re_q[15]                     ; Merged with quantum_state_vector:u1_state_vector|qsv_flip_flops[7].re_q[5]  ;
; quantum_state_vector:u1_state_vector|qsv_flip_flops[6].re_q[4,15]                   ; Merged with quantum_state_vector:u1_state_vector|qsv_flip_flops[7].re_q[5]  ;
; quantum_state_vector:u4_state_vector|qsv_flip_flops[0].im_q[12..15]                 ; Merged with quantum_state_vector:u4_state_vector|qsv_flip_flops[0].im_q[11] ;
; quantum_state_vector:u4_state_vector|qsv_flip_flops[2].re_q[13..15]                 ; Merged with quantum_state_vector:u4_state_vector|qsv_flip_flops[2].re_q[12] ;
; quantum_state_vector:u2_state_vector|qsv_flip_flops[6].re_q[15]                     ; Merged with quantum_state_vector:u2_state_vector|qsv_flip_flops[6].re_q[4]  ;
; quantum_state_vector:u5_state_vector|qsv_flip_flops[0].im_q[14,15]                  ; Merged with quantum_state_vector:u5_state_vector|qsv_flip_flops[0].im_q[13] ;
; quantum_state_vector:u5_state_vector|qsv_flip_flops[2].re_q[15]                     ; Merged with quantum_state_vector:u5_state_vector|qsv_flip_flops[2].re_q[14] ;
; quantum_state_vector:u5_state_vector|qsv_flip_flops[1].im_q[14,15]                  ; Merged with quantum_state_vector:u5_state_vector|qsv_flip_flops[1].im_q[13] ;
; quantum_state_vector:u5_state_vector|qsv_flip_flops[3].re_q[15]                     ; Merged with quantum_state_vector:u5_state_vector|qsv_flip_flops[3].re_q[14] ;
; quantum_state_vector:u5_state_vector|qsv_flip_flops[3].im_q[13..15]                 ; Merged with quantum_state_vector:u5_state_vector|qsv_flip_flops[3].im_q[12] ;
; quantum_state_vector:u4_state_vector|qsv_flip_flops[3].re_q[12]                     ; Merged with quantum_state_vector:u4_state_vector|qsv_flip_flops[3].re_q[11] ;
; quantum_state_vector:u6_state_vector|qsv_flip_flops[0].im_q[14,15]                  ; Merged with quantum_state_vector:u6_state_vector|qsv_flip_flops[0].im_q[13] ;
; quantum_state_vector:u6_state_vector|qsv_flip_flops[2].re_q[15]                     ; Merged with quantum_state_vector:u6_state_vector|qsv_flip_flops[2].re_q[14] ;
; quantum_state_vector:u6_state_vector|qsv_flip_flops[4].im_q[14,15]                  ; Merged with quantum_state_vector:u6_state_vector|qsv_flip_flops[4].im_q[13] ;
; quantum_state_vector:u6_state_vector|qsv_flip_flops[6].re_q[15]                     ; Merged with quantum_state_vector:u6_state_vector|qsv_flip_flops[6].re_q[14] ;
; quantum_state_vector:u6_state_vector|qsv_flip_flops[6].im_q[13..15]                 ; Merged with quantum_state_vector:u6_state_vector|qsv_flip_flops[6].im_q[12] ;
; quantum_state_vector:u3_state_vector|qsv_flip_flops[3].im_q[0..2,6,8]               ; Stuck at GND due to stuck port data_in                                      ;
; quantum_state_vector:u4_state_vector|qsv_flip_flops[3].re_q[0..2]                   ; Stuck at GND due to stuck port data_in                                      ;
; quantum_state_vector:u3_state_vector|qsv_flip_flops[0].im_q[2,3,5]                  ; Stuck at GND due to stuck port data_in                                      ;
; quantum_state_vector:u3_state_vector|qsv_flip_flops[3].re_q[2,6]                    ; Stuck at GND due to stuck port data_in                                      ;
; quantum_state_vector:u4_state_vector|qsv_flip_flops[0].im_q[2,3,5]                  ; Stuck at GND due to stuck port data_in                                      ;
; quantum_state_vector:u4_state_vector|qsv_flip_flops[3].im_q[2,6]                    ; Stuck at GND due to stuck port data_in                                      ;
; quantum_state_vector:u3_state_vector|qsv_flip_flops[0].im_q[6..8]                   ; Stuck at GND due to stuck port data_in                                      ;
; quantum_state_vector:u3_state_vector|qsv_flip_flops[3].re_q[3,7]                    ; Stuck at GND due to stuck port data_in                                      ;
; quantum_state_vector:u4_state_vector|qsv_flip_flops[0].im_q[6..8]                   ; Stuck at GND due to stuck port data_in                                      ;
; quantum_state_vector:u4_state_vector|qsv_flip_flops[3].im_q[3,7]                    ; Stuck at GND due to stuck port data_in                                      ;
; quantum_state_vector:u3_state_vector|qsv_flip_flops[2].im_q[9]                      ; Stuck at GND due to stuck port data_in                                      ;
; quantum_state_vector:u4_state_vector|qsv_flip_flops[2].im_q[9]                      ; Stuck at GND due to stuck port data_in                                      ;
; quantum_state_vector:u3_state_vector|qsv_flip_flops[2].im_q[2,4]                    ; Stuck at GND due to stuck port data_in                                      ;
; quantum_state_vector:u4_state_vector|qsv_flip_flops[2].im_q[2,4]                    ; Stuck at GND due to stuck port data_in                                      ;
; quantum_state_vector:u2_state_vector|qsv_flip_flops[5].re_q[2..4]                   ; Stuck at GND due to stuck port data_in                                      ;
; quantum_state_vector:u3_state_vector|qsv_flip_flops[0].re_q[7]                      ; Stuck at GND due to stuck port data_in                                      ;
; quantum_state_vector:u3_state_vector|qsv_flip_flops[2].re_q[5,9]                    ; Stuck at GND due to stuck port data_in                                      ;
; quantum_state_vector:u4_state_vector|qsv_flip_flops[0].re_q[7]                      ; Stuck at GND due to stuck port data_in                                      ;
; quantum_state_vector:u4_state_vector|qsv_flip_flops[2].re_q[5,9]                    ; Stuck at GND due to stuck port data_in                                      ;
; quantum_state_vector:u3_state_vector|qsv_flip_flops[0].re_q[8,9]                    ; Stuck at GND due to stuck port data_in                                      ;
; quantum_state_vector:u3_state_vector|qsv_flip_flops[2].re_q[0,6,7]                  ; Stuck at GND due to stuck port data_in                                      ;
; quantum_state_vector:u4_state_vector|qsv_flip_flops[0].re_q[8,9]                    ; Stuck at GND due to stuck port data_in                                      ;
; quantum_state_vector:u4_state_vector|qsv_flip_flops[2].re_q[0,6,7]                  ; Stuck at GND due to stuck port data_in                                      ;
; quantum_state_vector:u3_state_vector|qsv_flip_flops[0].re_q[0..2]                   ; Stuck at GND due to stuck port data_in                                      ;
; quantum_state_vector:u4_state_vector|qsv_flip_flops[0].re_q[0..2]                   ; Stuck at GND due to stuck port data_in                                      ;
; quantum_state_vector:u3_state_vector|qsv_flip_flops[1].re_q[4..6,8,10,11,13]        ; Stuck at GND due to stuck port data_in                                      ;
; quantum_state_vector:u3_state_vector|qsv_flip_flops[1].im_q[3,4,7]                  ; Stuck at GND due to stuck port data_in                                      ;
; quantum_state_vector:u4_state_vector|qsv_flip_flops[1].re_q[4..6,8,10,11,13]        ; Stuck at GND due to stuck port data_in                                      ;
; quantum_state_vector:u4_state_vector|qsv_flip_flops[1].im_q[3,4,7]                  ; Stuck at GND due to stuck port data_in                                      ;
; quantum_state_vector:u3_state_vector|qsv_flip_flops[1].im_q[5]                      ; Stuck at GND due to stuck port data_in                                      ;
; quantum_state_vector:u4_state_vector|qsv_flip_flops[1].im_q[5]                      ; Stuck at GND due to stuck port data_in                                      ;
; quantum_state_vector:u3_state_vector|qsv_flip_flops[1].re_q[0]                      ; Stuck at GND due to stuck port data_in                                      ;
; quantum_state_vector:u4_state_vector|qsv_flip_flops[1].re_q[0]                      ; Stuck at GND due to stuck port data_in                                      ;
; quantum_state_vector:u3_state_vector|qsv_flip_flops[3].im_q[3..5,7,9,10]            ; Merged with quantum_state_vector:u3_state_vector|qsv_flip_flops[3].re_q[8]  ;
; quantum_state_vector:u3_state_vector|qsv_flip_flops[3].re_q[0,1,9]                  ; Merged with quantum_state_vector:u3_state_vector|qsv_flip_flops[3].re_q[8]  ;
; quantum_state_vector:u3_state_vector|qsv_flip_flops[0].im_q[1,4,10,11]              ; Merged with quantum_state_vector:u3_state_vector|qsv_flip_flops[3].re_q[8]  ;
; quantum_state_vector:u3_state_vector|qsv_flip_flops[3].re_q[4]                      ; Merged with quantum_state_vector:u3_state_vector|qsv_flip_flops[3].re_q[8]  ;
; quantum_state_vector:u3_state_vector|qsv_flip_flops[0].im_q[9]                      ; Merged with quantum_state_vector:u3_state_vector|qsv_flip_flops[3].re_q[8]  ;
; quantum_state_vector:u3_state_vector|qsv_flip_flops[3].re_q[5]                      ; Merged with quantum_state_vector:u3_state_vector|qsv_flip_flops[3].re_q[8]  ;
; quantum_state_vector:u3_state_vector|qsv_flip_flops[0].im_q[0]                      ; Merged with quantum_state_vector:u3_state_vector|qsv_flip_flops[3].re_q[8]  ;
; quantum_state_vector:u3_state_vector|qsv_flip_flops[2].im_q[0,1,3,5..8]             ; Merged with quantum_state_vector:u3_state_vector|qsv_flip_flops[3].re_q[8]  ;
; quantum_state_vector:u3_state_vector|qsv_flip_flops[0].re_q[4..6,11,13]             ; Merged with quantum_state_vector:u3_state_vector|qsv_flip_flops[3].re_q[8]  ;
; quantum_state_vector:u3_state_vector|qsv_flip_flops[2].re_q[4,10..12]               ; Merged with quantum_state_vector:u3_state_vector|qsv_flip_flops[3].re_q[8]  ;
; quantum_state_vector:u3_state_vector|qsv_flip_flops[0].re_q[10]                     ; Merged with quantum_state_vector:u3_state_vector|qsv_flip_flops[3].re_q[8]  ;
; quantum_state_vector:u3_state_vector|qsv_flip_flops[2].re_q[1..3,8]                 ; Merged with quantum_state_vector:u3_state_vector|qsv_flip_flops[3].re_q[8]  ;
; quantum_state_vector:u3_state_vector|qsv_flip_flops[0].re_q[3]                      ; Merged with quantum_state_vector:u3_state_vector|qsv_flip_flops[3].re_q[8]  ;
; quantum_state_vector:u3_state_vector|qsv_flip_flops[1].im_q[0..2]                   ; Merged with quantum_state_vector:u3_state_vector|qsv_flip_flops[3].re_q[8]  ;
; quantum_state_vector:u3_state_vector|qsv_flip_flops[1].re_q[2,3,7,9,12,14,15]       ; Merged with quantum_state_vector:u3_state_vector|qsv_flip_flops[3].re_q[8]  ;
; quantum_state_vector:u3_state_vector|qsv_flip_flops[1].im_q[6,8]                    ; Merged with quantum_state_vector:u3_state_vector|qsv_flip_flops[3].re_q[8]  ;
; quantum_state_vector:u3_state_vector|qsv_flip_flops[1].re_q[1]                      ; Merged with quantum_state_vector:u3_state_vector|qsv_flip_flops[3].re_q[8]  ;
; quantum_state_vector:u4_state_vector|qsv_flip_flops[3].im_q[0,1,8,9]                ; Merged with quantum_state_vector:u4_state_vector|qsv_flip_flops[2].re_q[4]  ;
; quantum_state_vector:u4_state_vector|qsv_flip_flops[0].im_q[1,4,10,11]              ; Merged with quantum_state_vector:u4_state_vector|qsv_flip_flops[2].re_q[4]  ;
; quantum_state_vector:u4_state_vector|qsv_flip_flops[3].im_q[4]                      ; Merged with quantum_state_vector:u4_state_vector|qsv_flip_flops[2].re_q[4]  ;
; quantum_state_vector:u4_state_vector|qsv_flip_flops[0].im_q[9]                      ; Merged with quantum_state_vector:u4_state_vector|qsv_flip_flops[2].re_q[4]  ;
; quantum_state_vector:u4_state_vector|qsv_flip_flops[3].im_q[5]                      ; Merged with quantum_state_vector:u4_state_vector|qsv_flip_flops[2].re_q[4]  ;
; quantum_state_vector:u4_state_vector|qsv_flip_flops[0].im_q[0]                      ; Merged with quantum_state_vector:u4_state_vector|qsv_flip_flops[2].re_q[4]  ;
; quantum_state_vector:u4_state_vector|qsv_flip_flops[2].im_q[0,1,3,5..8]             ; Merged with quantum_state_vector:u4_state_vector|qsv_flip_flops[2].re_q[4]  ;
; quantum_state_vector:u4_state_vector|qsv_flip_flops[0].re_q[4..6,11,13]             ; Merged with quantum_state_vector:u4_state_vector|qsv_flip_flops[2].re_q[4]  ;
; quantum_state_vector:u4_state_vector|qsv_flip_flops[2].re_q[10..12]                 ; Merged with quantum_state_vector:u4_state_vector|qsv_flip_flops[2].re_q[4]  ;
; quantum_state_vector:u4_state_vector|qsv_flip_flops[0].re_q[10]                     ; Merged with quantum_state_vector:u4_state_vector|qsv_flip_flops[2].re_q[4]  ;
; quantum_state_vector:u4_state_vector|qsv_flip_flops[2].re_q[1..3,8]                 ; Merged with quantum_state_vector:u4_state_vector|qsv_flip_flops[2].re_q[4]  ;
; quantum_state_vector:u4_state_vector|qsv_flip_flops[0].re_q[3]                      ; Merged with quantum_state_vector:u4_state_vector|qsv_flip_flops[2].re_q[4]  ;
; quantum_state_vector:u4_state_vector|qsv_flip_flops[1].im_q[0..2]                   ; Merged with quantum_state_vector:u4_state_vector|qsv_flip_flops[2].re_q[4]  ;
; quantum_state_vector:u4_state_vector|qsv_flip_flops[1].re_q[2,3,7,9,12,14,15]       ; Merged with quantum_state_vector:u4_state_vector|qsv_flip_flops[2].re_q[4]  ;
; quantum_state_vector:u4_state_vector|qsv_flip_flops[1].im_q[6,8]                    ; Merged with quantum_state_vector:u4_state_vector|qsv_flip_flops[2].re_q[4]  ;
; quantum_state_vector:u4_state_vector|qsv_flip_flops[1].re_q[1]                      ; Merged with quantum_state_vector:u4_state_vector|qsv_flip_flops[2].re_q[4]  ;
; quantum_state_vector:u2_state_vector|qsv_flip_flops[5].re_q[0,1,5,7]                ; Merged with quantum_state_vector:u2_state_vector|qsv_flip_flops[0].im_q[0]  ;
; quantum_state_vector:u3_state_vector|qsv_flip_flops[6].re_q[11,12]                  ; Stuck at GND due to stuck port data_in                                      ;
; quantum_state_vector:u4_state_vector|qsv_flip_flops[6].re_q[11,12]                  ; Stuck at GND due to stuck port data_in                                      ;
; Total Number of Removed Registers = 1095                                            ;                                                                             ;
+-------------------------------------------------------------------------------------+-----------------------------------------------------------------------------+


+----------------------------------------------------------------------------------------------------------------------------------------------------------------+
; Removed Registers Triggering Further Register Optimizations                                                                                                    ;
+-----------------------------------------------------------------+---------------------------+------------------------------------------------------------------+
; Register name                                                   ; Reason for Removal        ; Registers Removed due to This Register                           ;
+-----------------------------------------------------------------+---------------------------+------------------------------------------------------------------+
; quantum_state_vector:u0_state_vector|qsv_flip_flops[1].im_q[15] ; Stuck at GND              ; quantum_state_vector:u1_state_vector|qsv_flip_flops[1].im_q[15], ;
;                                                                 ; due to stuck port data_in ; quantum_state_vector:u2_state_vector|qsv_flip_flops[1].im_q[15], ;
;                                                                 ;                           ; quantum_state_vector:u2_state_vector|qsv_flip_flops[5].re_q[6],  ;
;                                                                 ;                           ; quantum_state_vector:u3_state_vector|qsv_flip_flops[3].im_q[6],  ;
;                                                                 ;                           ; quantum_state_vector:u3_state_vector|qsv_flip_flops[3].im_q[0],  ;
;                                                                 ;                           ; quantum_state_vector:u3_state_vector|qsv_flip_flops[3].im_q[1],  ;
;                                                                 ;                           ; quantum_state_vector:u3_state_vector|qsv_flip_flops[3].im_q[2],  ;
;                                                                 ;                           ; quantum_state_vector:u4_state_vector|qsv_flip_flops[3].re_q[0],  ;
;                                                                 ;                           ; quantum_state_vector:u4_state_vector|qsv_flip_flops[3].re_q[1],  ;
;                                                                 ;                           ; quantum_state_vector:u4_state_vector|qsv_flip_flops[3].re_q[2],  ;
;                                                                 ;                           ; quantum_state_vector:u2_state_vector|qsv_flip_flops[5].re_q[2],  ;
;                                                                 ;                           ; quantum_state_vector:u2_state_vector|qsv_flip_flops[5].re_q[3],  ;
;                                                                 ;                           ; quantum_state_vector:u2_state_vector|qsv_flip_flops[5].re_q[4],  ;
;                                                                 ;                           ; quantum_state_vector:u3_state_vector|qsv_flip_flops[1].im_q[3],  ;
;                                                                 ;                           ; quantum_state_vector:u3_state_vector|qsv_flip_flops[1].im_q[4],  ;
;                                                                 ;                           ; quantum_state_vector:u3_state_vector|qsv_flip_flops[1].im_q[7],  ;
;                                                                 ;                           ; quantum_state_vector:u4_state_vector|qsv_flip_flops[1].im_q[3],  ;
;                                                                 ;                           ; quantum_state_vector:u4_state_vector|qsv_flip_flops[1].im_q[4],  ;
;                                                                 ;                           ; quantum_state_vector:u4_state_vector|qsv_flip_flops[1].im_q[7],  ;
;                                                                 ;                           ; quantum_state_vector:u3_state_vector|qsv_flip_flops[1].im_q[5],  ;
;                                                                 ;                           ; quantum_state_vector:u4_state_vector|qsv_flip_flops[1].im_q[5]   ;
; quantum_state_vector:u0_state_vector|qsv_flip_flops[3].im_q[15] ; Stuck at GND              ; quantum_state_vector:u1_state_vector|qsv_flip_flops[3].im_q[15], ;
;                                                                 ; due to stuck port data_in ; quantum_state_vector:u2_state_vector|qsv_flip_flops[3].im_q[15], ;
;                                                                 ;                           ; quantum_state_vector:u3_state_vector|qsv_flip_flops[1].im_q[14], ;
;                                                                 ;                           ; quantum_state_vector:u3_state_vector|qsv_flip_flops[1].im_q[13], ;
;                                                                 ;                           ; quantum_state_vector:u3_state_vector|qsv_flip_flops[1].im_q[10], ;
;                                                                 ;                           ; quantum_state_vector:u3_state_vector|qsv_flip_flops[6].im_q[14], ;
;                                                                 ;                           ; quantum_state_vector:u3_state_vector|qsv_flip_flops[6].im_q[13], ;
;                                                                 ;                           ; quantum_state_vector:u3_state_vector|qsv_flip_flops[6].im_q[10], ;
;                                                                 ;                           ; quantum_state_vector:u4_state_vector|qsv_flip_flops[1].im_q[14], ;
;                                                                 ;                           ; quantum_state_vector:u4_state_vector|qsv_flip_flops[1].im_q[13], ;
;                                                                 ;                           ; quantum_state_vector:u4_state_vector|qsv_flip_flops[1].im_q[10], ;
;                                                                 ;                           ; quantum_state_vector:u4_state_vector|qsv_flip_flops[6].im_q[14], ;
;                                                                 ;                           ; quantum_state_vector:u4_state_vector|qsv_flip_flops[6].im_q[13], ;
;                                                                 ;                           ; quantum_state_vector:u4_state_vector|qsv_flip_flops[6].im_q[10], ;
;                                                                 ;                           ; quantum_state_vector:u3_state_vector|qsv_flip_flops[3].im_q[8]   ;
; quantum_state_vector:u0_state_vector|qsv_flip_flops[0].re_q[15] ; Stuck at GND              ; quantum_state_vector:u1_state_vector|qsv_flip_flops[0].re_q[15], ;
;                                                                 ; due to stuck port data_in ; quantum_state_vector:u2_state_vector|qsv_flip_flops[0].re_q[15], ;
;                                                                 ;                           ; quantum_state_vector:u3_state_vector|qsv_flip_flops[0].re_q[14], ;
;                                                                 ;                           ; quantum_state_vector:u3_state_vector|qsv_flip_flops[0].re_q[15], ;
;                                                                 ;                           ; quantum_state_vector:u4_state_vector|qsv_flip_flops[0].re_q[14], ;
;                                                                 ;                           ; quantum_state_vector:u4_state_vector|qsv_flip_flops[0].re_q[15], ;
;                                                                 ;                           ; quantum_state_vector:u3_state_vector|qsv_flip_flops[2].re_q[9],  ;
;                                                                 ;                           ; quantum_state_vector:u4_state_vector|qsv_flip_flops[2].re_q[9],  ;
;                                                                 ;                           ; quantum_state_vector:u3_state_vector|qsv_flip_flops[0].re_q[8],  ;
;                                                                 ;                           ; quantum_state_vector:u3_state_vector|qsv_flip_flops[0].re_q[9],  ;
;                                                                 ;                           ; quantum_state_vector:u3_state_vector|qsv_flip_flops[2].re_q[6],  ;
;                                                                 ;                           ; quantum_state_vector:u4_state_vector|qsv_flip_flops[0].re_q[8],  ;
;                                                                 ;                           ; quantum_state_vector:u4_state_vector|qsv_flip_flops[0].re_q[9],  ;
;                                                                 ;                           ; quantum_state_vector:u4_state_vector|qsv_flip_flops[2].re_q[6]   ;
; quantum_state_vector:u0_state_vector|qsv_flip_flops[0].re_q[14] ; Stuck at GND              ; quantum_state_vector:u1_state_vector|qsv_flip_flops[0].re_q[14], ;
;                                                                 ; due to stuck port data_in ; quantum_state_vector:u2_state_vector|qsv_flip_flops[0].re_q[14], ;
;                                                                 ;                           ; quantum_state_vector:u3_state_vector|qsv_flip_flops[0].re_q[7],  ;
;                                                                 ;                           ; quantum_state_vector:u3_state_vector|qsv_flip_flops[2].re_q[5],  ;
;                                                                 ;                           ; quantum_state_vector:u4_state_vector|qsv_flip_flops[0].re_q[7],  ;
;                                                                 ;                           ; quantum_state_vector:u4_state_vector|qsv_flip_flops[2].re_q[5],  ;
;                                                                 ;                           ; quantum_state_vector:u3_state_vector|qsv_flip_flops[2].re_q[0],  ;
;                                                                 ;                           ; quantum_state_vector:u3_state_vector|qsv_flip_flops[2].re_q[7],  ;
;                                                                 ;                           ; quantum_state_vector:u4_state_vector|qsv_flip_flops[2].re_q[0],  ;
;                                                                 ;                           ; quantum_state_vector:u4_state_vector|qsv_flip_flops[2].re_q[7],  ;
;                                                                 ;                           ; quantum_state_vector:u3_state_vector|qsv_flip_flops[0].re_q[0],  ;
;                                                                 ;                           ; quantum_state_vector:u3_state_vector|qsv_flip_flops[0].re_q[2],  ;
;                                                                 ;                           ; quantum_state_vector:u4_state_vector|qsv_flip_flops[0].re_q[0],  ;
;                                                                 ;                           ; quantum_state_vector:u4_state_vector|qsv_flip_flops[0].re_q[2]   ;
; quantum_state_vector:u0_state_vector|qsv_flip_flops[5].re_q[15] ; Stuck at GND              ; quantum_state_vector:u1_state_vector|qsv_flip_flops[5].re_q[15], ;
;                                                                 ; due to stuck port data_in ; quantum_state_vector:u2_state_vector|qsv_flip_flops[5].re_q[14], ;
;                                                                 ;                           ; quantum_state_vector:u2_state_vector|qsv_flip_flops[5].re_q[13], ;
;                                                                 ;                           ; quantum_state_vector:u2_state_vector|qsv_flip_flops[5].im_q[14], ;
;                                                                 ;                           ; quantum_state_vector:u2_state_vector|qsv_flip_flops[5].im_q[13], ;
;                                                                 ;                           ; quantum_state_vector:u2_state_vector|qsv_flip_flops[5].re_q[10], ;
;                                                                 ;                           ; quantum_state_vector:u2_state_vector|qsv_flip_flops[5].im_q[10], ;
;                                                                 ;                           ; quantum_state_vector:u2_state_vector|qsv_flip_flops[5].re_q[8]   ;
; quantum_state_vector:u0_state_vector|qsv_flip_flops[5].re_q[4]  ; Stuck at GND              ; quantum_state_vector:u1_state_vector|qsv_flip_flops[5].re_q[4],  ;
;                                                                 ; due to stuck port data_in ; quantum_state_vector:u1_state_vector|qsv_flip_flops[6].re_q[5],  ;
;                                                                 ;                           ; quantum_state_vector:u1_state_vector|qsv_flip_flops[6].re_q[6],  ;
;                                                                 ;                           ; quantum_state_vector:u1_state_vector|qsv_flip_flops[6].re_q[7],  ;
;                                                                 ;                           ; quantum_state_vector:u2_state_vector|qsv_flip_flops[6].re_q[5],  ;
;                                                                 ;                           ; quantum_state_vector:u2_state_vector|qsv_flip_flops[6].re_q[6],  ;
;                                                                 ;                           ; quantum_state_vector:u2_state_vector|qsv_flip_flops[6].re_q[7]   ;
; quantum_state_vector:u0_state_vector|qsv_flip_flops[3].im_q[4]  ; Stuck at GND              ; quantum_state_vector:u1_state_vector|qsv_flip_flops[3].im_q[4],  ;
;                                                                 ; due to stuck port data_in ; quantum_state_vector:u2_state_vector|qsv_flip_flops[3].im_q[4],  ;
;                                                                 ;                           ; quantum_state_vector:u1_state_vector|qsv_flip_flops[7].re_q[6],  ;
;                                                                 ;                           ; quantum_state_vector:u1_state_vector|qsv_flip_flops[7].re_q[7],  ;
;                                                                 ;                           ; quantum_state_vector:u1_state_vector|qsv_flip_flops[7].re_q[8]   ;
; quantum_state_vector:u3_state_vector|qsv_flip_flops[3].re_q[15] ; Stuck at GND              ; quantum_state_vector:u4_state_vector|qsv_flip_flops[3].im_q[15], ;
;                                                                 ; due to stuck port data_in ; quantum_state_vector:u5_state_vector|qsv_flip_flops[2].im_q[14], ;
;                                                                 ;                           ; quantum_state_vector:u5_state_vector|qsv_flip_flops[2].im_q[15], ;
;                                                                 ;                           ; quantum_state_vector:u6_state_vector|qsv_flip_flops[2].im_q[14], ;
;                                                                 ;                           ; quantum_state_vector:u6_state_vector|qsv_flip_flops[2].im_q[15]  ;
; quantum_state_vector:u0_state_vector|qsv_flip_flops[1].re_q[8]  ; Stuck at GND              ; quantum_state_vector:u1_state_vector|qsv_flip_flops[1].re_q[8],  ;
;                                                                 ; due to stuck port data_in ; quantum_state_vector:u2_state_vector|qsv_flip_flops[1].re_q[8],  ;
;                                                                 ;                           ; quantum_state_vector:u3_state_vector|qsv_flip_flops[1].re_q[0],  ;
;                                                                 ;                           ; quantum_state_vector:u4_state_vector|qsv_flip_flops[1].re_q[0]   ;
; quantum_state_vector:u0_state_vector|qsv_flip_flops[0].re_q[4]  ; Stuck at GND              ; quantum_state_vector:u1_state_vector|qsv_flip_flops[0].re_q[4],  ;
;                                                                 ; due to stuck port data_in ; quantum_state_vector:u2_state_vector|qsv_flip_flops[0].re_q[4],  ;
;                                                                 ;                           ; quantum_state_vector:u3_state_vector|qsv_flip_flops[0].re_q[1],  ;
;                                                                 ;                           ; quantum_state_vector:u4_state_vector|qsv_flip_flops[0].re_q[1]   ;
; quantum_state_vector:u0_state_vector|qsv_flip_flops[1].re_q[12] ; Stuck at GND              ; quantum_state_vector:u1_state_vector|qsv_flip_flops[1].re_q[12], ;
;                                                                 ; due to stuck port data_in ; quantum_state_vector:u2_state_vector|qsv_flip_flops[1].re_q[12], ;
;                                                                 ;                           ; quantum_state_vector:u3_state_vector|qsv_flip_flops[1].re_q[4],  ;
;                                                                 ;                           ; quantum_state_vector:u4_state_vector|qsv_flip_flops[1].re_q[4]   ;
; quantum_state_vector:u0_state_vector|qsv_flip_flops[3].re_q[13] ; Stuck at GND              ; quantum_state_vector:u1_state_vector|qsv_flip_flops[3].re_q[13], ;
;                                                                 ; due to stuck port data_in ; quantum_state_vector:u2_state_vector|qsv_flip_flops[3].re_q[13], ;
;                                                                 ;                           ; quantum_state_vector:u3_state_vector|qsv_flip_flops[1].re_q[5],  ;
;                                                                 ;                           ; quantum_state_vector:u4_state_vector|qsv_flip_flops[1].re_q[5]   ;
; quantum_state_vector:u0_state_vector|qsv_flip_flops[1].im_q[12] ; Stuck at GND              ; quantum_state_vector:u1_state_vector|qsv_flip_flops[1].im_q[12], ;
;                                                                 ; due to stuck port data_in ; quantum_state_vector:u2_state_vector|qsv_flip_flops[1].im_q[12]  ;
; quantum_state_vector:u0_state_vector|qsv_flip_flops[1].im_q[11] ; Stuck at GND              ; quantum_state_vector:u1_state_vector|qsv_flip_flops[1].im_q[11], ;
;                                                                 ; due to stuck port data_in ; quantum_state_vector:u2_state_vector|qsv_flip_flops[1].im_q[11]  ;
; quantum_state_vector:u0_state_vector|qsv_flip_flops[1].im_q[10] ; Stuck at GND              ; quantum_state_vector:u1_state_vector|qsv_flip_flops[1].im_q[10], ;
;                                                                 ; due to stuck port data_in ; quantum_state_vector:u2_state_vector|qsv_flip_flops[1].im_q[10]  ;
; quantum_state_vector:u0_state_vector|qsv_flip_flops[1].im_q[9]  ; Stuck at GND              ; quantum_state_vector:u1_state_vector|qsv_flip_flops[1].im_q[9],  ;
;                                                                 ; due to stuck port data_in ; quantum_state_vector:u2_state_vector|qsv_flip_flops[1].im_q[9]   ;
; quantum_state_vector:u0_state_vector|qsv_flip_flops[1].im_q[8]  ; Stuck at GND              ; quantum_state_vector:u1_state_vector|qsv_flip_flops[1].im_q[8],  ;
;                                                                 ; due to stuck port data_in ; quantum_state_vector:u2_state_vector|qsv_flip_flops[1].im_q[8]   ;
; quantum_state_vector:u0_state_vector|qsv_flip_flops[1].im_q[7]  ; Stuck at GND              ; quantum_state_vector:u1_state_vector|qsv_flip_flops[1].im_q[7],  ;
;                                                                 ; due to stuck port data_in ; quantum_state_vector:u2_state_vector|qsv_flip_flops[1].im_q[7]   ;
; quantum_state_vector:u0_state_vector|qsv_flip_flops[1].im_q[6]  ; Stuck at GND              ; quantum_state_vector:u1_state_vector|qsv_flip_flops[1].im_q[6],  ;
;                                                                 ; due to stuck port data_in ; quantum_state_vector:u2_state_vector|qsv_flip_flops[1].im_q[6]   ;
; quantum_state_vector:u0_state_vector|qsv_flip_flops[1].im_q[5]  ; Stuck at GND              ; quantum_state_vector:u1_state_vector|qsv_flip_flops[1].im_q[5],  ;
;                                                                 ; due to stuck port data_in ; quantum_state_vector:u2_state_vector|qsv_flip_flops[1].im_q[5]   ;
; quantum_state_vector:u0_state_vector|qsv_flip_flops[1].im_q[4]  ; Stuck at GND              ; quantum_state_vector:u1_state_vector|qsv_flip_flops[1].im_q[4],  ;
;                                                                 ; due to stuck port data_in ; quantum_state_vector:u2_state_vector|qsv_flip_flops[1].im_q[4]   ;
; quantum_state_vector:u0_state_vector|qsv_flip_flops[1].im_q[3]  ; Stuck at GND              ; quantum_state_vector:u1_state_vector|qsv_flip_flops[1].im_q[3],  ;
;                                                                 ; due to stuck port data_in ; quantum_state_vector:u2_state_vector|qsv_flip_flops[1].im_q[3]   ;
; quantum_state_vector:u0_state_vector|qsv_flip_flops[1].im_q[2]  ; Stuck at GND              ; quantum_state_vector:u1_state_vector|qsv_flip_flops[1].im_q[2],  ;
;                                                                 ; due to stuck port data_in ; quantum_state_vector:u2_state_vector|qsv_flip_flops[1].im_q[2]   ;
; quantum_state_vector:u0_state_vector|qsv_flip_flops[1].im_q[1]  ; Stuck at GND              ; quantum_state_vector:u1_state_vector|qsv_flip_flops[1].im_q[1],  ;
;                                                                 ; due to stuck port data_in ; quantum_state_vector:u2_state_vector|qsv_flip_flops[1].im_q[1]   ;
; quantum_state_vector:u0_state_vector|qsv_flip_flops[1].im_q[0]  ; Stuck at GND              ; quantum_state_vector:u1_state_vector|qsv_flip_flops[1].im_q[0],  ;
;                                                                 ; due to stuck port data_in ; quantum_state_vector:u2_state_vector|qsv_flip_flops[1].im_q[0]   ;
; quantum_state_vector:u0_state_vector|qsv_flip_flops[0].re_q[2]  ; Stuck at GND              ; quantum_state_vector:u1_state_vector|qsv_flip_flops[0].re_q[2],  ;
;                                                                 ; due to stuck port data_in ; quantum_state_vector:u2_state_vector|qsv_flip_flops[0].re_q[2]   ;
; quantum_state_vector:u0_state_vector|qsv_flip_flops[0].re_q[1]  ; Stuck at GND              ; quantum_state_vector:u1_state_vector|qsv_flip_flops[0].re_q[1],  ;
;                                                                 ; due to stuck port data_in ; quantum_state_vector:u2_state_vector|qsv_flip_flops[0].re_q[1]   ;
; quantum_state_vector:u0_state_vector|qsv_flip_flops[1].re_q[2]  ; Stuck at GND              ; quantum_state_vector:u1_state_vector|qsv_flip_flops[1].re_q[2],  ;
;                                                                 ; due to stuck port data_in ; quantum_state_vector:u2_state_vector|qsv_flip_flops[1].re_q[2]   ;
; quantum_state_vector:u0_state_vector|qsv_flip_flops[1].re_q[1]  ; Stuck at GND              ; quantum_state_vector:u1_state_vector|qsv_flip_flops[1].re_q[1],  ;
;                                                                 ; due to stuck port data_in ; quantum_state_vector:u2_state_vector|qsv_flip_flops[1].re_q[1]   ;
; quantum_state_vector:u0_state_vector|qsv_flip_flops[2].re_q[1]  ; Stuck at GND              ; quantum_state_vector:u1_state_vector|qsv_flip_flops[2].re_q[1],  ;
;                                                                 ; due to stuck port data_in ; quantum_state_vector:u2_state_vector|qsv_flip_flops[2].re_q[1]   ;
; quantum_state_vector:u0_state_vector|qsv_flip_flops[2].re_q[0]  ; Stuck at GND              ; quantum_state_vector:u1_state_vector|qsv_flip_flops[2].re_q[0],  ;
;                                                                 ; due to stuck port data_in ; quantum_state_vector:u2_state_vector|qsv_flip_flops[2].re_q[0]   ;
; quantum_state_vector:u0_state_vector|qsv_flip_flops[2].im_q[2]  ; Stuck at GND              ; quantum_state_vector:u1_state_vector|qsv_flip_flops[2].im_q[2],  ;
;                                                                 ; due to stuck port data_in ; quantum_state_vector:u2_state_vector|qsv_flip_flops[2].im_q[2]   ;
; quantum_state_vector:u0_state_vector|qsv_flip_flops[2].im_q[1]  ; Stuck at GND              ; quantum_state_vector:u1_state_vector|qsv_flip_flops[2].im_q[1],  ;
;                                                                 ; due to stuck port data_in ; quantum_state_vector:u2_state_vector|qsv_flip_flops[2].im_q[1]   ;
; quantum_state_vector:u0_state_vector|qsv_flip_flops[2].im_q[0]  ; Stuck at GND              ; quantum_state_vector:u1_state_vector|qsv_flip_flops[2].im_q[0],  ;
;                                                                 ; due to stuck port data_in ; quantum_state_vector:u2_state_vector|qsv_flip_flops[2].im_q[0]   ;
; quantum_state_vector:u0_state_vector|qsv_flip_flops[3].re_q[2]  ; Stuck at GND              ; quantum_state_vector:u1_state_vector|qsv_flip_flops[3].re_q[2],  ;
;                                                                 ; due to stuck port data_in ; quantum_state_vector:u2_state_vector|qsv_flip_flops[3].re_q[2]   ;
; quantum_state_vector:u0_state_vector|qsv_flip_flops[3].re_q[0]  ; Stuck at GND              ; quantum_state_vector:u1_state_vector|qsv_flip_flops[3].re_q[0],  ;
;                                                                 ; due to stuck port data_in ; quantum_state_vector:u2_state_vector|qsv_flip_flops[3].re_q[0]   ;
; quantum_state_vector:u0_state_vector|qsv_flip_flops[4].re_q[4]  ; Stuck at GND              ; quantum_state_vector:u1_state_vector|qsv_flip_flops[4].re_q[4],  ;
;                                                                 ; due to stuck port data_in ; quantum_state_vector:u2_state_vector|qsv_flip_flops[4].re_q[4]   ;
; quantum_state_vector:u0_state_vector|qsv_flip_flops[4].re_q[3]  ; Stuck at GND              ; quantum_state_vector:u1_state_vector|qsv_flip_flops[4].re_q[3],  ;
;                                                                 ; due to stuck port data_in ; quantum_state_vector:u2_state_vector|qsv_flip_flops[4].re_q[3]   ;
; quantum_state_vector:u0_state_vector|qsv_flip_flops[4].re_q[2]  ; Stuck at GND              ; quantum_state_vector:u1_state_vector|qsv_flip_flops[4].re_q[2],  ;
;                                                                 ; due to stuck port data_in ; quantum_state_vector:u2_state_vector|qsv_flip_flops[4].re_q[2]   ;
; quantum_state_vector:u0_state_vector|qsv_flip_flops[0].re_q[13] ; Stuck at GND              ; quantum_state_vector:u1_state_vector|qsv_flip_flops[0].re_q[13], ;
;                                                                 ; due to stuck port data_in ; quantum_state_vector:u2_state_vector|qsv_flip_flops[0].re_q[13]  ;
; quantum_state_vector:u0_state_vector|qsv_flip_flops[0].re_q[9]  ; Stuck at GND              ; quantum_state_vector:u1_state_vector|qsv_flip_flops[0].re_q[9],  ;
;                                                                 ; due to stuck port data_in ; quantum_state_vector:u2_state_vector|qsv_flip_flops[0].re_q[9]   ;
; quantum_state_vector:u0_state_vector|qsv_flip_flops[0].re_q[7]  ; Stuck at GND              ; quantum_state_vector:u1_state_vector|qsv_flip_flops[0].re_q[7],  ;
;                                                                 ; due to stuck port data_in ; quantum_state_vector:u2_state_vector|qsv_flip_flops[0].re_q[7]   ;
; quantum_state_vector:u0_state_vector|qsv_flip_flops[1].re_q[7]  ; Stuck at GND              ; quantum_state_vector:u1_state_vector|qsv_flip_flops[1].re_q[7],  ;
;                                                                 ; due to stuck port data_in ; quantum_state_vector:u2_state_vector|qsv_flip_flops[1].re_q[7]   ;
; quantum_state_vector:u0_state_vector|qsv_flip_flops[1].re_q[6]  ; Stuck at GND              ; quantum_state_vector:u1_state_vector|qsv_flip_flops[1].re_q[6],  ;
;                                                                 ; due to stuck port data_in ; quantum_state_vector:u2_state_vector|qsv_flip_flops[1].re_q[6]   ;
; quantum_state_vector:u0_state_vector|qsv_flip_flops[1].re_q[4]  ; Stuck at GND              ; quantum_state_vector:u1_state_vector|qsv_flip_flops[1].re_q[4],  ;
;                                                                 ; due to stuck port data_in ; quantum_state_vector:u2_state_vector|qsv_flip_flops[1].re_q[4]   ;
; quantum_state_vector:u0_state_vector|qsv_flip_flops[1].re_q[3]  ; Stuck at GND              ; quantum_state_vector:u1_state_vector|qsv_flip_flops[1].re_q[3],  ;
;                                                                 ; due to stuck port data_in ; quantum_state_vector:u2_state_vector|qsv_flip_flops[1].re_q[3]   ;
; quantum_state_vector:u0_state_vector|qsv_flip_flops[2].re_q[15] ; Stuck at GND              ; quantum_state_vector:u1_state_vector|qsv_flip_flops[2].re_q[15], ;
;                                                                 ; due to stuck port data_in ; quantum_state_vector:u2_state_vector|qsv_flip_flops[2].re_q[15]  ;
; quantum_state_vector:u0_state_vector|qsv_flip_flops[2].re_q[14] ; Stuck at GND              ; quantum_state_vector:u1_state_vector|qsv_flip_flops[2].re_q[14], ;
;                                                                 ; due to stuck port data_in ; quantum_state_vector:u2_state_vector|qsv_flip_flops[2].re_q[14]  ;
; quantum_state_vector:u0_state_vector|qsv_flip_flops[2].re_q[12] ; Stuck at GND              ; quantum_state_vector:u1_state_vector|qsv_flip_flops[2].re_q[12], ;
;                                                                 ; due to stuck port data_in ; quantum_state_vector:u2_state_vector|qsv_flip_flops[2].re_q[12]  ;
; quantum_state_vector:u0_state_vector|qsv_flip_flops[2].re_q[11] ; Stuck at GND              ; quantum_state_vector:u1_state_vector|qsv_flip_flops[2].re_q[11], ;
;                                                                 ; due to stuck port data_in ; quantum_state_vector:u2_state_vector|qsv_flip_flops[2].re_q[11]  ;
; quantum_state_vector:u0_state_vector|qsv_flip_flops[2].re_q[10] ; Stuck at GND              ; quantum_state_vector:u1_state_vector|qsv_flip_flops[2].re_q[10], ;
;                                                                 ; due to stuck port data_in ; quantum_state_vector:u2_state_vector|qsv_flip_flops[2].re_q[10]  ;
; quantum_state_vector:u0_state_vector|qsv_flip_flops[2].re_q[9]  ; Stuck at GND              ; quantum_state_vector:u1_state_vector|qsv_flip_flops[2].re_q[9],  ;
;                                                                 ; due to stuck port data_in ; quantum_state_vector:u2_state_vector|qsv_flip_flops[2].re_q[9]   ;
; quantum_state_vector:u0_state_vector|qsv_flip_flops[2].re_q[7]  ; Stuck at GND              ; quantum_state_vector:u1_state_vector|qsv_flip_flops[2].re_q[7],  ;
;                                                                 ; due to stuck port data_in ; quantum_state_vector:u2_state_vector|qsv_flip_flops[2].re_q[7]   ;
; quantum_state_vector:u0_state_vector|qsv_flip_flops[2].im_q[7]  ; Stuck at GND              ; quantum_state_vector:u1_state_vector|qsv_flip_flops[2].im_q[7],  ;
;                                                                 ; due to stuck port data_in ; quantum_state_vector:u2_state_vector|qsv_flip_flops[2].im_q[7]   ;
; quantum_state_vector:u0_state_vector|qsv_flip_flops[2].im_q[5]  ; Stuck at GND              ; quantum_state_vector:u1_state_vector|qsv_flip_flops[2].im_q[5],  ;
;                                                                 ; due to stuck port data_in ; quantum_state_vector:u2_state_vector|qsv_flip_flops[2].im_q[5]   ;
; quantum_state_vector:u0_state_vector|qsv_flip_flops[2].im_q[4]  ; Stuck at GND              ; quantum_state_vector:u1_state_vector|qsv_flip_flops[2].im_q[4],  ;
;                                                                 ; due to stuck port data_in ; quantum_state_vector:u2_state_vector|qsv_flip_flops[2].im_q[4]   ;
; quantum_state_vector:u0_state_vector|qsv_flip_flops[3].re_q[6]  ; Stuck at GND              ; quantum_state_vector:u1_state_vector|qsv_flip_flops[3].re_q[6],  ;
;                                                                 ; due to stuck port data_in ; quantum_state_vector:u2_state_vector|qsv_flip_flops[3].re_q[6]   ;
; quantum_state_vector:u0_state_vector|qsv_flip_flops[3].re_q[5]  ; Stuck at GND              ; quantum_state_vector:u1_state_vector|qsv_flip_flops[3].re_q[5],  ;
;                                                                 ; due to stuck port data_in ; quantum_state_vector:u2_state_vector|qsv_flip_flops[3].re_q[5]   ;
; quantum_state_vector:u0_state_vector|qsv_flip_flops[3].im_q[14] ; Stuck at GND              ; quantum_state_vector:u1_state_vector|qsv_flip_flops[3].im_q[14], ;
;                                                                 ; due to stuck port data_in ; quantum_state_vector:u2_state_vector|qsv_flip_flops[3].im_q[14]  ;
; quantum_state_vector:u0_state_vector|qsv_flip_flops[3].im_q[13] ; Stuck at GND              ; quantum_state_vector:u1_state_vector|qsv_flip_flops[3].im_q[13], ;
;                                                                 ; due to stuck port data_in ; quantum_state_vector:u2_state_vector|qsv_flip_flops[3].im_q[13]  ;
; quantum_state_vector:u0_state_vector|qsv_flip_flops[3].im_q[12] ; Stuck at GND              ; quantum_state_vector:u1_state_vector|qsv_flip_flops[3].im_q[12], ;
;                                                                 ; due to stuck port data_in ; quantum_state_vector:u2_state_vector|qsv_flip_flops[3].im_q[12]  ;
; quantum_state_vector:u0_state_vector|qsv_flip_flops[3].im_q[11] ; Stuck at GND              ; quantum_state_vector:u1_state_vector|qsv_flip_flops[3].im_q[11], ;
;                                                                 ; due to stuck port data_in ; quantum_state_vector:u2_state_vector|qsv_flip_flops[3].im_q[11]  ;
; quantum_state_vector:u0_state_vector|qsv_flip_flops[3].im_q[10] ; Stuck at GND              ; quantum_state_vector:u1_state_vector|qsv_flip_flops[3].im_q[10], ;
;                                                                 ; due to stuck port data_in ; quantum_state_vector:u2_state_vector|qsv_flip_flops[3].im_q[10]  ;
; quantum_state_vector:u0_state_vector|qsv_flip_flops[3].im_q[9]  ; Stuck at GND              ; quantum_state_vector:u1_state_vector|qsv_flip_flops[3].im_q[9],  ;
;                                                                 ; due to stuck port data_in ; quantum_state_vector:u2_state_vector|qsv_flip_flops[3].im_q[9]   ;
; quantum_state_vector:u0_state_vector|qsv_flip_flops[3].im_q[5]  ; Stuck at GND              ; quantum_state_vector:u1_state_vector|qsv_flip_flops[3].im_q[5],  ;
;                                                                 ; due to stuck port data_in ; quantum_state_vector:u2_state_vector|qsv_flip_flops[3].im_q[5]   ;
; quantum_state_vector:u0_state_vector|qsv_flip_flops[4].re_q[15] ; Stuck at GND              ; quantum_state_vector:u1_state_vector|qsv_flip_flops[4].re_q[15], ;
;                                                                 ; due to stuck port data_in ; quantum_state_vector:u2_state_vector|qsv_flip_flops[4].re_q[15]  ;
; quantum_state_vector:u0_state_vector|qsv_flip_flops[4].re_q[14] ; Stuck at GND              ; quantum_state_vector:u1_state_vector|qsv_flip_flops[4].re_q[14], ;
;                                                                 ; due to stuck port data_in ; quantum_state_vector:u2_state_vector|qsv_flip_flops[4].re_q[14]  ;
; quantum_state_vector:u0_state_vector|qsv_flip_flops[4].re_q[13] ; Stuck at GND              ; quantum_state_vector:u1_state_vector|qsv_flip_flops[4].re_q[13], ;
;                                                                 ; due to stuck port data_in ; quantum_state_vector:u2_state_vector|qsv_flip_flops[4].re_q[13]  ;
; quantum_state_vector:u0_state_vector|qsv_flip_flops[4].re_q[12] ; Stuck at GND              ; quantum_state_vector:u1_state_vector|qsv_flip_flops[4].re_q[12], ;
;                                                                 ; due to stuck port data_in ; quantum_state_vector:u2_state_vector|qsv_flip_flops[4].re_q[12]  ;
; quantum_state_vector:u0_state_vector|qsv_flip_flops[4].re_q[11] ; Stuck at GND              ; quantum_state_vector:u1_state_vector|qsv_flip_flops[4].re_q[11], ;
;                                                                 ; due to stuck port data_in ; quantum_state_vector:u2_state_vector|qsv_flip_flops[4].re_q[11]  ;
; quantum_state_vector:u0_state_vector|qsv_flip_flops[4].re_q[10] ; Stuck at GND              ; quantum_state_vector:u1_state_vector|qsv_flip_flops[4].re_q[10], ;
;                                                                 ; due to stuck port data_in ; quantum_state_vector:u2_state_vector|qsv_flip_flops[4].re_q[10]  ;
; quantum_state_vector:u0_state_vector|qsv_flip_flops[4].re_q[8]  ; Stuck at GND              ; quantum_state_vector:u1_state_vector|qsv_flip_flops[4].re_q[8],  ;
;                                                                 ; due to stuck port data_in ; quantum_state_vector:u2_state_vector|qsv_flip_flops[4].re_q[8]   ;
; quantum_state_vector:u0_state_vector|qsv_flip_flops[4].re_q[7]  ; Stuck at GND              ; quantum_state_vector:u1_state_vector|qsv_flip_flops[4].re_q[7],  ;
;                                                                 ; due to stuck port data_in ; quantum_state_vector:u2_state_vector|qsv_flip_flops[4].re_q[7]   ;
; quantum_state_vector:u0_state_vector|qsv_flip_flops[4].re_q[5]  ; Stuck at GND              ; quantum_state_vector:u1_state_vector|qsv_flip_flops[4].re_q[5],  ;
;                                                                 ; due to stuck port data_in ; quantum_state_vector:u2_state_vector|qsv_flip_flops[4].re_q[5]   ;
; quantum_state_vector:u0_state_vector|qsv_flip_flops[1].re_q[11] ; Stuck at GND              ; quantum_state_vector:u1_state_vector|qsv_flip_flops[1].re_q[11], ;
;                                                                 ; due to stuck port data_in ; quantum_state_vector:u2_state_vector|qsv_flip_flops[1].re_q[11]  ;
; quantum_state_vector:u0_state_vector|qsv_flip_flops[1].re_q[10] ; Stuck at GND              ; quantum_state_vector:u1_state_vector|qsv_flip_flops[1].re_q[10], ;
;                                                                 ; due to stuck port data_in ; quantum_state_vector:u2_state_vector|qsv_flip_flops[1].re_q[10]  ;
; quantum_state_vector:u0_state_vector|qsv_flip_flops[2].im_q[9]  ; Stuck at GND              ; quantum_state_vector:u1_state_vector|qsv_flip_flops[2].im_q[9],  ;
;                                                                 ; due to stuck port data_in ; quantum_state_vector:u2_state_vector|qsv_flip_flops[2].im_q[9]   ;
; quantum_state_vector:u0_state_vector|qsv_flip_flops[1].im_q[14] ; Stuck at GND              ; quantum_state_vector:u1_state_vector|qsv_flip_flops[1].im_q[14], ;
;                                                                 ; due to stuck port data_in ; quantum_state_vector:u2_state_vector|qsv_flip_flops[1].im_q[14]  ;
; quantum_state_vector:u0_state_vector|qsv_flip_flops[3].re_q[9]  ; Stuck at GND              ; quantum_state_vector:u1_state_vector|qsv_flip_flops[3].re_q[9],  ;
;                                                                 ; due to stuck port data_in ; quantum_state_vector:u2_state_vector|qsv_flip_flops[3].re_q[9]   ;
; quantum_state_vector:u0_state_vector|qsv_flip_flops[1].im_q[13] ; Stuck at GND              ; quantum_state_vector:u1_state_vector|qsv_flip_flops[1].im_q[13], ;
;                                                                 ; due to stuck port data_in ; quantum_state_vector:u2_state_vector|qsv_flip_flops[1].im_q[13]  ;
; quantum_state_vector:u0_state_vector|qsv_flip_flops[5].re_q[9]  ; Stuck at GND              ; quantum_state_vector:u1_state_vector|qsv_flip_flops[5].re_q[9]   ;
;                                                                 ; due to stuck port data_in ;                                                                  ;
; quantum_state_vector:u0_state_vector|qsv_flip_flops[5].re_q[8]  ; Stuck at GND              ; quantum_state_vector:u1_state_vector|qsv_flip_flops[5].re_q[8]   ;
;                                                                 ; due to stuck port data_in ;                                                                  ;
; quantum_state_vector:u0_state_vector|qsv_flip_flops[7].re_q[15] ; Stuck at GND              ; quantum_state_vector:u1_state_vector|qsv_flip_flops[7].im_q[15]  ;
;                                                                 ; due to stuck port data_in ;                                                                  ;
; quantum_state_vector:u0_state_vector|qsv_flip_flops[7].re_q[14] ; Stuck at GND              ; quantum_state_vector:u1_state_vector|qsv_flip_flops[7].im_q[14]  ;
;                                                                 ; due to stuck port data_in ;                                                                  ;
; quantum_state_vector:u0_state_vector|qsv_flip_flops[7].re_q[13] ; Stuck at GND              ; quantum_state_vector:u1_state_vector|qsv_flip_flops[7].im_q[13]  ;
;                                                                 ; due to stuck port data_in ;                                                                  ;
; quantum_state_vector:u0_state_vector|qsv_flip_flops[7].re_q[12] ; Stuck at GND              ; quantum_state_vector:u1_state_vector|qsv_flip_flops[7].im_q[12]  ;
;                                                                 ; due to stuck port data_in ;                                                                  ;
; quantum_state_vector:u0_state_vector|qsv_flip_flops[7].re_q[11] ; Stuck at GND              ; quantum_state_vector:u1_state_vector|qsv_flip_flops[7].im_q[11]  ;
;                                                                 ; due to stuck port data_in ;                                                                  ;
; quantum_state_vector:u0_state_vector|qsv_flip_flops[7].re_q[10] ; Stuck at GND              ; quantum_state_vector:u1_state_vector|qsv_flip_flops[7].im_q[10]  ;
;                                                                 ; due to stuck port data_in ;                                                                  ;
; quantum_state_vector:u0_state_vector|qsv_flip_flops[7].re_q[8]  ; Stuck at GND              ; quantum_state_vector:u1_state_vector|qsv_flip_flops[7].im_q[8]   ;
;                                                                 ; due to stuck port data_in ;                                                                  ;
; quantum_state_vector:u0_state_vector|qsv_flip_flops[7].re_q[6]  ; Stuck at GND              ; quantum_state_vector:u1_state_vector|qsv_flip_flops[7].im_q[6]   ;
;                                                                 ; due to stuck port data_in ;                                                                  ;
; quantum_state_vector:u0_state_vector|qsv_flip_flops[5].re_q[3]  ; Stuck at GND              ; quantum_state_vector:u1_state_vector|qsv_flip_flops[5].re_q[3]   ;
;                                                                 ; due to stuck port data_in ;                                                                  ;
; quantum_state_vector:u0_state_vector|qsv_flip_flops[7].re_q[3]  ; Stuck at GND              ; quantum_state_vector:u1_state_vector|qsv_flip_flops[7].im_q[3]   ;
;                                                                 ; due to stuck port data_in ;                                                                  ;
; quantum_state_vector:u0_state_vector|qsv_flip_flops[5].re_q[14] ; Stuck at GND              ; quantum_state_vector:u1_state_vector|qsv_flip_flops[5].re_q[14]  ;
;                                                                 ; due to stuck port data_in ;                                                                  ;
; quantum_state_vector:u0_state_vector|qsv_flip_flops[5].re_q[13] ; Stuck at GND              ; quantum_state_vector:u1_state_vector|qsv_flip_flops[5].re_q[13]  ;
;                                                                 ; due to stuck port data_in ;                                                                  ;
; quantum_state_vector:u0_state_vector|qsv_flip_flops[5].re_q[12] ; Stuck at GND              ; quantum_state_vector:u1_state_vector|qsv_flip_flops[5].re_q[12]  ;
;                                                                 ; due to stuck port data_in ;                                                                  ;
; quantum_state_vector:u0_state_vector|qsv_flip_flops[5].re_q[11] ; Stuck at GND              ; quantum_state_vector:u1_state_vector|qsv_flip_flops[5].re_q[11]  ;
;                                                                 ; due to stuck port data_in ;                                                                  ;
; quantum_state_vector:u3_state_vector|qsv_flip_flops[1].im_q[15] ; Stuck at GND              ; quantum_state_vector:u4_state_vector|qsv_flip_flops[1].im_q[15]  ;
;                                                                 ; due to stuck port data_in ;                                                                  ;
; quantum_state_vector:u3_state_vector|qsv_flip_flops[1].im_q[12] ; Stuck at GND              ; quantum_state_vector:u4_state_vector|qsv_flip_flops[1].im_q[12]  ;
;                                                                 ; due to stuck port data_in ;                                                                  ;
; quantum_state_vector:u3_state_vector|qsv_flip_flops[1].im_q[11] ; Stuck at GND              ; quantum_state_vector:u4_state_vector|qsv_flip_flops[1].im_q[11]  ;
;                                                                 ; due to stuck port data_in ;                                                                  ;
; quantum_state_vector:u3_state_vector|qsv_flip_flops[6].im_q[15] ; Stuck at GND              ; quantum_state_vector:u4_state_vector|qsv_flip_flops[6].im_q[15]  ;
;                                                                 ; due to stuck port data_in ;                                                                  ;
; quantum_state_vector:u3_state_vector|qsv_flip_flops[6].im_q[12] ; Stuck at GND              ; quantum_state_vector:u4_state_vector|qsv_flip_flops[6].im_q[12]  ;
;                                                                 ; due to stuck port data_in ;                                                                  ;
; quantum_state_vector:u3_state_vector|qsv_flip_flops[6].im_q[11] ; Stuck at GND              ; quantum_state_vector:u4_state_vector|qsv_flip_flops[6].im_q[11]  ;
;                                                                 ; due to stuck port data_in ;                                                                  ;
; quantum_state_vector:u1_state_vector|qsv_flip_flops[6].re_q[1]  ; Stuck at GND              ; quantum_state_vector:u2_state_vector|qsv_flip_flops[6].re_q[1]   ;
;                                                                 ; due to stuck port data_in ;                                                                  ;
; quantum_state_vector:u1_state_vector|qsv_flip_flops[6].re_q[2]  ; Stuck at GND              ; quantum_state_vector:u2_state_vector|qsv_flip_flops[6].re_q[2]   ;
;                                                                 ; due to stuck port data_in ;                                                                  ;
; quantum_state_vector:u3_state_vector|qsv_flip_flops[1].im_q[9]  ; Stuck at GND              ; quantum_state_vector:u4_state_vector|qsv_flip_flops[1].im_q[9]   ;
;                                                                 ; due to stuck port data_in ;                                                                  ;
; quantum_state_vector:u3_state_vector|qsv_flip_flops[0].re_q[12] ; Stuck at GND              ; quantum_state_vector:u4_state_vector|qsv_flip_flops[0].re_q[12]  ;
;                                                                 ; due to stuck port data_in ;                                                                  ;
; quantum_state_vector:u3_state_vector|qsv_flip_flops[3].re_q[10] ; Stuck at GND              ; quantum_state_vector:u4_state_vector|qsv_flip_flops[3].im_q[10]  ;
;                                                                 ; due to stuck port data_in ;                                                                  ;
; quantum_state_vector:u3_state_vector|qsv_flip_flops[2].im_q[10] ; Stuck at GND              ; quantum_state_vector:u4_state_vector|qsv_flip_flops[2].im_q[10]  ;
;                                                                 ; due to stuck port data_in ;                                                                  ;
; quantum_state_vector:u3_state_vector|qsv_flip_flops[3].re_q[11] ; Stuck at GND              ; quantum_state_vector:u4_state_vector|qsv_flip_flops[3].im_q[11]  ;
;                                                                 ; due to stuck port data_in ;                                                                  ;
; quantum_state_vector:u3_state_vector|qsv_flip_flops[2].im_q[11] ; Stuck at GND              ; quantum_state_vector:u4_state_vector|qsv_flip_flops[2].im_q[11]  ;
;                                                                 ; due to stuck port data_in ;                                                                  ;
; quantum_state_vector:u3_state_vector|qsv_flip_flops[3].re_q[12] ; Stuck at GND              ; quantum_state_vector:u4_state_vector|qsv_flip_flops[3].im_q[12]  ;
;                                                                 ; due to stuck port data_in ;                                                                  ;
; quantum_state_vector:u3_state_vector|qsv_flip_flops[2].im_q[12] ; Stuck at GND              ; quantum_state_vector:u4_state_vector|qsv_flip_flops[2].im_q[12]  ;
;                                                                 ; due to stuck port data_in ;                                                                  ;
; quantum_state_vector:u3_state_vector|qsv_flip_flops[3].re_q[13] ; Stuck at GND              ; quantum_state_vector:u4_state_vector|qsv_flip_flops[3].im_q[13]  ;
;                                                                 ; due to stuck port data_in ;                                                                  ;
; quantum_state_vector:u3_state_vector|qsv_flip_flops[2].im_q[13] ; Stuck at GND              ; quantum_state_vector:u4_state_vector|qsv_flip_flops[2].im_q[13]  ;
;                                                                 ; due to stuck port data_in ;                                                                  ;
; quantum_state_vector:u3_state_vector|qsv_flip_flops[3].re_q[14] ; Stuck at GND              ; quantum_state_vector:u4_state_vector|qsv_flip_flops[3].im_q[14]  ;
;                                                                 ; due to stuck port data_in ;                                                                  ;
; quantum_state_vector:u3_state_vector|qsv_flip_flops[2].im_q[14] ; Stuck at GND              ; quantum_state_vector:u4_state_vector|qsv_flip_flops[2].im_q[14]  ;
;                                                                 ; due to stuck port data_in ;                                                                  ;
; quantum_state_vector:u0_state_vector|qsv_flip_flops[5].re_q[10] ; Stuck at GND              ; quantum_state_vector:u1_state_vector|qsv_flip_flops[5].re_q[10]  ;
;                                                                 ; due to stuck port data_in ;                                                                  ;
; quantum_state_vector:u3_state_vector|qsv_flip_flops[2].im_q[15] ; Stuck at GND              ; quantum_state_vector:u4_state_vector|qsv_flip_flops[2].im_q[15]  ;
;                                                                 ; due to stuck port data_in ;                                                                  ;
; quantum_state_vector:u5_state_vector|qsv_flip_flops[2].im_q[13] ; Stuck at GND              ; quantum_state_vector:u6_state_vector|qsv_flip_flops[2].im_q[13]  ;
;                                                                 ; due to stuck port data_in ;                                                                  ;
; quantum_state_vector:u5_state_vector|qsv_flip_flops[2].im_q[12] ; Stuck at GND              ; quantum_state_vector:u6_state_vector|qsv_flip_flops[2].im_q[12]  ;
;                                                                 ; due to stuck port data_in ;                                                                  ;
; quantum_state_vector:u3_state_vector|qsv_flip_flops[0].im_q[2]  ; Stuck at GND              ; quantum_state_vector:u4_state_vector|qsv_flip_flops[0].im_q[2]   ;
;                                                                 ; due to stuck port data_in ;                                                                  ;
; quantum_state_vector:u3_state_vector|qsv_flip_flops[0].im_q[3]  ; Stuck at GND              ; quantum_state_vector:u4_state_vector|qsv_flip_flops[0].im_q[3]   ;
;                                                                 ; due to stuck port data_in ;                                                                  ;
; quantum_state_vector:u3_state_vector|qsv_flip_flops[0].im_q[5]  ; Stuck at GND              ; quantum_state_vector:u4_state_vector|qsv_flip_flops[0].im_q[5]   ;
;                                                                 ; due to stuck port data_in ;                                                                  ;
; quantum_state_vector:u3_state_vector|qsv_flip_flops[3].re_q[2]  ; Stuck at GND              ; quantum_state_vector:u4_state_vector|qsv_flip_flops[3].im_q[2]   ;
;                                                                 ; due to stuck port data_in ;                                                                  ;
; quantum_state_vector:u3_state_vector|qsv_flip_flops[3].re_q[6]  ; Stuck at GND              ; quantum_state_vector:u4_state_vector|qsv_flip_flops[3].im_q[6]   ;
;                                                                 ; due to stuck port data_in ;                                                                  ;
; quantum_state_vector:u3_state_vector|qsv_flip_flops[0].im_q[6]  ; Stuck at GND              ; quantum_state_vector:u4_state_vector|qsv_flip_flops[0].im_q[6]   ;
;                                                                 ; due to stuck port data_in ;                                                                  ;
; quantum_state_vector:u3_state_vector|qsv_flip_flops[0].im_q[7]  ; Stuck at GND              ; quantum_state_vector:u4_state_vector|qsv_flip_flops[0].im_q[7]   ;
;                                                                 ; due to stuck port data_in ;                                                                  ;
; quantum_state_vector:u3_state_vector|qsv_flip_flops[0].im_q[8]  ; Stuck at GND              ; quantum_state_vector:u4_state_vector|qsv_flip_flops[0].im_q[8]   ;
;                                                                 ; due to stuck port data_in ;                                                                  ;
; quantum_state_vector:u3_state_vector|qsv_flip_flops[3].re_q[3]  ; Stuck at GND              ; quantum_state_vector:u4_state_vector|qsv_flip_flops[3].im_q[3]   ;
;                                                                 ; due to stuck port data_in ;                                                                  ;
; quantum_state_vector:u3_state_vector|qsv_flip_flops[3].re_q[7]  ; Stuck at GND              ; quantum_state_vector:u4_state_vector|qsv_flip_flops[3].im_q[7]   ;
;                                                                 ; due to stuck port data_in ;                                                                  ;
; quantum_state_vector:u3_state_vector|qsv_flip_flops[2].im_q[9]  ; Stuck at GND              ; quantum_state_vector:u4_state_vector|qsv_flip_flops[2].im_q[9]   ;
;                                                                 ; due to stuck port data_in ;                                                                  ;
; quantum_state_vector:u3_state_vector|qsv_flip_flops[2].im_q[2]  ; Stuck at GND              ; quantum_state_vector:u4_state_vector|qsv_flip_flops[2].im_q[2]   ;
;                                                                 ; due to stuck port data_in ;                                                                  ;
; quantum_state_vector:u3_state_vector|qsv_flip_flops[2].im_q[4]  ; Stuck at GND              ; quantum_state_vector:u4_state_vector|qsv_flip_flops[2].im_q[4]   ;
;                                                                 ; due to stuck port data_in ;                                                                  ;
; quantum_state_vector:u3_state_vector|qsv_flip_flops[1].re_q[6]  ; Stuck at GND              ; quantum_state_vector:u4_state_vector|qsv_flip_flops[1].re_q[6]   ;
;                                                                 ; due to stuck port data_in ;                                                                  ;
; quantum_state_vector:u3_state_vector|qsv_flip_flops[1].re_q[8]  ; Stuck at GND              ; quantum_state_vector:u4_state_vector|qsv_flip_flops[1].re_q[8]   ;
;                                                                 ; due to stuck port data_in ;                                                                  ;
; quantum_state_vector:u3_state_vector|qsv_flip_flops[1].re_q[10] ; Stuck at GND              ; quantum_state_vector:u4_state_vector|qsv_flip_flops[1].re_q[10]  ;
;                                                                 ; due to stuck port data_in ;                                                                  ;
; quantum_state_vector:u3_state_vector|qsv_flip_flops[1].re_q[11] ; Stuck at GND              ; quantum_state_vector:u4_state_vector|qsv_flip_flops[1].re_q[11]  ;
;                                                                 ; due to stuck port data_in ;                                                                  ;
; quantum_state_vector:u3_state_vector|qsv_flip_flops[1].re_q[13] ; Stuck at GND              ; quantum_state_vector:u4_state_vector|qsv_flip_flops[1].re_q[13]  ;
;                                                                 ; due to stuck port data_in ;                                                                  ;
; quantum_state_vector:u3_state_vector|qsv_flip_flops[6].re_q[11] ; Stuck at GND              ; quantum_state_vector:u4_state_vector|qsv_flip_flops[6].re_q[11]  ;
;                                                                 ; due to stuck port data_in ;                                                                  ;
; quantum_state_vector:u3_state_vector|qsv_flip_flops[6].re_q[12] ; Stuck at GND              ; quantum_state_vector:u4_state_vector|qsv_flip_flops[6].re_q[12]  ;
;                                                                 ; due to stuck port data_in ;                                                                  ;
+-----------------------------------------------------------------+---------------------------+------------------------------------------------------------------+


+------------------------------------------------------+
; General Register Statistics                          ;
+----------------------------------------------+-------+
; Statistic                                    ; Value ;
+----------------------------------------------+-------+
; Total registers                              ; 880   ;
; Number of registers using Synchronous Clear  ; 0     ;
; Number of registers using Synchronous Load   ; 0     ;
; Number of registers using Asynchronous Clear ; 876   ;
; Number of registers using Asynchronous Load  ; 0     ;
; Number of registers using Clock Enable       ; 3     ;
; Number of registers using Preset             ; 0     ;
+----------------------------------------------+-------+


+--------------------------------------------------+
; Inverted Register Statistics                     ;
+----------------------------------------+---------+
; Inverted Register                      ; Fan out ;
+----------------------------------------+---------+
; lfsr:rng_gen|pseudo_rng_q[8]           ; 8       ;
; lfsr:rng_gen|pseudo_rng_q[5]           ; 8       ;
; lfsr:rng_gen|pseudo_rng_q[1]           ; 8       ;
; lfsr:rng_gen|pseudo_rng_q[0]           ; 8       ;
; lfsr:rng_gen|pseudo_rng_q[14]          ; 1       ;
; Total number of inverted registers = 5 ;         ;
+----------------------------------------+---------+


+----------------------------------------------------------------------------+
; Parameter Settings for User Entity Instance: Top-level Entity: |top_qc_sim ;
+----------------+-------+---------------------------------------------------+
; Parameter Name ; Value ; Type                                              ;
+----------------+-------+---------------------------------------------------+
; QUBITS         ; 3     ; Signed Integer                                    ;
+----------------+-------+---------------------------------------------------+
Note: In order to hide this table in the UI and the text report file, please set the "Show Parameter Settings in Synthesis Report" option in "Analysis and Synthesis Settings -> More Settings" to "Off".


+--------------------------------------------------------------------+
; Parameter Settings for User Entity Instance: hadamard_gate:u0_h_q2 ;
+----------------+-------+-------------------------------------------+
; Parameter Name ; Value ; Type                                      ;
+----------------+-------+-------------------------------------------+
; QUBITS         ; 3     ; Signed Integer                            ;
; GATES          ; 1     ; Signed Integer                            ;
; BITMASK        ; 4     ; Signed Integer                            ;
+----------------+-------+-------------------------------------------+
Note: In order to hide this table in the UI and the text report file, please set the "Show Parameter Settings in Synthesis Report" option in "Analysis and Synthesis Settings -> More Settings" to "Off".


+-----------------------------------------------------------------------------------+
; Parameter Settings for User Entity Instance: quantum_state_vector:u0_state_vector ;
+----------------+-------+----------------------------------------------------------+
; Parameter Name ; Value ; Type                                                     ;
+----------------+-------+----------------------------------------------------------+
; QUBITS         ; 3     ; Signed Integer                                           ;
+----------------+-------+----------------------------------------------------------+
Note: In order to hide this table in the UI and the text report file, please set the "Show Parameter Settings in Synthesis Report" option in "Analysis and Synthesis Settings -> More Settings" to "Off".


+-------------------------------------------------------------------------+
; Parameter Settings for User Entity Instance: rot_gate_pi_2:u1_rpi2_q1q2 ;
+----------------+-------+------------------------------------------------+
; Parameter Name ; Value ; Type                                           ;
+----------------+-------+------------------------------------------------+
; QUBITS         ; 3     ; Signed Integer                                 ;
; CONTROL        ; 1     ; Signed Integer                                 ;
; TARGET         ; 2     ; Signed Integer                                 ;
+----------------+-------+------------------------------------------------+
Note: In order to hide this table in the UI and the text report file, please set the "Show Parameter Settings in Synthesis Report" option in "Analysis and Synthesis Settings -> More Settings" to "Off".


+-----------------------------------------------------------------------------------+
; Parameter Settings for User Entity Instance: quantum_state_vector:u1_state_vector ;
+----------------+-------+----------------------------------------------------------+
; Parameter Name ; Value ; Type                                                     ;
+----------------+-------+----------------------------------------------------------+
; QUBITS         ; 3     ; Signed Integer                                           ;
+----------------+-------+----------------------------------------------------------+
Note: In order to hide this table in the UI and the text report file, please set the "Show Parameter Settings in Synthesis Report" option in "Analysis and Synthesis Settings -> More Settings" to "Off".


+-------------------------------------------------------------------------+
; Parameter Settings for User Entity Instance: rot_gate_pi_4:u2_rpi4_q0q2 ;
+----------------+-------+------------------------------------------------+
; Parameter Name ; Value ; Type                                           ;
+----------------+-------+------------------------------------------------+
; QUBITS         ; 3     ; Signed Integer                                 ;
; CONTROL        ; 0     ; Signed Integer                                 ;
; TARGET         ; 2     ; Signed Integer                                 ;
+----------------+-------+------------------------------------------------+
Note: In order to hide this table in the UI and the text report file, please set the "Show Parameter Settings in Synthesis Report" option in "Analysis and Synthesis Settings -> More Settings" to "Off".


+-----------------------------------------------------------------------------------+
; Parameter Settings for User Entity Instance: quantum_state_vector:u2_state_vector ;
+----------------+-------+----------------------------------------------------------+
; Parameter Name ; Value ; Type                                                     ;
+----------------+-------+----------------------------------------------------------+
; QUBITS         ; 3     ; Signed Integer                                           ;
+----------------+-------+----------------------------------------------------------+
Note: In order to hide this table in the UI and the text report file, please set the "Show Parameter Settings in Synthesis Report" option in "Analysis and Synthesis Settings -> More Settings" to "Off".


+--------------------------------------------------------------------+
; Parameter Settings for User Entity Instance: hadamard_gate:u3_h_q1 ;
+----------------+-------+-------------------------------------------+
; Parameter Name ; Value ; Type                                      ;
+----------------+-------+-------------------------------------------+
; QUBITS         ; 3     ; Signed Integer                            ;
; GATES          ; 1     ; Signed Integer                            ;
; BITMASK        ; 2     ; Signed Integer                            ;
+----------------+-------+-------------------------------------------+
Note: In order to hide this table in the UI and the text report file, please set the "Show Parameter Settings in Synthesis Report" option in "Analysis and Synthesis Settings -> More Settings" to "Off".


+-----------------------------------------------------------------------------------+
; Parameter Settings for User Entity Instance: quantum_state_vector:u3_state_vector ;
+----------------+-------+----------------------------------------------------------+
; Parameter Name ; Value ; Type                                                     ;
+----------------+-------+----------------------------------------------------------+
; QUBITS         ; 3     ; Signed Integer                                           ;
+----------------+-------+----------------------------------------------------------+
Note: In order to hide this table in the UI and the text report file, please set the "Show Parameter Settings in Synthesis Report" option in "Analysis and Synthesis Settings -> More Settings" to "Off".


+-------------------------------------------------------------------------+
; Parameter Settings for User Entity Instance: rot_gate_pi_2:u4_rpi2_q0q1 ;
+----------------+-------+------------------------------------------------+
; Parameter Name ; Value ; Type                                           ;
+----------------+-------+------------------------------------------------+
; QUBITS         ; 3     ; Signed Integer                                 ;
; CONTROL        ; 0     ; Signed Integer                                 ;
; TARGET         ; 1     ; Signed Integer                                 ;
+----------------+-------+------------------------------------------------+
Note: In order to hide this table in the UI and the text report file, please set the "Show Parameter Settings in Synthesis Report" option in "Analysis and Synthesis Settings -> More Settings" to "Off".


+-----------------------------------------------------------------------------------+
; Parameter Settings for User Entity Instance: quantum_state_vector:u4_state_vector ;
+----------------+-------+----------------------------------------------------------+
; Parameter Name ; Value ; Type                                                     ;
+----------------+-------+----------------------------------------------------------+
; QUBITS         ; 3     ; Signed Integer                                           ;
+----------------+-------+----------------------------------------------------------+
Note: In order to hide this table in the UI and the text report file, please set the "Show Parameter Settings in Synthesis Report" option in "Analysis and Synthesis Settings -> More Settings" to "Off".


+--------------------------------------------------------------------+
; Parameter Settings for User Entity Instance: hadamard_gate:u5_h_q0 ;
+----------------+-------+-------------------------------------------+
; Parameter Name ; Value ; Type                                      ;
+----------------+-------+-------------------------------------------+
; QUBITS         ; 3     ; Signed Integer                            ;
; GATES          ; 1     ; Signed Integer                            ;
; BITMASK        ; 1     ; Signed Integer                            ;
+----------------+-------+-------------------------------------------+
Note: In order to hide this table in the UI and the text report file, please set the "Show Parameter Settings in Synthesis Report" option in "Analysis and Synthesis Settings -> More Settings" to "Off".


+-----------------------------------------------------------------------------------+
; Parameter Settings for User Entity Instance: quantum_state_vector:u5_state_vector ;
+----------------+-------+----------------------------------------------------------+
; Parameter Name ; Value ; Type                                                     ;
+----------------+-------+----------------------------------------------------------+
; QUBITS         ; 3     ; Signed Integer                                           ;
+----------------+-------+----------------------------------------------------------+
Note: In order to hide this table in the UI and the text report file, please set the "Show Parameter Settings in Synthesis Report" option in "Analysis and Synthesis Settings -> More Settings" to "Off".


+---------------------------------------------------------------------+
; Parameter Settings for User Entity Instance: swap_gate:u6_swap_q2q0 ;
+----------------+-------+--------------------------------------------+
; Parameter Name ; Value ; Type                                       ;
+----------------+-------+--------------------------------------------+
; QUBITS         ; 3     ; Signed Integer                             ;
; SWAP           ; 1     ; Signed Integer                             ;
+----------------+-------+--------------------------------------------+
Note: In order to hide this table in the UI and the text report file, please set the "Show Parameter Settings in Synthesis Report" option in "Analysis and Synthesis Settings -> More Settings" to "Off".


+-----------------------------------------------------------------------------------+
; Parameter Settings for User Entity Instance: quantum_state_vector:u6_state_vector ;
+----------------+-------+----------------------------------------------------------+
; Parameter Name ; Value ; Type                                                     ;
+----------------+-------+----------------------------------------------------------+
; QUBITS         ; 3     ; Signed Integer                                           ;
+----------------+-------+----------------------------------------------------------+
Note: In order to hide this table in the UI and the text report file, please set the "Show Parameter Settings in Synthesis Report" option in "Analysis and Synthesis Settings -> More Settings" to "Off".


+------------------------------------------------------------------+
; Parameter Settings for User Entity Instance: probability:prob_sv ;
+----------------+-------+-----------------------------------------+
; Parameter Name ; Value ; Type                                    ;
+----------------+-------+-----------------------------------------+
; QUBITS         ; 3     ; Signed Integer                          ;
+----------------+-------+-----------------------------------------+
Note: In order to hide this table in the UI and the text report file, please set the "Show Parameter Settings in Synthesis Report" option in "Analysis and Synthesis Settings -> More Settings" to "Off".


+----------------------------------------------------------------------------------+
; Parameter Settings for User Entity Instance: probability_weights:prob_weights_sv ;
+----------------+-------+---------------------------------------------------------+
; Parameter Name ; Value ; Type                                                    ;
+----------------+-------+---------------------------------------------------------+
; QUBITS         ; 3     ; Signed Integer                                          ;
+----------------+-------+---------------------------------------------------------+
Note: In order to hide this table in the UI and the text report file, please set the "Show Parameter Settings in Synthesis Report" option in "Analysis and Synthesis Settings -> More Settings" to "Off".


+-----------------------------------------------------------------+
; Parameter Settings for User Entity Instance: measure:measure_sv ;
+----------------+-------+----------------------------------------+
; Parameter Name ; Value ; Type                                   ;
+----------------+-------+----------------------------------------+
; QUBITS         ; 3     ; Signed Integer                         ;
+----------------+-------+----------------------------------------+
Note: In order to hide this table in the UI and the text report file, please set the "Show Parameter Settings in Synthesis Report" option in "Analysis and Synthesis Settings -> More Settings" to "Off".


+-------------------------------------------------------------------------------------+
; Parameter Settings for Inferred Entity Instance: probability:prob_sv|lpm_mult:Mult0 ;
+------------------------------------------------+----------+-------------------------+
; Parameter Name                                 ; Value    ; Type                    ;
+------------------------------------------------+----------+-------------------------+
; AUTO_CARRY_CHAINS                              ; ON       ; AUTO_CARRY              ;
; IGNORE_CARRY_BUFFERS                           ; OFF      ; IGNORE_CARRY            ;
; AUTO_CASCADE_CHAINS                            ; ON       ; AUTO_CASCADE            ;
; IGNORE_CASCADE_BUFFERS                         ; OFF      ; IGNORE_CASCADE          ;
; LPM_WIDTHA                                     ; 16       ; Untyped                 ;
; LPM_WIDTHB                                     ; 16       ; Untyped                 ;
; LPM_WIDTHP                                     ; 32       ; Untyped                 ;
; LPM_WIDTHR                                     ; 32       ; Untyped                 ;
; LPM_WIDTHS                                     ; 1        ; Untyped                 ;
; LPM_REPRESENTATION                             ; SIGNED   ; Untyped                 ;
; LPM_PIPELINE                                   ; 0        ; Untyped                 ;
; LATENCY                                        ; 0        ; Untyped                 ;
; INPUT_A_IS_CONSTANT                            ; NO       ; Untyped                 ;
; INPUT_B_IS_CONSTANT                            ; NO       ; Untyped                 ;
; USE_EAB                                        ; OFF      ; Untyped                 ;
; MAXIMIZE_SPEED                                 ; 5        ; Untyped                 ;
; DEVICE_FAMILY                                  ; MAX 10   ; Untyped                 ;
; CARRY_CHAIN                                    ; MANUAL   ; Untyped                 ;
; APEX20K_TECHNOLOGY_MAPPER                      ; LUT      ; TECH_MAPPER_APEX20K     ;
; DEDICATED_MULTIPLIER_CIRCUITRY                 ; AUTO     ; Untyped                 ;
; DEDICATED_MULTIPLIER_MIN_INPUT_WIDTH_FOR_AUTO  ; 0        ; Untyped                 ;
; DEDICATED_MULTIPLIER_MIN_OUTPUT_WIDTH_FOR_AUTO ; 0        ; Untyped                 ;
; CBXI_PARAMETER                                 ; mult_pgs ; Untyped                 ;
; INPUT_A_FIXED_VALUE                            ; Bx       ; Untyped                 ;
; INPUT_B_FIXED_VALUE                            ; Bx       ; Untyped                 ;
; USE_AHDL_IMPLEMENTATION                        ; OFF      ; Untyped                 ;
+------------------------------------------------+----------+-------------------------+
Note: In order to hide this table in the UI and the text report file, please set the "Show Parameter Settings in Synthesis Report" option in "Analysis and Synthesis Settings -> More Settings" to "Off".


+-------------------------------------------------------------------------------------+
; Parameter Settings for Inferred Entity Instance: probability:prob_sv|lpm_mult:Mult1 ;
+------------------------------------------------+----------+-------------------------+
; Parameter Name                                 ; Value    ; Type                    ;
+------------------------------------------------+----------+-------------------------+
; AUTO_CARRY_CHAINS                              ; ON       ; AUTO_CARRY              ;
; IGNORE_CARRY_BUFFERS                           ; OFF      ; IGNORE_CARRY            ;
; AUTO_CASCADE_CHAINS                            ; ON       ; AUTO_CASCADE            ;
; IGNORE_CASCADE_BUFFERS                         ; OFF      ; IGNORE_CASCADE          ;
; LPM_WIDTHA                                     ; 14       ; Untyped                 ;
; LPM_WIDTHB                                     ; 14       ; Untyped                 ;
; LPM_WIDTHP                                     ; 28       ; Untyped                 ;
; LPM_WIDTHR                                     ; 28       ; Untyped                 ;
; LPM_WIDTHS                                     ; 1        ; Untyped                 ;
; LPM_REPRESENTATION                             ; SIGNED   ; Untyped                 ;
; LPM_PIPELINE                                   ; 0        ; Untyped                 ;
; LATENCY                                        ; 0        ; Untyped                 ;
; INPUT_A_IS_CONSTANT                            ; NO       ; Untyped                 ;
; INPUT_B_IS_CONSTANT                            ; NO       ; Untyped                 ;
; USE_EAB                                        ; OFF      ; Untyped                 ;
; MAXIMIZE_SPEED                                 ; 6        ; Untyped                 ;
; DEVICE_FAMILY                                  ; MAX 10   ; Untyped                 ;
; CARRY_CHAIN                                    ; MANUAL   ; Untyped                 ;
; APEX20K_TECHNOLOGY_MAPPER                      ; LUT      ; TECH_MAPPER_APEX20K     ;
; DEDICATED_MULTIPLIER_CIRCUITRY                 ; AUTO     ; Untyped                 ;
; DEDICATED_MULTIPLIER_MIN_INPUT_WIDTH_FOR_AUTO  ; 0        ; Untyped                 ;
; DEDICATED_MULTIPLIER_MIN_OUTPUT_WIDTH_FOR_AUTO ; 0        ; Untyped                 ;
; CBXI_PARAMETER                                 ; mult_rgs ; Untyped                 ;
; INPUT_A_FIXED_VALUE                            ; Bx       ; Untyped                 ;
; INPUT_B_FIXED_VALUE                            ; Bx       ; Untyped                 ;
; USE_AHDL_IMPLEMENTATION                        ; OFF      ; Untyped                 ;
+------------------------------------------------+----------+-------------------------+
Note: In order to hide this table in the UI and the text report file, please set the "Show Parameter Settings in Synthesis Report" option in "Analysis and Synthesis Settings -> More Settings" to "Off".


+--------------------------------------------------------------------------------------+
; Parameter Settings for Inferred Entity Instance: probability:prob_sv|lpm_mult:Mult12 ;
+------------------------------------------------+----------+--------------------------+
; Parameter Name                                 ; Value    ; Type                     ;
+------------------------------------------------+----------+--------------------------+
; AUTO_CARRY_CHAINS                              ; ON       ; AUTO_CARRY               ;
; IGNORE_CARRY_BUFFERS                           ; OFF      ; IGNORE_CARRY             ;
; AUTO_CASCADE_CHAINS                            ; ON       ; AUTO_CASCADE             ;
; IGNORE_CASCADE_BUFFERS                         ; OFF      ; IGNORE_CASCADE           ;
; LPM_WIDTHA                                     ; 15       ; Untyped                  ;
; LPM_WIDTHB                                     ; 15       ; Untyped                  ;
; LPM_WIDTHP                                     ; 30       ; Untyped                  ;
; LPM_WIDTHR                                     ; 30       ; Untyped                  ;
; LPM_WIDTHS                                     ; 1        ; Untyped                  ;
; LPM_REPRESENTATION                             ; SIGNED   ; Untyped                  ;
; LPM_PIPELINE                                   ; 0        ; Untyped                  ;
; LATENCY                                        ; 0        ; Untyped                  ;
; INPUT_A_IS_CONSTANT                            ; NO       ; Untyped                  ;
; INPUT_B_IS_CONSTANT                            ; NO       ; Untyped                  ;
; USE_EAB                                        ; OFF      ; Untyped                  ;
; MAXIMIZE_SPEED                                 ; 5        ; Untyped                  ;
; DEVICE_FAMILY                                  ; MAX 10   ; Untyped                  ;
; CARRY_CHAIN                                    ; MANUAL   ; Untyped                  ;
; APEX20K_TECHNOLOGY_MAPPER                      ; LUT      ; TECH_MAPPER_APEX20K      ;
; DEDICATED_MULTIPLIER_CIRCUITRY                 ; AUTO     ; Untyped                  ;
; DEDICATED_MULTIPLIER_MIN_INPUT_WIDTH_FOR_AUTO  ; 0        ; Untyped                  ;
; DEDICATED_MULTIPLIER_MIN_OUTPUT_WIDTH_FOR_AUTO ; 0        ; Untyped                  ;
; CBXI_PARAMETER                                 ; mult_lgs ; Untyped                  ;
; INPUT_A_FIXED_VALUE                            ; Bx       ; Untyped                  ;
; INPUT_B_FIXED_VALUE                            ; Bx       ; Untyped                  ;
; USE_AHDL_IMPLEMENTATION                        ; OFF      ; Untyped                  ;
+------------------------------------------------+----------+--------------------------+
Note: In order to hide this table in the UI and the text report file, please set the "Show Parameter Settings in Synthesis Report" option in "Analysis and Synthesis Settings -> More Settings" to "Off".


+--------------------------------------------------------------------------------------+
; Parameter Settings for Inferred Entity Instance: probability:prob_sv|lpm_mult:Mult13 ;
+------------------------------------------------+----------+--------------------------+
; Parameter Name                                 ; Value    ; Type                     ;
+------------------------------------------------+----------+--------------------------+
; AUTO_CARRY_CHAINS                              ; ON       ; AUTO_CARRY               ;
; IGNORE_CARRY_BUFFERS                           ; OFF      ; IGNORE_CARRY             ;
; AUTO_CASCADE_CHAINS                            ; ON       ; AUTO_CASCADE             ;
; IGNORE_CASCADE_BUFFERS                         ; OFF      ; IGNORE_CASCADE           ;
; LPM_WIDTHA                                     ; 13       ; Untyped                  ;
; LPM_WIDTHB                                     ; 13       ; Untyped                  ;
; LPM_WIDTHP                                     ; 26       ; Untyped                  ;
; LPM_WIDTHR                                     ; 26       ; Untyped                  ;
; LPM_WIDTHS                                     ; 1        ; Untyped                  ;
; LPM_REPRESENTATION                             ; SIGNED   ; Untyped                  ;
; LPM_PIPELINE                                   ; 0        ; Untyped                  ;
; LATENCY                                        ; 0        ; Untyped                  ;
; INPUT_A_IS_CONSTANT                            ; NO       ; Untyped                  ;
; INPUT_B_IS_CONSTANT                            ; NO       ; Untyped                  ;
; USE_EAB                                        ; OFF      ; Untyped                  ;
; MAXIMIZE_SPEED                                 ; 6        ; Untyped                  ;
; DEVICE_FAMILY                                  ; MAX 10   ; Untyped                  ;
; CARRY_CHAIN                                    ; MANUAL   ; Untyped                  ;
; APEX20K_TECHNOLOGY_MAPPER                      ; LUT      ; TECH_MAPPER_APEX20K      ;
; DEDICATED_MULTIPLIER_CIRCUITRY                 ; AUTO     ; Untyped                  ;
; DEDICATED_MULTIPLIER_MIN_INPUT_WIDTH_FOR_AUTO  ; 0        ; Untyped                  ;
; DEDICATED_MULTIPLIER_MIN_OUTPUT_WIDTH_FOR_AUTO ; 0        ; Untyped                  ;
; CBXI_PARAMETER                                 ; mult_ngs ; Untyped                  ;
; INPUT_A_FIXED_VALUE                            ; Bx       ; Untyped                  ;
; INPUT_B_FIXED_VALUE                            ; Bx       ; Untyped                  ;
; USE_AHDL_IMPLEMENTATION                        ; OFF      ; Untyped                  ;
+------------------------------------------------+----------+--------------------------+
Note: In order to hide this table in the UI and the text report file, please set the "Show Parameter Settings in Synthesis Report" option in "Analysis and Synthesis Settings -> More Settings" to "Off".


+-------------------------------------------------------------------------------------+
; Parameter Settings for Inferred Entity Instance: probability:prob_sv|lpm_mult:Mult2 ;
+------------------------------------------------+----------+-------------------------+
; Parameter Name                                 ; Value    ; Type                    ;
+------------------------------------------------+----------+-------------------------+
; AUTO_CARRY_CHAINS                              ; ON       ; AUTO_CARRY              ;
; IGNORE_CARRY_BUFFERS                           ; OFF      ; IGNORE_CARRY            ;
; AUTO_CASCADE_CHAINS                            ; ON       ; AUTO_CASCADE            ;
; IGNORE_CASCADE_BUFFERS                         ; OFF      ; IGNORE_CASCADE          ;
; LPM_WIDTHA                                     ; 16       ; Untyped                 ;
; LPM_WIDTHB                                     ; 16       ; Untyped                 ;
; LPM_WIDTHP                                     ; 32       ; Untyped                 ;
; LPM_WIDTHR                                     ; 32       ; Untyped                 ;
; LPM_WIDTHS                                     ; 1        ; Untyped                 ;
; LPM_REPRESENTATION                             ; SIGNED   ; Untyped                 ;
; LPM_PIPELINE                                   ; 0        ; Untyped                 ;
; LATENCY                                        ; 0        ; Untyped                 ;
; INPUT_A_IS_CONSTANT                            ; NO       ; Untyped                 ;
; INPUT_B_IS_CONSTANT                            ; NO       ; Untyped                 ;
; USE_EAB                                        ; OFF      ; Untyped                 ;
; MAXIMIZE_SPEED                                 ; 5        ; Untyped                 ;
; DEVICE_FAMILY                                  ; MAX 10   ; Untyped                 ;
; CARRY_CHAIN                                    ; MANUAL   ; Untyped                 ;
; APEX20K_TECHNOLOGY_MAPPER                      ; LUT      ; TECH_MAPPER_APEX20K     ;
; DEDICATED_MULTIPLIER_CIRCUITRY                 ; AUTO     ; Untyped                 ;
; DEDICATED_MULTIPLIER_MIN_INPUT_WIDTH_FOR_AUTO  ; 0        ; Untyped                 ;
; DEDICATED_MULTIPLIER_MIN_OUTPUT_WIDTH_FOR_AUTO ; 0        ; Untyped                 ;
; CBXI_PARAMETER                                 ; mult_pgs ; Untyped                 ;
; INPUT_A_FIXED_VALUE                            ; Bx       ; Untyped                 ;
; INPUT_B_FIXED_VALUE                            ; Bx       ; Untyped                 ;
; USE_AHDL_IMPLEMENTATION                        ; OFF      ; Untyped                 ;
+------------------------------------------------+----------+-------------------------+
Note: In order to hide this table in the UI and the text report file, please set the "Show Parameter Settings in Synthesis Report" option in "Analysis and Synthesis Settings -> More Settings" to "Off".


+-------------------------------------------------------------------------------------+
; Parameter Settings for Inferred Entity Instance: probability:prob_sv|lpm_mult:Mult3 ;
+------------------------------------------------+----------+-------------------------+
; Parameter Name                                 ; Value    ; Type                    ;
+------------------------------------------------+----------+-------------------------+
; AUTO_CARRY_CHAINS                              ; ON       ; AUTO_CARRY              ;
; IGNORE_CARRY_BUFFERS                           ; OFF      ; IGNORE_CARRY            ;
; AUTO_CASCADE_CHAINS                            ; ON       ; AUTO_CASCADE            ;
; IGNORE_CASCADE_BUFFERS                         ; OFF      ; IGNORE_CASCADE          ;
; LPM_WIDTHA                                     ; 16       ; Untyped                 ;
; LPM_WIDTHB                                     ; 16       ; Untyped                 ;
; LPM_WIDTHP                                     ; 32       ; Untyped                 ;
; LPM_WIDTHR                                     ; 32       ; Untyped                 ;
; LPM_WIDTHS                                     ; 1        ; Untyped                 ;
; LPM_REPRESENTATION                             ; SIGNED   ; Untyped                 ;
; LPM_PIPELINE                                   ; 0        ; Untyped                 ;
; LATENCY                                        ; 0        ; Untyped                 ;
; INPUT_A_IS_CONSTANT                            ; NO       ; Untyped                 ;
; INPUT_B_IS_CONSTANT                            ; NO       ; Untyped                 ;
; USE_EAB                                        ; OFF      ; Untyped                 ;
; MAXIMIZE_SPEED                                 ; 5        ; Untyped                 ;
; DEVICE_FAMILY                                  ; MAX 10   ; Untyped                 ;
; CARRY_CHAIN                                    ; MANUAL   ; Untyped                 ;
; APEX20K_TECHNOLOGY_MAPPER                      ; LUT      ; TECH_MAPPER_APEX20K     ;
; DEDICATED_MULTIPLIER_CIRCUITRY                 ; AUTO     ; Untyped                 ;
; DEDICATED_MULTIPLIER_MIN_INPUT_WIDTH_FOR_AUTO  ; 0        ; Untyped                 ;
; DEDICATED_MULTIPLIER_MIN_OUTPUT_WIDTH_FOR_AUTO ; 0        ; Untyped                 ;
; CBXI_PARAMETER                                 ; mult_pgs ; Untyped                 ;
; INPUT_A_FIXED_VALUE                            ; Bx       ; Untyped                 ;
; INPUT_B_FIXED_VALUE                            ; Bx       ; Untyped                 ;
; USE_AHDL_IMPLEMENTATION                        ; OFF      ; Untyped                 ;
+------------------------------------------------+----------+-------------------------+
Note: In order to hide this table in the UI and the text report file, please set the "Show Parameter Settings in Synthesis Report" option in "Analysis and Synthesis Settings -> More Settings" to "Off".


+-------------------------------------------------------------------------------------+
; Parameter Settings for Inferred Entity Instance: probability:prob_sv|lpm_mult:Mult6 ;
+------------------------------------------------+----------+-------------------------+
; Parameter Name                                 ; Value    ; Type                    ;
+------------------------------------------------+----------+-------------------------+
; AUTO_CARRY_CHAINS                              ; ON       ; AUTO_CARRY              ;
; IGNORE_CARRY_BUFFERS                           ; OFF      ; IGNORE_CARRY            ;
; AUTO_CASCADE_CHAINS                            ; ON       ; AUTO_CASCADE            ;
; IGNORE_CASCADE_BUFFERS                         ; OFF      ; IGNORE_CASCADE          ;
; LPM_WIDTHA                                     ; 16       ; Untyped                 ;
; LPM_WIDTHB                                     ; 16       ; Untyped                 ;
; LPM_WIDTHP                                     ; 32       ; Untyped                 ;
; LPM_WIDTHR                                     ; 32       ; Untyped                 ;
; LPM_WIDTHS                                     ; 1        ; Untyped                 ;
; LPM_REPRESENTATION                             ; SIGNED   ; Untyped                 ;
; LPM_PIPELINE                                   ; 0        ; Untyped                 ;
; LATENCY                                        ; 0        ; Untyped                 ;
; INPUT_A_IS_CONSTANT                            ; NO       ; Untyped                 ;
; INPUT_B_IS_CONSTANT                            ; NO       ; Untyped                 ;
; USE_EAB                                        ; OFF      ; Untyped                 ;
; MAXIMIZE_SPEED                                 ; 5        ; Untyped                 ;
; DEVICE_FAMILY                                  ; MAX 10   ; Untyped                 ;
; CARRY_CHAIN                                    ; MANUAL   ; Untyped                 ;
; APEX20K_TECHNOLOGY_MAPPER                      ; LUT      ; TECH_MAPPER_APEX20K     ;
; DEDICATED_MULTIPLIER_CIRCUITRY                 ; AUTO     ; Untyped                 ;
; DEDICATED_MULTIPLIER_MIN_INPUT_WIDTH_FOR_AUTO  ; 0        ; Untyped                 ;
; DEDICATED_MULTIPLIER_MIN_OUTPUT_WIDTH_FOR_AUTO ; 0        ; Untyped                 ;
; CBXI_PARAMETER                                 ; mult_pgs ; Untyped                 ;
; INPUT_A_FIXED_VALUE                            ; Bx       ; Untyped                 ;
; INPUT_B_FIXED_VALUE                            ; Bx       ; Untyped                 ;
; USE_AHDL_IMPLEMENTATION                        ; OFF      ; Untyped                 ;
+------------------------------------------------+----------+-------------------------+
Note: In order to hide this table in the UI and the text report file, please set the "Show Parameter Settings in Synthesis Report" option in "Analysis and Synthesis Settings -> More Settings" to "Off".


+-------------------------------------------------------------------------------------+
; Parameter Settings for Inferred Entity Instance: probability:prob_sv|lpm_mult:Mult7 ;
+------------------------------------------------+----------+-------------------------+
; Parameter Name                                 ; Value    ; Type                    ;
+------------------------------------------------+----------+-------------------------+
; AUTO_CARRY_CHAINS                              ; ON       ; AUTO_CARRY              ;
; IGNORE_CARRY_BUFFERS                           ; OFF      ; IGNORE_CARRY            ;
; AUTO_CASCADE_CHAINS                            ; ON       ; AUTO_CASCADE            ;
; IGNORE_CASCADE_BUFFERS                         ; OFF      ; IGNORE_CASCADE          ;
; LPM_WIDTHA                                     ; 16       ; Untyped                 ;
; LPM_WIDTHB                                     ; 16       ; Untyped                 ;
; LPM_WIDTHP                                     ; 32       ; Untyped                 ;
; LPM_WIDTHR                                     ; 32       ; Untyped                 ;
; LPM_WIDTHS                                     ; 1        ; Untyped                 ;
; LPM_REPRESENTATION                             ; SIGNED   ; Untyped                 ;
; LPM_PIPELINE                                   ; 0        ; Untyped                 ;
; LATENCY                                        ; 0        ; Untyped                 ;
; INPUT_A_IS_CONSTANT                            ; NO       ; Untyped                 ;
; INPUT_B_IS_CONSTANT                            ; NO       ; Untyped                 ;
; USE_EAB                                        ; OFF      ; Untyped                 ;
; MAXIMIZE_SPEED                                 ; 5        ; Untyped                 ;
; DEVICE_FAMILY                                  ; MAX 10   ; Untyped                 ;
; CARRY_CHAIN                                    ; MANUAL   ; Untyped                 ;
; APEX20K_TECHNOLOGY_MAPPER                      ; LUT      ; TECH_MAPPER_APEX20K     ;
; DEDICATED_MULTIPLIER_CIRCUITRY                 ; AUTO     ; Untyped                 ;
; DEDICATED_MULTIPLIER_MIN_INPUT_WIDTH_FOR_AUTO  ; 0        ; Untyped                 ;
; DEDICATED_MULTIPLIER_MIN_OUTPUT_WIDTH_FOR_AUTO ; 0        ; Untyped                 ;
; CBXI_PARAMETER                                 ; mult_pgs ; Untyped                 ;
; INPUT_A_FIXED_VALUE                            ; Bx       ; Untyped                 ;
; INPUT_B_FIXED_VALUE                            ; Bx       ; Untyped                 ;
; USE_AHDL_IMPLEMENTATION                        ; OFF      ; Untyped                 ;
+------------------------------------------------+----------+-------------------------+
Note: In order to hide this table in the UI and the text report file, please set the "Show Parameter Settings in Synthesis Report" option in "Analysis and Synthesis Settings -> More Settings" to "Off".


+-------------------------------------------------------------------------------------+
; Parameter Settings for Inferred Entity Instance: probability:prob_sv|lpm_mult:Mult5 ;
+------------------------------------------------+----------+-------------------------+
; Parameter Name                                 ; Value    ; Type                    ;
+------------------------------------------------+----------+-------------------------+
; AUTO_CARRY_CHAINS                              ; ON       ; AUTO_CARRY              ;
; IGNORE_CARRY_BUFFERS                           ; OFF      ; IGNORE_CARRY            ;
; AUTO_CASCADE_CHAINS                            ; ON       ; AUTO_CASCADE            ;
; IGNORE_CASCADE_BUFFERS                         ; OFF      ; IGNORE_CASCADE          ;
; LPM_WIDTHA                                     ; 13       ; Untyped                 ;
; LPM_WIDTHB                                     ; 13       ; Untyped                 ;
; LPM_WIDTHP                                     ; 26       ; Untyped                 ;
; LPM_WIDTHR                                     ; 26       ; Untyped                 ;
; LPM_WIDTHS                                     ; 1        ; Untyped                 ;
; LPM_REPRESENTATION                             ; SIGNED   ; Untyped                 ;
; LPM_PIPELINE                                   ; 0        ; Untyped                 ;
; LATENCY                                        ; 0        ; Untyped                 ;
; INPUT_A_IS_CONSTANT                            ; NO       ; Untyped                 ;
; INPUT_B_IS_CONSTANT                            ; NO       ; Untyped                 ;
; USE_EAB                                        ; OFF      ; Untyped                 ;
; MAXIMIZE_SPEED                                 ; 6        ; Untyped                 ;
; DEVICE_FAMILY                                  ; MAX 10   ; Untyped                 ;
; CARRY_CHAIN                                    ; MANUAL   ; Untyped                 ;
; APEX20K_TECHNOLOGY_MAPPER                      ; LUT      ; TECH_MAPPER_APEX20K     ;
; DEDICATED_MULTIPLIER_CIRCUITRY                 ; AUTO     ; Untyped                 ;
; DEDICATED_MULTIPLIER_MIN_INPUT_WIDTH_FOR_AUTO  ; 0        ; Untyped                 ;
; DEDICATED_MULTIPLIER_MIN_OUTPUT_WIDTH_FOR_AUTO ; 0        ; Untyped                 ;
; CBXI_PARAMETER                                 ; mult_ngs ; Untyped                 ;
; INPUT_A_FIXED_VALUE                            ; Bx       ; Untyped                 ;
; INPUT_B_FIXED_VALUE                            ; Bx       ; Untyped                 ;
; USE_AHDL_IMPLEMENTATION                        ; OFF      ; Untyped                 ;
+------------------------------------------------+----------+-------------------------+
Note: In order to hide this table in the UI and the text report file, please set the "Show Parameter Settings in Synthesis Report" option in "Analysis and Synthesis Settings -> More Settings" to "Off".


+-------------------------------------------------------------------------------------+
; Parameter Settings for Inferred Entity Instance: probability:prob_sv|lpm_mult:Mult4 ;
+------------------------------------------------+----------+-------------------------+
; Parameter Name                                 ; Value    ; Type                    ;
+------------------------------------------------+----------+-------------------------+
; AUTO_CARRY_CHAINS                              ; ON       ; AUTO_CARRY              ;
; IGNORE_CARRY_BUFFERS                           ; OFF      ; IGNORE_CARRY            ;
; AUTO_CASCADE_CHAINS                            ; ON       ; AUTO_CASCADE            ;
; IGNORE_CASCADE_BUFFERS                         ; OFF      ; IGNORE_CASCADE          ;
; LPM_WIDTHA                                     ; 15       ; Untyped                 ;
; LPM_WIDTHB                                     ; 15       ; Untyped                 ;
; LPM_WIDTHP                                     ; 30       ; Untyped                 ;
; LPM_WIDTHR                                     ; 30       ; Untyped                 ;
; LPM_WIDTHS                                     ; 1        ; Untyped                 ;
; LPM_REPRESENTATION                             ; SIGNED   ; Untyped                 ;
; LPM_PIPELINE                                   ; 0        ; Untyped                 ;
; LATENCY                                        ; 0        ; Untyped                 ;
; INPUT_A_IS_CONSTANT                            ; NO       ; Untyped                 ;
; INPUT_B_IS_CONSTANT                            ; NO       ; Untyped                 ;
; USE_EAB                                        ; OFF      ; Untyped                 ;
; MAXIMIZE_SPEED                                 ; 5        ; Untyped                 ;
; DEVICE_FAMILY                                  ; MAX 10   ; Untyped                 ;
; CARRY_CHAIN                                    ; MANUAL   ; Untyped                 ;
; APEX20K_TECHNOLOGY_MAPPER                      ; LUT      ; TECH_MAPPER_APEX20K     ;
; DEDICATED_MULTIPLIER_CIRCUITRY                 ; AUTO     ; Untyped                 ;
; DEDICATED_MULTIPLIER_MIN_INPUT_WIDTH_FOR_AUTO  ; 0        ; Untyped                 ;
; DEDICATED_MULTIPLIER_MIN_OUTPUT_WIDTH_FOR_AUTO ; 0        ; Untyped                 ;
; CBXI_PARAMETER                                 ; mult_lgs ; Untyped                 ;
; INPUT_A_FIXED_VALUE                            ; Bx       ; Untyped                 ;
; INPUT_B_FIXED_VALUE                            ; Bx       ; Untyped                 ;
; USE_AHDL_IMPLEMENTATION                        ; OFF      ; Untyped                 ;
+------------------------------------------------+----------+-------------------------+
Note: In order to hide this table in the UI and the text report file, please set the "Show Parameter Settings in Synthesis Report" option in "Analysis and Synthesis Settings -> More Settings" to "Off".


+--------------------------------------------------------------------------------------+
; Parameter Settings for Inferred Entity Instance: probability:prob_sv|lpm_mult:Mult10 ;
+------------------------------------------------+----------+--------------------------+
; Parameter Name                                 ; Value    ; Type                     ;
+------------------------------------------------+----------+--------------------------+
; AUTO_CARRY_CHAINS                              ; ON       ; AUTO_CARRY               ;
; IGNORE_CARRY_BUFFERS                           ; OFF      ; IGNORE_CARRY             ;
; AUTO_CASCADE_CHAINS                            ; ON       ; AUTO_CASCADE             ;
; IGNORE_CASCADE_BUFFERS                         ; OFF      ; IGNORE_CASCADE           ;
; LPM_WIDTHA                                     ; 16       ; Untyped                  ;
; LPM_WIDTHB                                     ; 16       ; Untyped                  ;
; LPM_WIDTHP                                     ; 32       ; Untyped                  ;
; LPM_WIDTHR                                     ; 32       ; Untyped                  ;
; LPM_WIDTHS                                     ; 1        ; Untyped                  ;
; LPM_REPRESENTATION                             ; SIGNED   ; Untyped                  ;
; LPM_PIPELINE                                   ; 0        ; Untyped                  ;
; LATENCY                                        ; 0        ; Untyped                  ;
; INPUT_A_IS_CONSTANT                            ; NO       ; Untyped                  ;
; INPUT_B_IS_CONSTANT                            ; NO       ; Untyped                  ;
; USE_EAB                                        ; OFF      ; Untyped                  ;
; MAXIMIZE_SPEED                                 ; 5        ; Untyped                  ;
; DEVICE_FAMILY                                  ; MAX 10   ; Untyped                  ;
; CARRY_CHAIN                                    ; MANUAL   ; Untyped                  ;
; APEX20K_TECHNOLOGY_MAPPER                      ; LUT      ; TECH_MAPPER_APEX20K      ;
; DEDICATED_MULTIPLIER_CIRCUITRY                 ; AUTO     ; Untyped                  ;
; DEDICATED_MULTIPLIER_MIN_INPUT_WIDTH_FOR_AUTO  ; 0        ; Untyped                  ;
; DEDICATED_MULTIPLIER_MIN_OUTPUT_WIDTH_FOR_AUTO ; 0        ; Untyped                  ;
; CBXI_PARAMETER                                 ; mult_pgs ; Untyped                  ;
; INPUT_A_FIXED_VALUE                            ; Bx       ; Untyped                  ;
; INPUT_B_FIXED_VALUE                            ; Bx       ; Untyped                  ;
; USE_AHDL_IMPLEMENTATION                        ; OFF      ; Untyped                  ;
+------------------------------------------------+----------+--------------------------+
Note: In order to hide this table in the UI and the text report file, please set the "Show Parameter Settings in Synthesis Report" option in "Analysis and Synthesis Settings -> More Settings" to "Off".


+--------------------------------------------------------------------------------------+
; Parameter Settings for Inferred Entity Instance: probability:prob_sv|lpm_mult:Mult11 ;
+------------------------------------------------+----------+--------------------------+
; Parameter Name                                 ; Value    ; Type                     ;
+------------------------------------------------+----------+--------------------------+
; AUTO_CARRY_CHAINS                              ; ON       ; AUTO_CARRY               ;
; IGNORE_CARRY_BUFFERS                           ; OFF      ; IGNORE_CARRY             ;
; AUTO_CASCADE_CHAINS                            ; ON       ; AUTO_CASCADE             ;
; IGNORE_CASCADE_BUFFERS                         ; OFF      ; IGNORE_CASCADE           ;
; LPM_WIDTHA                                     ; 16       ; Untyped                  ;
; LPM_WIDTHB                                     ; 16       ; Untyped                  ;
; LPM_WIDTHP                                     ; 32       ; Untyped                  ;
; LPM_WIDTHR                                     ; 32       ; Untyped                  ;
; LPM_WIDTHS                                     ; 1        ; Untyped                  ;
; LPM_REPRESENTATION                             ; SIGNED   ; Untyped                  ;
; LPM_PIPELINE                                   ; 0        ; Untyped                  ;
; LATENCY                                        ; 0        ; Untyped                  ;
; INPUT_A_IS_CONSTANT                            ; NO       ; Untyped                  ;
; INPUT_B_IS_CONSTANT                            ; NO       ; Untyped                  ;
; USE_EAB                                        ; OFF      ; Untyped                  ;
; MAXIMIZE_SPEED                                 ; 5        ; Untyped                  ;
; DEVICE_FAMILY                                  ; MAX 10   ; Untyped                  ;
; CARRY_CHAIN                                    ; MANUAL   ; Untyped                  ;
; APEX20K_TECHNOLOGY_MAPPER                      ; LUT      ; TECH_MAPPER_APEX20K      ;
; DEDICATED_MULTIPLIER_CIRCUITRY                 ; AUTO     ; Untyped                  ;
; DEDICATED_MULTIPLIER_MIN_INPUT_WIDTH_FOR_AUTO  ; 0        ; Untyped                  ;
; DEDICATED_MULTIPLIER_MIN_OUTPUT_WIDTH_FOR_AUTO ; 0        ; Untyped                  ;
; CBXI_PARAMETER                                 ; mult_pgs ; Untyped                  ;
; INPUT_A_FIXED_VALUE                            ; Bx       ; Untyped                  ;
; INPUT_B_FIXED_VALUE                            ; Bx       ; Untyped                  ;
; USE_AHDL_IMPLEMENTATION                        ; OFF      ; Untyped                  ;
+------------------------------------------------+----------+--------------------------+
Note: In order to hide this table in the UI and the text report file, please set the "Show Parameter Settings in Synthesis Report" option in "Analysis and Synthesis Settings -> More Settings" to "Off".


+-------------------------------------------------------------------------------------+
; Parameter Settings for Inferred Entity Instance: probability:prob_sv|lpm_mult:Mult8 ;
+------------------------------------------------+----------+-------------------------+
; Parameter Name                                 ; Value    ; Type                    ;
+------------------------------------------------+----------+-------------------------+
; AUTO_CARRY_CHAINS                              ; ON       ; AUTO_CARRY              ;
; IGNORE_CARRY_BUFFERS                           ; OFF      ; IGNORE_CARRY            ;
; AUTO_CASCADE_CHAINS                            ; ON       ; AUTO_CASCADE            ;
; IGNORE_CASCADE_BUFFERS                         ; OFF      ; IGNORE_CASCADE          ;
; LPM_WIDTHA                                     ; 16       ; Untyped                 ;
; LPM_WIDTHB                                     ; 16       ; Untyped                 ;
; LPM_WIDTHP                                     ; 32       ; Untyped                 ;
; LPM_WIDTHR                                     ; 32       ; Untyped                 ;
; LPM_WIDTHS                                     ; 1        ; Untyped                 ;
; LPM_REPRESENTATION                             ; SIGNED   ; Untyped                 ;
; LPM_PIPELINE                                   ; 0        ; Untyped                 ;
; LATENCY                                        ; 0        ; Untyped                 ;
; INPUT_A_IS_CONSTANT                            ; NO       ; Untyped                 ;
; INPUT_B_IS_CONSTANT                            ; NO       ; Untyped                 ;
; USE_EAB                                        ; OFF      ; Untyped                 ;
; MAXIMIZE_SPEED                                 ; 5        ; Untyped                 ;
; DEVICE_FAMILY                                  ; MAX 10   ; Untyped                 ;
; CARRY_CHAIN                                    ; MANUAL   ; Untyped                 ;
; APEX20K_TECHNOLOGY_MAPPER                      ; LUT      ; TECH_MAPPER_APEX20K     ;
; DEDICATED_MULTIPLIER_CIRCUITRY                 ; AUTO     ; Untyped                 ;
; DEDICATED_MULTIPLIER_MIN_INPUT_WIDTH_FOR_AUTO  ; 0        ; Untyped                 ;
; DEDICATED_MULTIPLIER_MIN_OUTPUT_WIDTH_FOR_AUTO ; 0        ; Untyped                 ;
; CBXI_PARAMETER                                 ; mult_pgs ; Untyped                 ;
; INPUT_A_FIXED_VALUE                            ; Bx       ; Untyped                 ;
; INPUT_B_FIXED_VALUE                            ; Bx       ; Untyped                 ;
; USE_AHDL_IMPLEMENTATION                        ; OFF      ; Untyped                 ;
+------------------------------------------------+----------+-------------------------+
Note: In order to hide this table in the UI and the text report file, please set the "Show Parameter Settings in Synthesis Report" option in "Analysis and Synthesis Settings -> More Settings" to "Off".


+-------------------------------------------------------------------------------------+
; Parameter Settings for Inferred Entity Instance: probability:prob_sv|lpm_mult:Mult9 ;
+------------------------------------------------+----------+-------------------------+
; Parameter Name                                 ; Value    ; Type                    ;
+------------------------------------------------+----------+-------------------------+
; AUTO_CARRY_CHAINS                              ; ON       ; AUTO_CARRY              ;
; IGNORE_CARRY_BUFFERS                           ; OFF      ; IGNORE_CARRY            ;
; AUTO_CASCADE_CHAINS                            ; ON       ; AUTO_CASCADE            ;
; IGNORE_CASCADE_BUFFERS                         ; OFF      ; IGNORE_CASCADE          ;
; LPM_WIDTHA                                     ; 14       ; Untyped                 ;
; LPM_WIDTHB                                     ; 14       ; Untyped                 ;
; LPM_WIDTHP                                     ; 28       ; Untyped                 ;
; LPM_WIDTHR                                     ; 28       ; Untyped                 ;
; LPM_WIDTHS                                     ; 1        ; Untyped                 ;
; LPM_REPRESENTATION                             ; SIGNED   ; Untyped                 ;
; LPM_PIPELINE                                   ; 0        ; Untyped                 ;
; LATENCY                                        ; 0        ; Untyped                 ;
; INPUT_A_IS_CONSTANT                            ; NO       ; Untyped                 ;
; INPUT_B_IS_CONSTANT                            ; NO       ; Untyped                 ;
; USE_EAB                                        ; OFF      ; Untyped                 ;
; MAXIMIZE_SPEED                                 ; 6        ; Untyped                 ;
; DEVICE_FAMILY                                  ; MAX 10   ; Untyped                 ;
; CARRY_CHAIN                                    ; MANUAL   ; Untyped                 ;
; APEX20K_TECHNOLOGY_MAPPER                      ; LUT      ; TECH_MAPPER_APEX20K     ;
; DEDICATED_MULTIPLIER_CIRCUITRY                 ; AUTO     ; Untyped                 ;
; DEDICATED_MULTIPLIER_MIN_INPUT_WIDTH_FOR_AUTO  ; 0        ; Untyped                 ;
; DEDICATED_MULTIPLIER_MIN_OUTPUT_WIDTH_FOR_AUTO ; 0        ; Untyped                 ;
; CBXI_PARAMETER                                 ; mult_rgs ; Untyped                 ;
; INPUT_A_FIXED_VALUE                            ; Bx       ; Untyped                 ;
; INPUT_B_FIXED_VALUE                            ; Bx       ; Untyped                 ;
; USE_AHDL_IMPLEMENTATION                        ; OFF      ; Untyped                 ;
+------------------------------------------------+----------+-------------------------+
Note: In order to hide this table in the UI and the text report file, please set the "Show Parameter Settings in Synthesis Report" option in "Analysis and Synthesis Settings -> More Settings" to "Off".


+---------------------------------------------------------------------------------------+
; Parameter Settings for Inferred Entity Instance: hadamard_gate:u5_h_q0|lpm_mult:Mult0 ;
+------------------------------------------------+----------+---------------------------+
; Parameter Name                                 ; Value    ; Type                      ;
+------------------------------------------------+----------+---------------------------+
; AUTO_CARRY_CHAINS                              ; ON       ; AUTO_CARRY                ;
; IGNORE_CARRY_BUFFERS                           ; OFF      ; IGNORE_CARRY              ;
; AUTO_CASCADE_CHAINS                            ; ON       ; AUTO_CASCADE              ;
; IGNORE_CASCADE_BUFFERS                         ; OFF      ; IGNORE_CASCADE            ;
; LPM_WIDTHA                                     ; 17       ; Untyped                   ;
; LPM_WIDTHB                                     ; 15       ; Untyped                   ;
; LPM_WIDTHP                                     ; 32       ; Untyped                   ;
; LPM_WIDTHR                                     ; 32       ; Untyped                   ;
; LPM_WIDTHS                                     ; 1        ; Untyped                   ;
; LPM_REPRESENTATION                             ; SIGNED   ; Untyped                   ;
; LPM_PIPELINE                                   ; 0        ; Untyped                   ;
; LATENCY                                        ; 0        ; Untyped                   ;
; INPUT_A_IS_CONSTANT                            ; NO       ; Untyped                   ;
; INPUT_B_IS_CONSTANT                            ; YES      ; Untyped                   ;
; USE_EAB                                        ; OFF      ; Untyped                   ;
; MAXIMIZE_SPEED                                 ; 5        ; Untyped                   ;
; DEVICE_FAMILY                                  ; MAX 10   ; Untyped                   ;
; CARRY_CHAIN                                    ; MANUAL   ; Untyped                   ;
; APEX20K_TECHNOLOGY_MAPPER                      ; LUT      ; TECH_MAPPER_APEX20K       ;
; DEDICATED_MULTIPLIER_CIRCUITRY                 ; AUTO     ; Untyped                   ;
; DEDICATED_MULTIPLIER_MIN_INPUT_WIDTH_FOR_AUTO  ; 0        ; Untyped                   ;
; DEDICATED_MULTIPLIER_MIN_OUTPUT_WIDTH_FOR_AUTO ; 0        ; Untyped                   ;
; CBXI_PARAMETER                                 ; mult_dks ; Untyped                   ;
; INPUT_A_FIXED_VALUE                            ; Bx       ; Untyped                   ;
; INPUT_B_FIXED_VALUE                            ; Bx       ; Untyped                   ;
; USE_AHDL_IMPLEMENTATION                        ; OFF      ; Untyped                   ;
+------------------------------------------------+----------+---------------------------+
Note: In order to hide this table in the UI and the text report file, please set the "Show Parameter Settings in Synthesis Report" option in "Analysis and Synthesis Settings -> More Settings" to "Off".


+---------------------------------------------------------------------------------------+
; Parameter Settings for Inferred Entity Instance: hadamard_gate:u5_h_q0|lpm_mult:Mult8 ;
+------------------------------------------------+---------+----------------------------+
; Parameter Name                                 ; Value   ; Type                       ;
+------------------------------------------------+---------+----------------------------+
; AUTO_CARRY_CHAINS                              ; ON      ; AUTO_CARRY                 ;
; IGNORE_CARRY_BUFFERS                           ; OFF     ; IGNORE_CARRY               ;
; AUTO_CASCADE_CHAINS                            ; ON      ; AUTO_CASCADE               ;
; IGNORE_CASCADE_BUFFERS                         ; OFF     ; IGNORE_CASCADE             ;
; LPM_WIDTHA                                     ; 13      ; Untyped                    ;
; LPM_WIDTHB                                     ; 15      ; Untyped                    ;
; LPM_WIDTHP                                     ; 28      ; Untyped                    ;
; LPM_WIDTHR                                     ; 28      ; Untyped                    ;
; LPM_WIDTHS                                     ; 1       ; Untyped                    ;
; LPM_REPRESENTATION                             ; SIGNED  ; Untyped                    ;
; LPM_PIPELINE                                   ; 0       ; Untyped                    ;
; LATENCY                                        ; 0       ; Untyped                    ;
; INPUT_A_IS_CONSTANT                            ; NO      ; Untyped                    ;
; INPUT_B_IS_CONSTANT                            ; YES     ; Untyped                    ;
; USE_EAB                                        ; OFF     ; Untyped                    ;
; MAXIMIZE_SPEED                                 ; 5       ; Untyped                    ;
; DEVICE_FAMILY                                  ; MAX 10  ; Untyped                    ;
; CARRY_CHAIN                                    ; MANUAL  ; Untyped                    ;
; APEX20K_TECHNOLOGY_MAPPER                      ; LUT     ; TECH_MAPPER_APEX20K        ;
; DEDICATED_MULTIPLIER_CIRCUITRY                 ; AUTO    ; Untyped                    ;
; DEDICATED_MULTIPLIER_MIN_INPUT_WIDTH_FOR_AUTO  ; 0       ; Untyped                    ;
; DEDICATED_MULTIPLIER_MIN_OUTPUT_WIDTH_FOR_AUTO ; 0       ; Untyped                    ;
; CBXI_PARAMETER                                 ; NOTHING ; Untyped                    ;
; INPUT_A_FIXED_VALUE                            ; Bx      ; Untyped                    ;
; INPUT_B_FIXED_VALUE                            ; Bx      ; Untyped                    ;
; USE_AHDL_IMPLEMENTATION                        ; OFF     ; Untyped                    ;
+------------------------------------------------+---------+----------------------------+
Note: In order to hide this table in the UI and the text report file, please set the "Show Parameter Settings in Synthesis Report" option in "Analysis and Synthesis Settings -> More Settings" to "Off".


+---------------------------------------------------------------------------------------+
; Parameter Settings for Inferred Entity Instance: hadamard_gate:u5_h_q0|lpm_mult:Mult3 ;
+------------------------------------------------+---------+----------------------------+
; Parameter Name                                 ; Value   ; Type                       ;
+------------------------------------------------+---------+----------------------------+
; AUTO_CARRY_CHAINS                              ; ON      ; AUTO_CARRY                 ;
; IGNORE_CARRY_BUFFERS                           ; OFF     ; IGNORE_CARRY               ;
; AUTO_CASCADE_CHAINS                            ; ON      ; AUTO_CASCADE               ;
; IGNORE_CASCADE_BUFFERS                         ; OFF     ; IGNORE_CASCADE             ;
; LPM_WIDTHA                                     ; 14      ; Untyped                    ;
; LPM_WIDTHB                                     ; 15      ; Untyped                    ;
; LPM_WIDTHP                                     ; 29      ; Untyped                    ;
; LPM_WIDTHR                                     ; 29      ; Untyped                    ;
; LPM_WIDTHS                                     ; 1       ; Untyped                    ;
; LPM_REPRESENTATION                             ; SIGNED  ; Untyped                    ;
; LPM_PIPELINE                                   ; 0       ; Untyped                    ;
; LATENCY                                        ; 0       ; Untyped                    ;
; INPUT_A_IS_CONSTANT                            ; NO      ; Untyped                    ;
; INPUT_B_IS_CONSTANT                            ; YES     ; Untyped                    ;
; USE_EAB                                        ; OFF     ; Untyped                    ;
; MAXIMIZE_SPEED                                 ; 5       ; Untyped                    ;
; DEVICE_FAMILY                                  ; MAX 10  ; Untyped                    ;
; CARRY_CHAIN                                    ; MANUAL  ; Untyped                    ;
; APEX20K_TECHNOLOGY_MAPPER                      ; LUT     ; TECH_MAPPER_APEX20K        ;
; DEDICATED_MULTIPLIER_CIRCUITRY                 ; AUTO    ; Untyped                    ;
; DEDICATED_MULTIPLIER_MIN_INPUT_WIDTH_FOR_AUTO  ; 0       ; Untyped                    ;
; DEDICATED_MULTIPLIER_MIN_OUTPUT_WIDTH_FOR_AUTO ; 0       ; Untyped                    ;
; CBXI_PARAMETER                                 ; NOTHING ; Untyped                    ;
; INPUT_A_FIXED_VALUE                            ; Bx      ; Untyped                    ;
; INPUT_B_FIXED_VALUE                            ; Bx      ; Untyped                    ;
; USE_AHDL_IMPLEMENTATION                        ; OFF     ; Untyped                    ;
+------------------------------------------------+---------+----------------------------+
Note: In order to hide this table in the UI and the text report file, please set the "Show Parameter Settings in Synthesis Report" option in "Analysis and Synthesis Settings -> More Settings" to "Off".


+----------------------------------------------------------------------------------------+
; Parameter Settings for Inferred Entity Instance: hadamard_gate:u5_h_q0|lpm_mult:Mult11 ;
+------------------------------------------------+---------+-----------------------------+
; Parameter Name                                 ; Value   ; Type                        ;
+------------------------------------------------+---------+-----------------------------+
; AUTO_CARRY_CHAINS                              ; ON      ; AUTO_CARRY                  ;
; IGNORE_CARRY_BUFFERS                           ; OFF     ; IGNORE_CARRY                ;
; AUTO_CASCADE_CHAINS                            ; ON      ; AUTO_CASCADE                ;
; IGNORE_CASCADE_BUFFERS                         ; OFF     ; IGNORE_CASCADE              ;
; LPM_WIDTHA                                     ; 12      ; Untyped                     ;
; LPM_WIDTHB                                     ; 15      ; Untyped                     ;
; LPM_WIDTHP                                     ; 27      ; Untyped                     ;
; LPM_WIDTHR                                     ; 27      ; Untyped                     ;
; LPM_WIDTHS                                     ; 1       ; Untyped                     ;
; LPM_REPRESENTATION                             ; SIGNED  ; Untyped                     ;
; LPM_PIPELINE                                   ; 0       ; Untyped                     ;
; LATENCY                                        ; 0       ; Untyped                     ;
; INPUT_A_IS_CONSTANT                            ; NO      ; Untyped                     ;
; INPUT_B_IS_CONSTANT                            ; YES     ; Untyped                     ;
; USE_EAB                                        ; OFF     ; Untyped                     ;
; MAXIMIZE_SPEED                                 ; 5       ; Untyped                     ;
; DEVICE_FAMILY                                  ; MAX 10  ; Untyped                     ;
; CARRY_CHAIN                                    ; MANUAL  ; Untyped                     ;
; APEX20K_TECHNOLOGY_MAPPER                      ; LUT     ; TECH_MAPPER_APEX20K         ;
; DEDICATED_MULTIPLIER_CIRCUITRY                 ; AUTO    ; Untyped                     ;
; DEDICATED_MULTIPLIER_MIN_INPUT_WIDTH_FOR_AUTO  ; 0       ; Untyped                     ;
; DEDICATED_MULTIPLIER_MIN_OUTPUT_WIDTH_FOR_AUTO ; 0       ; Untyped                     ;
; CBXI_PARAMETER                                 ; NOTHING ; Untyped                     ;
; INPUT_A_FIXED_VALUE                            ; Bx      ; Untyped                     ;
; INPUT_B_FIXED_VALUE                            ; Bx      ; Untyped                     ;
; USE_AHDL_IMPLEMENTATION                        ; OFF     ; Untyped                     ;
+------------------------------------------------+---------+-----------------------------+
Note: In order to hide this table in the UI and the text report file, please set the "Show Parameter Settings in Synthesis Report" option in "Analysis and Synthesis Settings -> More Settings" to "Off".


+---------------------------------------------------------------------------------------+
; Parameter Settings for Inferred Entity Instance: hadamard_gate:u5_h_q0|lpm_mult:Mult4 ;
+------------------------------------------------+---------+----------------------------+
; Parameter Name                                 ; Value   ; Type                       ;
+------------------------------------------------+---------+----------------------------+
; AUTO_CARRY_CHAINS                              ; ON      ; AUTO_CARRY                 ;
; IGNORE_CARRY_BUFFERS                           ; OFF     ; IGNORE_CARRY               ;
; AUTO_CASCADE_CHAINS                            ; ON      ; AUTO_CASCADE               ;
; IGNORE_CASCADE_BUFFERS                         ; OFF     ; IGNORE_CASCADE             ;
; LPM_WIDTHA                                     ; 16      ; Untyped                    ;
; LPM_WIDTHB                                     ; 15      ; Untyped                    ;
; LPM_WIDTHP                                     ; 31      ; Untyped                    ;
; LPM_WIDTHR                                     ; 31      ; Untyped                    ;
; LPM_WIDTHS                                     ; 1       ; Untyped                    ;
; LPM_REPRESENTATION                             ; SIGNED  ; Untyped                    ;
; LPM_PIPELINE                                   ; 0       ; Untyped                    ;
; LATENCY                                        ; 0       ; Untyped                    ;
; INPUT_A_IS_CONSTANT                            ; NO      ; Untyped                    ;
; INPUT_B_IS_CONSTANT                            ; YES     ; Untyped                    ;
; USE_EAB                                        ; OFF     ; Untyped                    ;
; MAXIMIZE_SPEED                                 ; 5       ; Untyped                    ;
; DEVICE_FAMILY                                  ; MAX 10  ; Untyped                    ;
; CARRY_CHAIN                                    ; MANUAL  ; Untyped                    ;
; APEX20K_TECHNOLOGY_MAPPER                      ; LUT     ; TECH_MAPPER_APEX20K        ;
; DEDICATED_MULTIPLIER_CIRCUITRY                 ; AUTO    ; Untyped                    ;
; DEDICATED_MULTIPLIER_MIN_INPUT_WIDTH_FOR_AUTO  ; 0       ; Untyped                    ;
; DEDICATED_MULTIPLIER_MIN_OUTPUT_WIDTH_FOR_AUTO ; 0       ; Untyped                    ;
; CBXI_PARAMETER                                 ; NOTHING ; Untyped                    ;
; INPUT_A_FIXED_VALUE                            ; Bx      ; Untyped                    ;
; INPUT_B_FIXED_VALUE                            ; Bx      ; Untyped                    ;
; USE_AHDL_IMPLEMENTATION                        ; OFF     ; Untyped                    ;
+------------------------------------------------+---------+----------------------------+
Note: In order to hide this table in the UI and the text report file, please set the "Show Parameter Settings in Synthesis Report" option in "Analysis and Synthesis Settings -> More Settings" to "Off".


+----------------------------------------------------------------------------------------+
; Parameter Settings for Inferred Entity Instance: hadamard_gate:u5_h_q0|lpm_mult:Mult12 ;
+------------------------------------------------+---------+-----------------------------+
; Parameter Name                                 ; Value   ; Type                        ;
+------------------------------------------------+---------+-----------------------------+
; AUTO_CARRY_CHAINS                              ; ON      ; AUTO_CARRY                  ;
; IGNORE_CARRY_BUFFERS                           ; OFF     ; IGNORE_CARRY                ;
; AUTO_CASCADE_CHAINS                            ; ON      ; AUTO_CASCADE                ;
; IGNORE_CASCADE_BUFFERS                         ; OFF     ; IGNORE_CASCADE              ;
; LPM_WIDTHA                                     ; 16      ; Untyped                     ;
; LPM_WIDTHB                                     ; 15      ; Untyped                     ;
; LPM_WIDTHP                                     ; 31      ; Untyped                     ;
; LPM_WIDTHR                                     ; 31      ; Untyped                     ;
; LPM_WIDTHS                                     ; 1       ; Untyped                     ;
; LPM_REPRESENTATION                             ; SIGNED  ; Untyped                     ;
; LPM_PIPELINE                                   ; 0       ; Untyped                     ;
; LATENCY                                        ; 0       ; Untyped                     ;
; INPUT_A_IS_CONSTANT                            ; NO      ; Untyped                     ;
; INPUT_B_IS_CONSTANT                            ; YES     ; Untyped                     ;
; USE_EAB                                        ; OFF     ; Untyped                     ;
; MAXIMIZE_SPEED                                 ; 5       ; Untyped                     ;
; DEVICE_FAMILY                                  ; MAX 10  ; Untyped                     ;
; CARRY_CHAIN                                    ; MANUAL  ; Untyped                     ;
; APEX20K_TECHNOLOGY_MAPPER                      ; LUT     ; TECH_MAPPER_APEX20K         ;
; DEDICATED_MULTIPLIER_CIRCUITRY                 ; AUTO    ; Untyped                     ;
; DEDICATED_MULTIPLIER_MIN_INPUT_WIDTH_FOR_AUTO  ; 0       ; Untyped                     ;
; DEDICATED_MULTIPLIER_MIN_OUTPUT_WIDTH_FOR_AUTO ; 0       ; Untyped                     ;
; CBXI_PARAMETER                                 ; NOTHING ; Untyped                     ;
; INPUT_A_FIXED_VALUE                            ; Bx      ; Untyped                     ;
; INPUT_B_FIXED_VALUE                            ; Bx      ; Untyped                     ;
; USE_AHDL_IMPLEMENTATION                        ; OFF     ; Untyped                     ;
+------------------------------------------------+---------+-----------------------------+
Note: In order to hide this table in the UI and the text report file, please set the "Show Parameter Settings in Synthesis Report" option in "Analysis and Synthesis Settings -> More Settings" to "Off".


+---------------------------------------------------------------------------------------+
; Parameter Settings for Inferred Entity Instance: hadamard_gate:u5_h_q0|lpm_mult:Mult6 ;
+------------------------------------------------+----------+---------------------------+
; Parameter Name                                 ; Value    ; Type                      ;
+------------------------------------------------+----------+---------------------------+
; AUTO_CARRY_CHAINS                              ; ON       ; AUTO_CARRY                ;
; IGNORE_CARRY_BUFFERS                           ; OFF      ; IGNORE_CARRY              ;
; AUTO_CASCADE_CHAINS                            ; ON       ; AUTO_CASCADE              ;
; IGNORE_CASCADE_BUFFERS                         ; OFF      ; IGNORE_CASCADE            ;
; LPM_WIDTHA                                     ; 17       ; Untyped                   ;
; LPM_WIDTHB                                     ; 15       ; Untyped                   ;
; LPM_WIDTHP                                     ; 32       ; Untyped                   ;
; LPM_WIDTHR                                     ; 32       ; Untyped                   ;
; LPM_WIDTHS                                     ; 1        ; Untyped                   ;
; LPM_REPRESENTATION                             ; SIGNED   ; Untyped                   ;
; LPM_PIPELINE                                   ; 0        ; Untyped                   ;
; LATENCY                                        ; 0        ; Untyped                   ;
; INPUT_A_IS_CONSTANT                            ; NO       ; Untyped                   ;
; INPUT_B_IS_CONSTANT                            ; YES      ; Untyped                   ;
; USE_EAB                                        ; OFF      ; Untyped                   ;
; MAXIMIZE_SPEED                                 ; 5        ; Untyped                   ;
; DEVICE_FAMILY                                  ; MAX 10   ; Untyped                   ;
; CARRY_CHAIN                                    ; MANUAL   ; Untyped                   ;
; APEX20K_TECHNOLOGY_MAPPER                      ; LUT      ; TECH_MAPPER_APEX20K       ;
; DEDICATED_MULTIPLIER_CIRCUITRY                 ; AUTO     ; Untyped                   ;
; DEDICATED_MULTIPLIER_MIN_INPUT_WIDTH_FOR_AUTO  ; 0        ; Untyped                   ;
; DEDICATED_MULTIPLIER_MIN_OUTPUT_WIDTH_FOR_AUTO ; 0        ; Untyped                   ;
; CBXI_PARAMETER                                 ; mult_dks ; Untyped                   ;
; INPUT_A_FIXED_VALUE                            ; Bx       ; Untyped                   ;
; INPUT_B_FIXED_VALUE                            ; Bx       ; Untyped                   ;
; USE_AHDL_IMPLEMENTATION                        ; OFF      ; Untyped                   ;
+------------------------------------------------+----------+---------------------------+
Note: In order to hide this table in the UI and the text report file, please set the "Show Parameter Settings in Synthesis Report" option in "Analysis and Synthesis Settings -> More Settings" to "Off".


+----------------------------------------------------------------------------------------+
; Parameter Settings for Inferred Entity Instance: hadamard_gate:u5_h_q0|lpm_mult:Mult14 ;
+------------------------------------------------+---------+-----------------------------+
; Parameter Name                                 ; Value   ; Type                        ;
+------------------------------------------------+---------+-----------------------------+
; AUTO_CARRY_CHAINS                              ; ON      ; AUTO_CARRY                  ;
; IGNORE_CARRY_BUFFERS                           ; OFF     ; IGNORE_CARRY                ;
; AUTO_CASCADE_CHAINS                            ; ON      ; AUTO_CASCADE                ;
; IGNORE_CASCADE_BUFFERS                         ; OFF     ; IGNORE_CASCADE              ;
; LPM_WIDTHA                                     ; 16      ; Untyped                     ;
; LPM_WIDTHB                                     ; 15      ; Untyped                     ;
; LPM_WIDTHP                                     ; 31      ; Untyped                     ;
; LPM_WIDTHR                                     ; 31      ; Untyped                     ;
; LPM_WIDTHS                                     ; 1       ; Untyped                     ;
; LPM_REPRESENTATION                             ; SIGNED  ; Untyped                     ;
; LPM_PIPELINE                                   ; 0       ; Untyped                     ;
; LATENCY                                        ; 0       ; Untyped                     ;
; INPUT_A_IS_CONSTANT                            ; NO      ; Untyped                     ;
; INPUT_B_IS_CONSTANT                            ; YES     ; Untyped                     ;
; USE_EAB                                        ; OFF     ; Untyped                     ;
; MAXIMIZE_SPEED                                 ; 5       ; Untyped                     ;
; DEVICE_FAMILY                                  ; MAX 10  ; Untyped                     ;
; CARRY_CHAIN                                    ; MANUAL  ; Untyped                     ;
; APEX20K_TECHNOLOGY_MAPPER                      ; LUT     ; TECH_MAPPER_APEX20K         ;
; DEDICATED_MULTIPLIER_CIRCUITRY                 ; AUTO    ; Untyped                     ;
; DEDICATED_MULTIPLIER_MIN_INPUT_WIDTH_FOR_AUTO  ; 0       ; Untyped                     ;
; DEDICATED_MULTIPLIER_MIN_OUTPUT_WIDTH_FOR_AUTO ; 0       ; Untyped                     ;
; CBXI_PARAMETER                                 ; NOTHING ; Untyped                     ;
; INPUT_A_FIXED_VALUE                            ; Bx      ; Untyped                     ;
; INPUT_B_FIXED_VALUE                            ; Bx      ; Untyped                     ;
; USE_AHDL_IMPLEMENTATION                        ; OFF     ; Untyped                     ;
+------------------------------------------------+---------+-----------------------------+
Note: In order to hide this table in the UI and the text report file, please set the "Show Parameter Settings in Synthesis Report" option in "Analysis and Synthesis Settings -> More Settings" to "Off".


+----------------------------------------------------------------------------------------+
; Parameter Settings for Inferred Entity Instance: hadamard_gate:u5_h_q0|lpm_mult:Mult10 ;
+------------------------------------------------+---------+-----------------------------+
; Parameter Name                                 ; Value   ; Type                        ;
+------------------------------------------------+---------+-----------------------------+
; AUTO_CARRY_CHAINS                              ; ON      ; AUTO_CARRY                  ;
; IGNORE_CARRY_BUFFERS                           ; OFF     ; IGNORE_CARRY                ;
; AUTO_CASCADE_CHAINS                            ; ON      ; AUTO_CASCADE                ;
; IGNORE_CASCADE_BUFFERS                         ; OFF     ; IGNORE_CASCADE              ;
; LPM_WIDTHA                                     ; 12      ; Untyped                     ;
; LPM_WIDTHB                                     ; 15      ; Untyped                     ;
; LPM_WIDTHP                                     ; 27      ; Untyped                     ;
; LPM_WIDTHR                                     ; 27      ; Untyped                     ;
; LPM_WIDTHS                                     ; 1       ; Untyped                     ;
; LPM_REPRESENTATION                             ; SIGNED  ; Untyped                     ;
; LPM_PIPELINE                                   ; 0       ; Untyped                     ;
; LATENCY                                        ; 0       ; Untyped                     ;
; INPUT_A_IS_CONSTANT                            ; NO      ; Untyped                     ;
; INPUT_B_IS_CONSTANT                            ; YES     ; Untyped                     ;
; USE_EAB                                        ; OFF     ; Untyped                     ;
; MAXIMIZE_SPEED                                 ; 5       ; Untyped                     ;
; DEVICE_FAMILY                                  ; MAX 10  ; Untyped                     ;
; CARRY_CHAIN                                    ; MANUAL  ; Untyped                     ;
; APEX20K_TECHNOLOGY_MAPPER                      ; LUT     ; TECH_MAPPER_APEX20K         ;
; DEDICATED_MULTIPLIER_CIRCUITRY                 ; AUTO    ; Untyped                     ;
; DEDICATED_MULTIPLIER_MIN_INPUT_WIDTH_FOR_AUTO  ; 0       ; Untyped                     ;
; DEDICATED_MULTIPLIER_MIN_OUTPUT_WIDTH_FOR_AUTO ; 0       ; Untyped                     ;
; CBXI_PARAMETER                                 ; NOTHING ; Untyped                     ;
; INPUT_A_FIXED_VALUE                            ; Bx      ; Untyped                     ;
; INPUT_B_FIXED_VALUE                            ; Bx      ; Untyped                     ;
; USE_AHDL_IMPLEMENTATION                        ; OFF     ; Untyped                     ;
+------------------------------------------------+---------+-----------------------------+
Note: In order to hide this table in the UI and the text report file, please set the "Show Parameter Settings in Synthesis Report" option in "Analysis and Synthesis Settings -> More Settings" to "Off".


+---------------------------------------------------------------------------------------+
; Parameter Settings for Inferred Entity Instance: hadamard_gate:u5_h_q0|lpm_mult:Mult2 ;
+------------------------------------------------+---------+----------------------------+
; Parameter Name                                 ; Value   ; Type                       ;
+------------------------------------------------+---------+----------------------------+
; AUTO_CARRY_CHAINS                              ; ON      ; AUTO_CARRY                 ;
; IGNORE_CARRY_BUFFERS                           ; OFF     ; IGNORE_CARRY               ;
; AUTO_CASCADE_CHAINS                            ; ON      ; AUTO_CASCADE               ;
; IGNORE_CASCADE_BUFFERS                         ; OFF     ; IGNORE_CASCADE             ;
; LPM_WIDTHA                                     ; 14      ; Untyped                    ;
; LPM_WIDTHB                                     ; 15      ; Untyped                    ;
; LPM_WIDTHP                                     ; 29      ; Untyped                    ;
; LPM_WIDTHR                                     ; 29      ; Untyped                    ;
; LPM_WIDTHS                                     ; 1       ; Untyped                    ;
; LPM_REPRESENTATION                             ; SIGNED  ; Untyped                    ;
; LPM_PIPELINE                                   ; 0       ; Untyped                    ;
; LATENCY                                        ; 0       ; Untyped                    ;
; INPUT_A_IS_CONSTANT                            ; NO      ; Untyped                    ;
; INPUT_B_IS_CONSTANT                            ; YES     ; Untyped                    ;
; USE_EAB                                        ; OFF     ; Untyped                    ;
; MAXIMIZE_SPEED                                 ; 5       ; Untyped                    ;
; DEVICE_FAMILY                                  ; MAX 10  ; Untyped                    ;
; CARRY_CHAIN                                    ; MANUAL  ; Untyped                    ;
; APEX20K_TECHNOLOGY_MAPPER                      ; LUT     ; TECH_MAPPER_APEX20K        ;
; DEDICATED_MULTIPLIER_CIRCUITRY                 ; AUTO    ; Untyped                    ;
; DEDICATED_MULTIPLIER_MIN_INPUT_WIDTH_FOR_AUTO  ; 0       ; Untyped                    ;
; DEDICATED_MULTIPLIER_MIN_OUTPUT_WIDTH_FOR_AUTO ; 0       ; Untyped                    ;
; CBXI_PARAMETER                                 ; NOTHING ; Untyped                    ;
; INPUT_A_FIXED_VALUE                            ; Bx      ; Untyped                    ;
; INPUT_B_FIXED_VALUE                            ; Bx      ; Untyped                    ;
; USE_AHDL_IMPLEMENTATION                        ; OFF     ; Untyped                    ;
+------------------------------------------------+---------+----------------------------+
Note: In order to hide this table in the UI and the text report file, please set the "Show Parameter Settings in Synthesis Report" option in "Analysis and Synthesis Settings -> More Settings" to "Off".


+---------------------------------------------------------------------------------------+
; Parameter Settings for Inferred Entity Instance: hadamard_gate:u5_h_q0|lpm_mult:Mult5 ;
+------------------------------------------------+---------+----------------------------+
; Parameter Name                                 ; Value   ; Type                       ;
+------------------------------------------------+---------+----------------------------+
; AUTO_CARRY_CHAINS                              ; ON      ; AUTO_CARRY                 ;
; IGNORE_CARRY_BUFFERS                           ; OFF     ; IGNORE_CARRY               ;
; AUTO_CASCADE_CHAINS                            ; ON      ; AUTO_CASCADE               ;
; IGNORE_CASCADE_BUFFERS                         ; OFF     ; IGNORE_CASCADE             ;
; LPM_WIDTHA                                     ; 16      ; Untyped                    ;
; LPM_WIDTHB                                     ; 15      ; Untyped                    ;
; LPM_WIDTHP                                     ; 31      ; Untyped                    ;
; LPM_WIDTHR                                     ; 31      ; Untyped                    ;
; LPM_WIDTHS                                     ; 1       ; Untyped                    ;
; LPM_REPRESENTATION                             ; SIGNED  ; Untyped                    ;
; LPM_PIPELINE                                   ; 0       ; Untyped                    ;
; LATENCY                                        ; 0       ; Untyped                    ;
; INPUT_A_IS_CONSTANT                            ; NO      ; Untyped                    ;
; INPUT_B_IS_CONSTANT                            ; YES     ; Untyped                    ;
; USE_EAB                                        ; OFF     ; Untyped                    ;
; MAXIMIZE_SPEED                                 ; 5       ; Untyped                    ;
; DEVICE_FAMILY                                  ; MAX 10  ; Untyped                    ;
; CARRY_CHAIN                                    ; MANUAL  ; Untyped                    ;
; APEX20K_TECHNOLOGY_MAPPER                      ; LUT     ; TECH_MAPPER_APEX20K        ;
; DEDICATED_MULTIPLIER_CIRCUITRY                 ; AUTO    ; Untyped                    ;
; DEDICATED_MULTIPLIER_MIN_INPUT_WIDTH_FOR_AUTO  ; 0       ; Untyped                    ;
; DEDICATED_MULTIPLIER_MIN_OUTPUT_WIDTH_FOR_AUTO ; 0       ; Untyped                    ;
; CBXI_PARAMETER                                 ; NOTHING ; Untyped                    ;
; INPUT_A_FIXED_VALUE                            ; Bx      ; Untyped                    ;
; INPUT_B_FIXED_VALUE                            ; Bx      ; Untyped                    ;
; USE_AHDL_IMPLEMENTATION                        ; OFF     ; Untyped                    ;
+------------------------------------------------+---------+----------------------------+
Note: In order to hide this table in the UI and the text report file, please set the "Show Parameter Settings in Synthesis Report" option in "Analysis and Synthesis Settings -> More Settings" to "Off".


+----------------------------------------------------------------------------------------+
; Parameter Settings for Inferred Entity Instance: hadamard_gate:u5_h_q0|lpm_mult:Mult13 ;
+------------------------------------------------+---------+-----------------------------+
; Parameter Name                                 ; Value   ; Type                        ;
+------------------------------------------------+---------+-----------------------------+
; AUTO_CARRY_CHAINS                              ; ON      ; AUTO_CARRY                  ;
; IGNORE_CARRY_BUFFERS                           ; OFF     ; IGNORE_CARRY                ;
; AUTO_CASCADE_CHAINS                            ; ON      ; AUTO_CASCADE                ;
; IGNORE_CASCADE_BUFFERS                         ; OFF     ; IGNORE_CASCADE              ;
; LPM_WIDTHA                                     ; 16      ; Untyped                     ;
; LPM_WIDTHB                                     ; 15      ; Untyped                     ;
; LPM_WIDTHP                                     ; 31      ; Untyped                     ;
; LPM_WIDTHR                                     ; 31      ; Untyped                     ;
; LPM_WIDTHS                                     ; 1       ; Untyped                     ;
; LPM_REPRESENTATION                             ; SIGNED  ; Untyped                     ;
; LPM_PIPELINE                                   ; 0       ; Untyped                     ;
; LATENCY                                        ; 0       ; Untyped                     ;
; INPUT_A_IS_CONSTANT                            ; NO      ; Untyped                     ;
; INPUT_B_IS_CONSTANT                            ; YES     ; Untyped                     ;
; USE_EAB                                        ; OFF     ; Untyped                     ;
; MAXIMIZE_SPEED                                 ; 5       ; Untyped                     ;
; DEVICE_FAMILY                                  ; MAX 10  ; Untyped                     ;
; CARRY_CHAIN                                    ; MANUAL  ; Untyped                     ;
; APEX20K_TECHNOLOGY_MAPPER                      ; LUT     ; TECH_MAPPER_APEX20K         ;
; DEDICATED_MULTIPLIER_CIRCUITRY                 ; AUTO    ; Untyped                     ;
; DEDICATED_MULTIPLIER_MIN_INPUT_WIDTH_FOR_AUTO  ; 0       ; Untyped                     ;
; DEDICATED_MULTIPLIER_MIN_OUTPUT_WIDTH_FOR_AUTO ; 0       ; Untyped                     ;
; CBXI_PARAMETER                                 ; NOTHING ; Untyped                     ;
; INPUT_A_FIXED_VALUE                            ; Bx      ; Untyped                     ;
; INPUT_B_FIXED_VALUE                            ; Bx      ; Untyped                     ;
; USE_AHDL_IMPLEMENTATION                        ; OFF     ; Untyped                     ;
+------------------------------------------------+---------+-----------------------------+
Note: In order to hide this table in the UI and the text report file, please set the "Show Parameter Settings in Synthesis Report" option in "Analysis and Synthesis Settings -> More Settings" to "Off".


+---------------------------------------------------------------------------------------+
; Parameter Settings for Inferred Entity Instance: hadamard_gate:u5_h_q0|lpm_mult:Mult1 ;
+------------------------------------------------+----------+---------------------------+
; Parameter Name                                 ; Value    ; Type                      ;
+------------------------------------------------+----------+---------------------------+
; AUTO_CARRY_CHAINS                              ; ON       ; AUTO_CARRY                ;
; IGNORE_CARRY_BUFFERS                           ; OFF      ; IGNORE_CARRY              ;
; AUTO_CASCADE_CHAINS                            ; ON       ; AUTO_CASCADE              ;
; IGNORE_CASCADE_BUFFERS                         ; OFF      ; IGNORE_CASCADE            ;
; LPM_WIDTHA                                     ; 17       ; Untyped                   ;
; LPM_WIDTHB                                     ; 15       ; Untyped                   ;
; LPM_WIDTHP                                     ; 32       ; Untyped                   ;
; LPM_WIDTHR                                     ; 32       ; Untyped                   ;
; LPM_WIDTHS                                     ; 1        ; Untyped                   ;
; LPM_REPRESENTATION                             ; SIGNED   ; Untyped                   ;
; LPM_PIPELINE                                   ; 0        ; Untyped                   ;
; LATENCY                                        ; 0        ; Untyped                   ;
; INPUT_A_IS_CONSTANT                            ; NO       ; Untyped                   ;
; INPUT_B_IS_CONSTANT                            ; YES      ; Untyped                   ;
; USE_EAB                                        ; OFF      ; Untyped                   ;
; MAXIMIZE_SPEED                                 ; 5        ; Untyped                   ;
; DEVICE_FAMILY                                  ; MAX 10   ; Untyped                   ;
; CARRY_CHAIN                                    ; MANUAL   ; Untyped                   ;
; APEX20K_TECHNOLOGY_MAPPER                      ; LUT      ; TECH_MAPPER_APEX20K       ;
; DEDICATED_MULTIPLIER_CIRCUITRY                 ; AUTO     ; Untyped                   ;
; DEDICATED_MULTIPLIER_MIN_INPUT_WIDTH_FOR_AUTO  ; 0        ; Untyped                   ;
; DEDICATED_MULTIPLIER_MIN_OUTPUT_WIDTH_FOR_AUTO ; 0        ; Untyped                   ;
; CBXI_PARAMETER                                 ; mult_dks ; Untyped                   ;
; INPUT_A_FIXED_VALUE                            ; Bx       ; Untyped                   ;
; INPUT_B_FIXED_VALUE                            ; Bx       ; Untyped                   ;
; USE_AHDL_IMPLEMENTATION                        ; OFF      ; Untyped                   ;
+------------------------------------------------+----------+---------------------------+
Note: In order to hide this table in the UI and the text report file, please set the "Show Parameter Settings in Synthesis Report" option in "Analysis and Synthesis Settings -> More Settings" to "Off".


+---------------------------------------------------------------------------------------+
; Parameter Settings for Inferred Entity Instance: hadamard_gate:u5_h_q0|lpm_mult:Mult9 ;
+------------------------------------------------+---------+----------------------------+
; Parameter Name                                 ; Value   ; Type                       ;
+------------------------------------------------+---------+----------------------------+
; AUTO_CARRY_CHAINS                              ; ON      ; AUTO_CARRY                 ;
; IGNORE_CARRY_BUFFERS                           ; OFF     ; IGNORE_CARRY               ;
; AUTO_CASCADE_CHAINS                            ; ON      ; AUTO_CASCADE               ;
; IGNORE_CASCADE_BUFFERS                         ; OFF     ; IGNORE_CASCADE             ;
; LPM_WIDTHA                                     ; 13      ; Untyped                    ;
; LPM_WIDTHB                                     ; 15      ; Untyped                    ;
; LPM_WIDTHP                                     ; 28      ; Untyped                    ;
; LPM_WIDTHR                                     ; 28      ; Untyped                    ;
; LPM_WIDTHS                                     ; 1       ; Untyped                    ;
; LPM_REPRESENTATION                             ; SIGNED  ; Untyped                    ;
; LPM_PIPELINE                                   ; 0       ; Untyped                    ;
; LATENCY                                        ; 0       ; Untyped                    ;
; INPUT_A_IS_CONSTANT                            ; NO      ; Untyped                    ;
; INPUT_B_IS_CONSTANT                            ; YES     ; Untyped                    ;
; USE_EAB                                        ; OFF     ; Untyped                    ;
; MAXIMIZE_SPEED                                 ; 5       ; Untyped                    ;
; DEVICE_FAMILY                                  ; MAX 10  ; Untyped                    ;
; CARRY_CHAIN                                    ; MANUAL  ; Untyped                    ;
; APEX20K_TECHNOLOGY_MAPPER                      ; LUT     ; TECH_MAPPER_APEX20K        ;
; DEDICATED_MULTIPLIER_CIRCUITRY                 ; AUTO    ; Untyped                    ;
; DEDICATED_MULTIPLIER_MIN_INPUT_WIDTH_FOR_AUTO  ; 0       ; Untyped                    ;
; DEDICATED_MULTIPLIER_MIN_OUTPUT_WIDTH_FOR_AUTO ; 0       ; Untyped                    ;
; CBXI_PARAMETER                                 ; NOTHING ; Untyped                    ;
; INPUT_A_FIXED_VALUE                            ; Bx      ; Untyped                    ;
; INPUT_B_FIXED_VALUE                            ; Bx      ; Untyped                    ;
; USE_AHDL_IMPLEMENTATION                        ; OFF     ; Untyped                    ;
+------------------------------------------------+---------+----------------------------+
Note: In order to hide this table in the UI and the text report file, please set the "Show Parameter Settings in Synthesis Report" option in "Analysis and Synthesis Settings -> More Settings" to "Off".


+---------------------------------------------------------------------------------------+
; Parameter Settings for Inferred Entity Instance: hadamard_gate:u3_h_q1|lpm_mult:Mult1 ;
+------------------------------------------------+---------+----------------------------+
; Parameter Name                                 ; Value   ; Type                       ;
+------------------------------------------------+---------+----------------------------+
; AUTO_CARRY_CHAINS                              ; ON      ; AUTO_CARRY                 ;
; IGNORE_CARRY_BUFFERS                           ; OFF     ; IGNORE_CARRY               ;
; AUTO_CASCADE_CHAINS                            ; ON      ; AUTO_CASCADE               ;
; IGNORE_CASCADE_BUFFERS                         ; OFF     ; IGNORE_CASCADE             ;
; LPM_WIDTHA                                     ; 16      ; Untyped                    ;
; LPM_WIDTHB                                     ; 15      ; Untyped                    ;
; LPM_WIDTHP                                     ; 31      ; Untyped                    ;
; LPM_WIDTHR                                     ; 31      ; Untyped                    ;
; LPM_WIDTHS                                     ; 1       ; Untyped                    ;
; LPM_REPRESENTATION                             ; SIGNED  ; Untyped                    ;
; LPM_PIPELINE                                   ; 0       ; Untyped                    ;
; LATENCY                                        ; 0       ; Untyped                    ;
; INPUT_A_IS_CONSTANT                            ; NO      ; Untyped                    ;
; INPUT_B_IS_CONSTANT                            ; YES     ; Untyped                    ;
; USE_EAB                                        ; OFF     ; Untyped                    ;
; MAXIMIZE_SPEED                                 ; 5       ; Untyped                    ;
; DEVICE_FAMILY                                  ; MAX 10  ; Untyped                    ;
; CARRY_CHAIN                                    ; MANUAL  ; Untyped                    ;
; APEX20K_TECHNOLOGY_MAPPER                      ; LUT     ; TECH_MAPPER_APEX20K        ;
; DEDICATED_MULTIPLIER_CIRCUITRY                 ; AUTO    ; Untyped                    ;
; DEDICATED_MULTIPLIER_MIN_INPUT_WIDTH_FOR_AUTO  ; 0       ; Untyped                    ;
; DEDICATED_MULTIPLIER_MIN_OUTPUT_WIDTH_FOR_AUTO ; 0       ; Untyped                    ;
; CBXI_PARAMETER                                 ; NOTHING ; Untyped                    ;
; INPUT_A_FIXED_VALUE                            ; Bx      ; Untyped                    ;
; INPUT_B_FIXED_VALUE                            ; Bx      ; Untyped                    ;
; USE_AHDL_IMPLEMENTATION                        ; OFF     ; Untyped                    ;
+------------------------------------------------+---------+----------------------------+
Note: In order to hide this table in the UI and the text report file, please set the "Show Parameter Settings in Synthesis Report" option in "Analysis and Synthesis Settings -> More Settings" to "Off".


+---------------------------------------------------------------------------------------+
; Parameter Settings for Inferred Entity Instance: hadamard_gate:u3_h_q1|lpm_mult:Mult0 ;
+------------------------------------------------+---------+----------------------------+
; Parameter Name                                 ; Value   ; Type                       ;
+------------------------------------------------+---------+----------------------------+
; AUTO_CARRY_CHAINS                              ; ON      ; AUTO_CARRY                 ;
; IGNORE_CARRY_BUFFERS                           ; OFF     ; IGNORE_CARRY               ;
; AUTO_CASCADE_CHAINS                            ; ON      ; AUTO_CASCADE               ;
; IGNORE_CASCADE_BUFFERS                         ; OFF     ; IGNORE_CASCADE             ;
; LPM_WIDTHA                                     ; 15      ; Untyped                    ;
; LPM_WIDTHB                                     ; 15      ; Untyped                    ;
; LPM_WIDTHP                                     ; 30      ; Untyped                    ;
; LPM_WIDTHR                                     ; 30      ; Untyped                    ;
; LPM_WIDTHS                                     ; 1       ; Untyped                    ;
; LPM_REPRESENTATION                             ; SIGNED  ; Untyped                    ;
; LPM_PIPELINE                                   ; 0       ; Untyped                    ;
; LATENCY                                        ; 0       ; Untyped                    ;
; INPUT_A_IS_CONSTANT                            ; NO      ; Untyped                    ;
; INPUT_B_IS_CONSTANT                            ; YES     ; Untyped                    ;
; USE_EAB                                        ; OFF     ; Untyped                    ;
; MAXIMIZE_SPEED                                 ; 5       ; Untyped                    ;
; DEVICE_FAMILY                                  ; MAX 10  ; Untyped                    ;
; CARRY_CHAIN                                    ; MANUAL  ; Untyped                    ;
; APEX20K_TECHNOLOGY_MAPPER                      ; LUT     ; TECH_MAPPER_APEX20K        ;
; DEDICATED_MULTIPLIER_CIRCUITRY                 ; AUTO    ; Untyped                    ;
; DEDICATED_MULTIPLIER_MIN_INPUT_WIDTH_FOR_AUTO  ; 0       ; Untyped                    ;
; DEDICATED_MULTIPLIER_MIN_OUTPUT_WIDTH_FOR_AUTO ; 0       ; Untyped                    ;
; CBXI_PARAMETER                                 ; NOTHING ; Untyped                    ;
; INPUT_A_FIXED_VALUE                            ; Bx      ; Untyped                    ;
; INPUT_B_FIXED_VALUE                            ; Bx      ; Untyped                    ;
; USE_AHDL_IMPLEMENTATION                        ; OFF     ; Untyped                    ;
+------------------------------------------------+---------+----------------------------+
Note: In order to hide this table in the UI and the text report file, please set the "Show Parameter Settings in Synthesis Report" option in "Analysis and Synthesis Settings -> More Settings" to "Off".


+---------------------------------------------------------------------------------------+
; Parameter Settings for Inferred Entity Instance: hadamard_gate:u3_h_q1|lpm_mult:Mult9 ;
+------------------------------------------------+---------+----------------------------+
; Parameter Name                                 ; Value   ; Type                       ;
+------------------------------------------------+---------+----------------------------+
; AUTO_CARRY_CHAINS                              ; ON      ; AUTO_CARRY                 ;
; IGNORE_CARRY_BUFFERS                           ; OFF     ; IGNORE_CARRY               ;
; AUTO_CASCADE_CHAINS                            ; ON      ; AUTO_CASCADE               ;
; IGNORE_CASCADE_BUFFERS                         ; OFF     ; IGNORE_CASCADE             ;
; LPM_WIDTHA                                     ; 10      ; Untyped                    ;
; LPM_WIDTHB                                     ; 15      ; Untyped                    ;
; LPM_WIDTHP                                     ; 25      ; Untyped                    ;
; LPM_WIDTHR                                     ; 25      ; Untyped                    ;
; LPM_WIDTHS                                     ; 1       ; Untyped                    ;
; LPM_REPRESENTATION                             ; SIGNED  ; Untyped                    ;
; LPM_PIPELINE                                   ; 0       ; Untyped                    ;
; LATENCY                                        ; 0       ; Untyped                    ;
; INPUT_A_IS_CONSTANT                            ; NO      ; Untyped                    ;
; INPUT_B_IS_CONSTANT                            ; YES     ; Untyped                    ;
; USE_EAB                                        ; OFF     ; Untyped                    ;
; MAXIMIZE_SPEED                                 ; 5       ; Untyped                    ;
; DEVICE_FAMILY                                  ; MAX 10  ; Untyped                    ;
; CARRY_CHAIN                                    ; MANUAL  ; Untyped                    ;
; APEX20K_TECHNOLOGY_MAPPER                      ; LUT     ; TECH_MAPPER_APEX20K        ;
; DEDICATED_MULTIPLIER_CIRCUITRY                 ; AUTO    ; Untyped                    ;
; DEDICATED_MULTIPLIER_MIN_INPUT_WIDTH_FOR_AUTO  ; 0       ; Untyped                    ;
; DEDICATED_MULTIPLIER_MIN_OUTPUT_WIDTH_FOR_AUTO ; 0       ; Untyped                    ;
; CBXI_PARAMETER                                 ; NOTHING ; Untyped                    ;
; INPUT_A_FIXED_VALUE                            ; Bx      ; Untyped                    ;
; INPUT_B_FIXED_VALUE                            ; Bx      ; Untyped                    ;
; USE_AHDL_IMPLEMENTATION                        ; OFF     ; Untyped                    ;
+------------------------------------------------+---------+----------------------------+
Note: In order to hide this table in the UI and the text report file, please set the "Show Parameter Settings in Synthesis Report" option in "Analysis and Synthesis Settings -> More Settings" to "Off".


+---------------------------------------------------------------------------------------+
; Parameter Settings for Inferred Entity Instance: hadamard_gate:u3_h_q1|lpm_mult:Mult8 ;
+------------------------------------------------+---------+----------------------------+
; Parameter Name                                 ; Value   ; Type                       ;
+------------------------------------------------+---------+----------------------------+
; AUTO_CARRY_CHAINS                              ; ON      ; AUTO_CARRY                 ;
; IGNORE_CARRY_BUFFERS                           ; OFF     ; IGNORE_CARRY               ;
; AUTO_CASCADE_CHAINS                            ; ON      ; AUTO_CASCADE               ;
; IGNORE_CASCADE_BUFFERS                         ; OFF     ; IGNORE_CASCADE             ;
; LPM_WIDTHA                                     ; 11      ; Untyped                    ;
; LPM_WIDTHB                                     ; 15      ; Untyped                    ;
; LPM_WIDTHP                                     ; 26      ; Untyped                    ;
; LPM_WIDTHR                                     ; 26      ; Untyped                    ;
; LPM_WIDTHS                                     ; 1       ; Untyped                    ;
; LPM_REPRESENTATION                             ; SIGNED  ; Untyped                    ;
; LPM_PIPELINE                                   ; 0       ; Untyped                    ;
; LATENCY                                        ; 0       ; Untyped                    ;
; INPUT_A_IS_CONSTANT                            ; NO      ; Untyped                    ;
; INPUT_B_IS_CONSTANT                            ; YES     ; Untyped                    ;
; USE_EAB                                        ; OFF     ; Untyped                    ;
; MAXIMIZE_SPEED                                 ; 5       ; Untyped                    ;
; DEVICE_FAMILY                                  ; MAX 10  ; Untyped                    ;
; CARRY_CHAIN                                    ; MANUAL  ; Untyped                    ;
; APEX20K_TECHNOLOGY_MAPPER                      ; LUT     ; TECH_MAPPER_APEX20K        ;
; DEDICATED_MULTIPLIER_CIRCUITRY                 ; AUTO    ; Untyped                    ;
; DEDICATED_MULTIPLIER_MIN_INPUT_WIDTH_FOR_AUTO  ; 0       ; Untyped                    ;
; DEDICATED_MULTIPLIER_MIN_OUTPUT_WIDTH_FOR_AUTO ; 0       ; Untyped                    ;
; CBXI_PARAMETER                                 ; NOTHING ; Untyped                    ;
; INPUT_A_FIXED_VALUE                            ; Bx      ; Untyped                    ;
; INPUT_B_FIXED_VALUE                            ; Bx      ; Untyped                    ;
; USE_AHDL_IMPLEMENTATION                        ; OFF     ; Untyped                    ;
+------------------------------------------------+---------+----------------------------+
Note: In order to hide this table in the UI and the text report file, please set the "Show Parameter Settings in Synthesis Report" option in "Analysis and Synthesis Settings -> More Settings" to "Off".


+----------------------------------------------------------------------------------------+
; Parameter Settings for Inferred Entity Instance: hadamard_gate:u3_h_q1|lpm_mult:Mult11 ;
+------------------------------------------------+---------+-----------------------------+
; Parameter Name                                 ; Value   ; Type                        ;
+------------------------------------------------+---------+-----------------------------+
; AUTO_CARRY_CHAINS                              ; ON      ; AUTO_CARRY                  ;
; IGNORE_CARRY_BUFFERS                           ; OFF     ; IGNORE_CARRY                ;
; AUTO_CASCADE_CHAINS                            ; ON      ; AUTO_CASCADE                ;
; IGNORE_CASCADE_BUFFERS                         ; OFF     ; IGNORE_CASCADE              ;
; LPM_WIDTHA                                     ; 10      ; Untyped                     ;
; LPM_WIDTHB                                     ; 15      ; Untyped                     ;
; LPM_WIDTHP                                     ; 25      ; Untyped                     ;
; LPM_WIDTHR                                     ; 25      ; Untyped                     ;
; LPM_WIDTHS                                     ; 1       ; Untyped                     ;
; LPM_REPRESENTATION                             ; SIGNED  ; Untyped                     ;
; LPM_PIPELINE                                   ; 0       ; Untyped                     ;
; LATENCY                                        ; 0       ; Untyped                     ;
; INPUT_A_IS_CONSTANT                            ; NO      ; Untyped                     ;
; INPUT_B_IS_CONSTANT                            ; YES     ; Untyped                     ;
; USE_EAB                                        ; OFF     ; Untyped                     ;
; MAXIMIZE_SPEED                                 ; 5       ; Untyped                     ;
; DEVICE_FAMILY                                  ; MAX 10  ; Untyped                     ;
; CARRY_CHAIN                                    ; MANUAL  ; Untyped                     ;
; APEX20K_TECHNOLOGY_MAPPER                      ; LUT     ; TECH_MAPPER_APEX20K         ;
; DEDICATED_MULTIPLIER_CIRCUITRY                 ; AUTO    ; Untyped                     ;
; DEDICATED_MULTIPLIER_MIN_INPUT_WIDTH_FOR_AUTO  ; 0       ; Untyped                     ;
; DEDICATED_MULTIPLIER_MIN_OUTPUT_WIDTH_FOR_AUTO ; 0       ; Untyped                     ;
; CBXI_PARAMETER                                 ; NOTHING ; Untyped                     ;
; INPUT_A_FIXED_VALUE                            ; Bx      ; Untyped                     ;
; INPUT_B_FIXED_VALUE                            ; Bx      ; Untyped                     ;
; USE_AHDL_IMPLEMENTATION                        ; OFF     ; Untyped                     ;
+------------------------------------------------+---------+-----------------------------+
Note: In order to hide this table in the UI and the text report file, please set the "Show Parameter Settings in Synthesis Report" option in "Analysis and Synthesis Settings -> More Settings" to "Off".


+---------------------------------------------------------------------------------------+
; Parameter Settings for Inferred Entity Instance: hadamard_gate:u3_h_q1|lpm_mult:Mult2 ;
+------------------------------------------------+---------+----------------------------+
; Parameter Name                                 ; Value   ; Type                       ;
+------------------------------------------------+---------+----------------------------+
; AUTO_CARRY_CHAINS                              ; ON      ; AUTO_CARRY                 ;
; IGNORE_CARRY_BUFFERS                           ; OFF     ; IGNORE_CARRY               ;
; AUTO_CASCADE_CHAINS                            ; ON      ; AUTO_CASCADE               ;
; IGNORE_CASCADE_BUFFERS                         ; OFF     ; IGNORE_CASCADE             ;
; LPM_WIDTHA                                     ; 12      ; Untyped                    ;
; LPM_WIDTHB                                     ; 15      ; Untyped                    ;
; LPM_WIDTHP                                     ; 27      ; Untyped                    ;
; LPM_WIDTHR                                     ; 27      ; Untyped                    ;
; LPM_WIDTHS                                     ; 1       ; Untyped                    ;
; LPM_REPRESENTATION                             ; SIGNED  ; Untyped                    ;
; LPM_PIPELINE                                   ; 0       ; Untyped                    ;
; LATENCY                                        ; 0       ; Untyped                    ;
; INPUT_A_IS_CONSTANT                            ; NO      ; Untyped                    ;
; INPUT_B_IS_CONSTANT                            ; YES     ; Untyped                    ;
; USE_EAB                                        ; OFF     ; Untyped                    ;
; MAXIMIZE_SPEED                                 ; 5       ; Untyped                    ;
; DEVICE_FAMILY                                  ; MAX 10  ; Untyped                    ;
; CARRY_CHAIN                                    ; MANUAL  ; Untyped                    ;
; APEX20K_TECHNOLOGY_MAPPER                      ; LUT     ; TECH_MAPPER_APEX20K        ;
; DEDICATED_MULTIPLIER_CIRCUITRY                 ; AUTO    ; Untyped                    ;
; DEDICATED_MULTIPLIER_MIN_INPUT_WIDTH_FOR_AUTO  ; 0       ; Untyped                    ;
; DEDICATED_MULTIPLIER_MIN_OUTPUT_WIDTH_FOR_AUTO ; 0       ; Untyped                    ;
; CBXI_PARAMETER                                 ; NOTHING ; Untyped                    ;
; INPUT_A_FIXED_VALUE                            ; Bx      ; Untyped                    ;
; INPUT_B_FIXED_VALUE                            ; Bx      ; Untyped                    ;
; USE_AHDL_IMPLEMENTATION                        ; OFF     ; Untyped                    ;
+------------------------------------------------+---------+----------------------------+
Note: In order to hide this table in the UI and the text report file, please set the "Show Parameter Settings in Synthesis Report" option in "Analysis and Synthesis Settings -> More Settings" to "Off".


+---------------------------------------------------------------------------------------+
; Parameter Settings for Inferred Entity Instance: hadamard_gate:u3_h_q1|lpm_mult:Mult3 ;
+------------------------------------------------+---------+----------------------------+
; Parameter Name                                 ; Value   ; Type                       ;
+------------------------------------------------+---------+----------------------------+
; AUTO_CARRY_CHAINS                              ; ON      ; AUTO_CARRY                 ;
; IGNORE_CARRY_BUFFERS                           ; OFF     ; IGNORE_CARRY               ;
; AUTO_CASCADE_CHAINS                            ; ON      ; AUTO_CASCADE               ;
; IGNORE_CASCADE_BUFFERS                         ; OFF     ; IGNORE_CASCADE             ;
; LPM_WIDTHA                                     ; 12      ; Untyped                    ;
; LPM_WIDTHB                                     ; 15      ; Untyped                    ;
; LPM_WIDTHP                                     ; 27      ; Untyped                    ;
; LPM_WIDTHR                                     ; 27      ; Untyped                    ;
; LPM_WIDTHS                                     ; 1       ; Untyped                    ;
; LPM_REPRESENTATION                             ; SIGNED  ; Untyped                    ;
; LPM_PIPELINE                                   ; 0       ; Untyped                    ;
; LATENCY                                        ; 0       ; Untyped                    ;
; INPUT_A_IS_CONSTANT                            ; NO      ; Untyped                    ;
; INPUT_B_IS_CONSTANT                            ; YES     ; Untyped                    ;
; USE_EAB                                        ; OFF     ; Untyped                    ;
; MAXIMIZE_SPEED                                 ; 5       ; Untyped                    ;
; DEVICE_FAMILY                                  ; MAX 10  ; Untyped                    ;
; CARRY_CHAIN                                    ; MANUAL  ; Untyped                    ;
; APEX20K_TECHNOLOGY_MAPPER                      ; LUT     ; TECH_MAPPER_APEX20K        ;
; DEDICATED_MULTIPLIER_CIRCUITRY                 ; AUTO    ; Untyped                    ;
; DEDICATED_MULTIPLIER_MIN_INPUT_WIDTH_FOR_AUTO  ; 0       ; Untyped                    ;
; DEDICATED_MULTIPLIER_MIN_OUTPUT_WIDTH_FOR_AUTO ; 0       ; Untyped                    ;
; CBXI_PARAMETER                                 ; NOTHING ; Untyped                    ;
; INPUT_A_FIXED_VALUE                            ; Bx      ; Untyped                    ;
; INPUT_B_FIXED_VALUE                            ; Bx      ; Untyped                    ;
; USE_AHDL_IMPLEMENTATION                        ; OFF     ; Untyped                    ;
+------------------------------------------------+---------+----------------------------+
Note: In order to hide this table in the UI and the text report file, please set the "Show Parameter Settings in Synthesis Report" option in "Analysis and Synthesis Settings -> More Settings" to "Off".


+----------------------------------------------------------------------------------------+
; Parameter Settings for Inferred Entity Instance: hadamard_gate:u3_h_q1|lpm_mult:Mult10 ;
+------------------------------------------------+---------+-----------------------------+
; Parameter Name                                 ; Value   ; Type                        ;
+------------------------------------------------+---------+-----------------------------+
; AUTO_CARRY_CHAINS                              ; ON      ; AUTO_CARRY                  ;
; IGNORE_CARRY_BUFFERS                           ; OFF     ; IGNORE_CARRY                ;
; AUTO_CASCADE_CHAINS                            ; ON      ; AUTO_CASCADE                ;
; IGNORE_CASCADE_BUFFERS                         ; OFF     ; IGNORE_CASCADE              ;
; LPM_WIDTHA                                     ; 11      ; Untyped                     ;
; LPM_WIDTHB                                     ; 15      ; Untyped                     ;
; LPM_WIDTHP                                     ; 26      ; Untyped                     ;
; LPM_WIDTHR                                     ; 26      ; Untyped                     ;
; LPM_WIDTHS                                     ; 1       ; Untyped                     ;
; LPM_REPRESENTATION                             ; SIGNED  ; Untyped                     ;
; LPM_PIPELINE                                   ; 0       ; Untyped                     ;
; LATENCY                                        ; 0       ; Untyped                     ;
; INPUT_A_IS_CONSTANT                            ; NO      ; Untyped                     ;
; INPUT_B_IS_CONSTANT                            ; YES     ; Untyped                     ;
; USE_EAB                                        ; OFF     ; Untyped                     ;
; MAXIMIZE_SPEED                                 ; 5       ; Untyped                     ;
; DEVICE_FAMILY                                  ; MAX 10  ; Untyped                     ;
; CARRY_CHAIN                                    ; MANUAL  ; Untyped                     ;
; APEX20K_TECHNOLOGY_MAPPER                      ; LUT     ; TECH_MAPPER_APEX20K         ;
; DEDICATED_MULTIPLIER_CIRCUITRY                 ; AUTO    ; Untyped                     ;
; DEDICATED_MULTIPLIER_MIN_INPUT_WIDTH_FOR_AUTO  ; 0       ; Untyped                     ;
; DEDICATED_MULTIPLIER_MIN_OUTPUT_WIDTH_FOR_AUTO ; 0       ; Untyped                     ;
; CBXI_PARAMETER                                 ; NOTHING ; Untyped                     ;
; INPUT_A_FIXED_VALUE                            ; Bx      ; Untyped                     ;
; INPUT_B_FIXED_VALUE                            ; Bx      ; Untyped                     ;
; USE_AHDL_IMPLEMENTATION                        ; OFF     ; Untyped                     ;
+------------------------------------------------+---------+-----------------------------+
Note: In order to hide this table in the UI and the text report file, please set the "Show Parameter Settings in Synthesis Report" option in "Analysis and Synthesis Settings -> More Settings" to "Off".


+---------------------------------------------------------------------------------------+
; Parameter Settings for Inferred Entity Instance: hadamard_gate:u3_h_q1|lpm_mult:Mult5 ;
+------------------------------------------------+---------+----------------------------+
; Parameter Name                                 ; Value   ; Type                       ;
+------------------------------------------------+---------+----------------------------+
; AUTO_CARRY_CHAINS                              ; ON      ; AUTO_CARRY                 ;
; IGNORE_CARRY_BUFFERS                           ; OFF     ; IGNORE_CARRY               ;
; AUTO_CASCADE_CHAINS                            ; ON      ; AUTO_CASCADE               ;
; IGNORE_CASCADE_BUFFERS                         ; OFF     ; IGNORE_CASCADE             ;
; LPM_WIDTHA                                     ; 14      ; Untyped                    ;
; LPM_WIDTHB                                     ; 15      ; Untyped                    ;
; LPM_WIDTHP                                     ; 29      ; Untyped                    ;
; LPM_WIDTHR                                     ; 29      ; Untyped                    ;
; LPM_WIDTHS                                     ; 1       ; Untyped                    ;
; LPM_REPRESENTATION                             ; SIGNED  ; Untyped                    ;
; LPM_PIPELINE                                   ; 0       ; Untyped                    ;
; LATENCY                                        ; 0       ; Untyped                    ;
; INPUT_A_IS_CONSTANT                            ; NO      ; Untyped                    ;
; INPUT_B_IS_CONSTANT                            ; YES     ; Untyped                    ;
; USE_EAB                                        ; OFF     ; Untyped                    ;
; MAXIMIZE_SPEED                                 ; 5       ; Untyped                    ;
; DEVICE_FAMILY                                  ; MAX 10  ; Untyped                    ;
; CARRY_CHAIN                                    ; MANUAL  ; Untyped                    ;
; APEX20K_TECHNOLOGY_MAPPER                      ; LUT     ; TECH_MAPPER_APEX20K        ;
; DEDICATED_MULTIPLIER_CIRCUITRY                 ; AUTO    ; Untyped                    ;
; DEDICATED_MULTIPLIER_MIN_INPUT_WIDTH_FOR_AUTO  ; 0       ; Untyped                    ;
; DEDICATED_MULTIPLIER_MIN_OUTPUT_WIDTH_FOR_AUTO ; 0       ; Untyped                    ;
; CBXI_PARAMETER                                 ; NOTHING ; Untyped                    ;
; INPUT_A_FIXED_VALUE                            ; Bx      ; Untyped                    ;
; INPUT_B_FIXED_VALUE                            ; Bx      ; Untyped                    ;
; USE_AHDL_IMPLEMENTATION                        ; OFF     ; Untyped                    ;
+------------------------------------------------+---------+----------------------------+
Note: In order to hide this table in the UI and the text report file, please set the "Show Parameter Settings in Synthesis Report" option in "Analysis and Synthesis Settings -> More Settings" to "Off".


+---------------------------------------------------------------------------------------+
; Parameter Settings for Inferred Entity Instance: hadamard_gate:u3_h_q1|lpm_mult:Mult4 ;
+------------------------------------------------+---------+----------------------------+
; Parameter Name                                 ; Value   ; Type                       ;
+------------------------------------------------+---------+----------------------------+
; AUTO_CARRY_CHAINS                              ; ON      ; AUTO_CARRY                 ;
; IGNORE_CARRY_BUFFERS                           ; OFF     ; IGNORE_CARRY               ;
; AUTO_CASCADE_CHAINS                            ; ON      ; AUTO_CASCADE               ;
; IGNORE_CASCADE_BUFFERS                         ; OFF     ; IGNORE_CASCADE             ;
; LPM_WIDTHA                                     ; 12      ; Untyped                    ;
; LPM_WIDTHB                                     ; 15      ; Untyped                    ;
; LPM_WIDTHP                                     ; 27      ; Untyped                    ;
; LPM_WIDTHR                                     ; 27      ; Untyped                    ;
; LPM_WIDTHS                                     ; 1       ; Untyped                    ;
; LPM_REPRESENTATION                             ; SIGNED  ; Untyped                    ;
; LPM_PIPELINE                                   ; 0       ; Untyped                    ;
; LATENCY                                        ; 0       ; Untyped                    ;
; INPUT_A_IS_CONSTANT                            ; NO      ; Untyped                    ;
; INPUT_B_IS_CONSTANT                            ; YES     ; Untyped                    ;
; USE_EAB                                        ; OFF     ; Untyped                    ;
; MAXIMIZE_SPEED                                 ; 5       ; Untyped                    ;
; DEVICE_FAMILY                                  ; MAX 10  ; Untyped                    ;
; CARRY_CHAIN                                    ; MANUAL  ; Untyped                    ;
; APEX20K_TECHNOLOGY_MAPPER                      ; LUT     ; TECH_MAPPER_APEX20K        ;
; DEDICATED_MULTIPLIER_CIRCUITRY                 ; AUTO    ; Untyped                    ;
; DEDICATED_MULTIPLIER_MIN_INPUT_WIDTH_FOR_AUTO  ; 0       ; Untyped                    ;
; DEDICATED_MULTIPLIER_MIN_OUTPUT_WIDTH_FOR_AUTO ; 0       ; Untyped                    ;
; CBXI_PARAMETER                                 ; NOTHING ; Untyped                    ;
; INPUT_A_FIXED_VALUE                            ; Bx      ; Untyped                    ;
; INPUT_B_FIXED_VALUE                            ; Bx      ; Untyped                    ;
; USE_AHDL_IMPLEMENTATION                        ; OFF     ; Untyped                    ;
+------------------------------------------------+---------+----------------------------+
Note: In order to hide this table in the UI and the text report file, please set the "Show Parameter Settings in Synthesis Report" option in "Analysis and Synthesis Settings -> More Settings" to "Off".


+----------------------------------------------------------------------------------------+
; Parameter Settings for Inferred Entity Instance: hadamard_gate:u3_h_q1|lpm_mult:Mult13 ;
+------------------------------------------------+---------+-----------------------------+
; Parameter Name                                 ; Value   ; Type                        ;
+------------------------------------------------+---------+-----------------------------+
; AUTO_CARRY_CHAINS                              ; ON      ; AUTO_CARRY                  ;
; IGNORE_CARRY_BUFFERS                           ; OFF     ; IGNORE_CARRY                ;
; AUTO_CASCADE_CHAINS                            ; ON      ; AUTO_CASCADE                ;
; IGNORE_CASCADE_BUFFERS                         ; OFF     ; IGNORE_CASCADE              ;
; LPM_WIDTHA                                     ; 14      ; Untyped                     ;
; LPM_WIDTHB                                     ; 15      ; Untyped                     ;
; LPM_WIDTHP                                     ; 29      ; Untyped                     ;
; LPM_WIDTHR                                     ; 29      ; Untyped                     ;
; LPM_WIDTHS                                     ; 1       ; Untyped                     ;
; LPM_REPRESENTATION                             ; SIGNED  ; Untyped                     ;
; LPM_PIPELINE                                   ; 0       ; Untyped                     ;
; LATENCY                                        ; 0       ; Untyped                     ;
; INPUT_A_IS_CONSTANT                            ; NO      ; Untyped                     ;
; INPUT_B_IS_CONSTANT                            ; YES     ; Untyped                     ;
; USE_EAB                                        ; OFF     ; Untyped                     ;
; MAXIMIZE_SPEED                                 ; 5       ; Untyped                     ;
; DEVICE_FAMILY                                  ; MAX 10  ; Untyped                     ;
; CARRY_CHAIN                                    ; MANUAL  ; Untyped                     ;
; APEX20K_TECHNOLOGY_MAPPER                      ; LUT     ; TECH_MAPPER_APEX20K         ;
; DEDICATED_MULTIPLIER_CIRCUITRY                 ; AUTO    ; Untyped                     ;
; DEDICATED_MULTIPLIER_MIN_INPUT_WIDTH_FOR_AUTO  ; 0       ; Untyped                     ;
; DEDICATED_MULTIPLIER_MIN_OUTPUT_WIDTH_FOR_AUTO ; 0       ; Untyped                     ;
; CBXI_PARAMETER                                 ; NOTHING ; Untyped                     ;
; INPUT_A_FIXED_VALUE                            ; Bx      ; Untyped                     ;
; INPUT_B_FIXED_VALUE                            ; Bx      ; Untyped                     ;
; USE_AHDL_IMPLEMENTATION                        ; OFF     ; Untyped                     ;
+------------------------------------------------+---------+-----------------------------+
Note: In order to hide this table in the UI and the text report file, please set the "Show Parameter Settings in Synthesis Report" option in "Analysis and Synthesis Settings -> More Settings" to "Off".


+----------------------------------------------------------------------------------------+
; Parameter Settings for Inferred Entity Instance: hadamard_gate:u3_h_q1|lpm_mult:Mult15 ;
+------------------------------------------------+---------+-----------------------------+
; Parameter Name                                 ; Value   ; Type                        ;
+------------------------------------------------+---------+-----------------------------+
; AUTO_CARRY_CHAINS                              ; ON      ; AUTO_CARRY                  ;
; IGNORE_CARRY_BUFFERS                           ; OFF     ; IGNORE_CARRY                ;
; AUTO_CASCADE_CHAINS                            ; ON      ; AUTO_CASCADE                ;
; IGNORE_CASCADE_BUFFERS                         ; OFF     ; IGNORE_CASCADE              ;
; LPM_WIDTHA                                     ; 14      ; Untyped                     ;
; LPM_WIDTHB                                     ; 15      ; Untyped                     ;
; LPM_WIDTHP                                     ; 29      ; Untyped                     ;
; LPM_WIDTHR                                     ; 29      ; Untyped                     ;
; LPM_WIDTHS                                     ; 1       ; Untyped                     ;
; LPM_REPRESENTATION                             ; SIGNED  ; Untyped                     ;
; LPM_PIPELINE                                   ; 0       ; Untyped                     ;
; LATENCY                                        ; 0       ; Untyped                     ;
; INPUT_A_IS_CONSTANT                            ; NO      ; Untyped                     ;
; INPUT_B_IS_CONSTANT                            ; YES     ; Untyped                     ;
; USE_EAB                                        ; OFF     ; Untyped                     ;
; MAXIMIZE_SPEED                                 ; 5       ; Untyped                     ;
; DEVICE_FAMILY                                  ; MAX 10  ; Untyped                     ;
; CARRY_CHAIN                                    ; MANUAL  ; Untyped                     ;
; APEX20K_TECHNOLOGY_MAPPER                      ; LUT     ; TECH_MAPPER_APEX20K         ;
; DEDICATED_MULTIPLIER_CIRCUITRY                 ; AUTO    ; Untyped                     ;
; DEDICATED_MULTIPLIER_MIN_INPUT_WIDTH_FOR_AUTO  ; 0       ; Untyped                     ;
; DEDICATED_MULTIPLIER_MIN_OUTPUT_WIDTH_FOR_AUTO ; 0       ; Untyped                     ;
; CBXI_PARAMETER                                 ; NOTHING ; Untyped                     ;
; INPUT_A_FIXED_VALUE                            ; Bx      ; Untyped                     ;
; INPUT_B_FIXED_VALUE                            ; Bx      ; Untyped                     ;
; USE_AHDL_IMPLEMENTATION                        ; OFF     ; Untyped                     ;
+------------------------------------------------+---------+-----------------------------+
Note: In order to hide this table in the UI and the text report file, please set the "Show Parameter Settings in Synthesis Report" option in "Analysis and Synthesis Settings -> More Settings" to "Off".


+---------------------------------------------------------------------------------------+
; Parameter Settings for Inferred Entity Instance: hadamard_gate:u3_h_q1|lpm_mult:Mult6 ;
+------------------------------------------------+---------+----------------------------+
; Parameter Name                                 ; Value   ; Type                       ;
+------------------------------------------------+---------+----------------------------+
; AUTO_CARRY_CHAINS                              ; ON      ; AUTO_CARRY                 ;
; IGNORE_CARRY_BUFFERS                           ; OFF     ; IGNORE_CARRY               ;
; AUTO_CASCADE_CHAINS                            ; ON      ; AUTO_CASCADE               ;
; IGNORE_CASCADE_BUFFERS                         ; OFF     ; IGNORE_CASCADE             ;
; LPM_WIDTHA                                     ; 12      ; Untyped                    ;
; LPM_WIDTHB                                     ; 15      ; Untyped                    ;
; LPM_WIDTHP                                     ; 27      ; Untyped                    ;
; LPM_WIDTHR                                     ; 27      ; Untyped                    ;
; LPM_WIDTHS                                     ; 1       ; Untyped                    ;
; LPM_REPRESENTATION                             ; SIGNED  ; Untyped                    ;
; LPM_PIPELINE                                   ; 0       ; Untyped                    ;
; LATENCY                                        ; 0       ; Untyped                    ;
; INPUT_A_IS_CONSTANT                            ; NO      ; Untyped                    ;
; INPUT_B_IS_CONSTANT                            ; YES     ; Untyped                    ;
; USE_EAB                                        ; OFF     ; Untyped                    ;
; MAXIMIZE_SPEED                                 ; 5       ; Untyped                    ;
; DEVICE_FAMILY                                  ; MAX 10  ; Untyped                    ;
; CARRY_CHAIN                                    ; MANUAL  ; Untyped                    ;
; APEX20K_TECHNOLOGY_MAPPER                      ; LUT     ; TECH_MAPPER_APEX20K        ;
; DEDICATED_MULTIPLIER_CIRCUITRY                 ; AUTO    ; Untyped                    ;
; DEDICATED_MULTIPLIER_MIN_INPUT_WIDTH_FOR_AUTO  ; 0       ; Untyped                    ;
; DEDICATED_MULTIPLIER_MIN_OUTPUT_WIDTH_FOR_AUTO ; 0       ; Untyped                    ;
; CBXI_PARAMETER                                 ; NOTHING ; Untyped                    ;
; INPUT_A_FIXED_VALUE                            ; Bx      ; Untyped                    ;
; INPUT_B_FIXED_VALUE                            ; Bx      ; Untyped                    ;
; USE_AHDL_IMPLEMENTATION                        ; OFF     ; Untyped                    ;
+------------------------------------------------+---------+----------------------------+
Note: In order to hide this table in the UI and the text report file, please set the "Show Parameter Settings in Synthesis Report" option in "Analysis and Synthesis Settings -> More Settings" to "Off".


+---------------------------------------------------------------------------------------+
; Parameter Settings for Inferred Entity Instance: hadamard_gate:u3_h_q1|lpm_mult:Mult7 ;
+------------------------------------------------+---------+----------------------------+
; Parameter Name                                 ; Value   ; Type                       ;
+------------------------------------------------+---------+----------------------------+
; AUTO_CARRY_CHAINS                              ; ON      ; AUTO_CARRY                 ;
; IGNORE_CARRY_BUFFERS                           ; OFF     ; IGNORE_CARRY               ;
; AUTO_CASCADE_CHAINS                            ; ON      ; AUTO_CASCADE               ;
; IGNORE_CASCADE_BUFFERS                         ; OFF     ; IGNORE_CASCADE             ;
; LPM_WIDTHA                                     ; 14      ; Untyped                    ;
; LPM_WIDTHB                                     ; 15      ; Untyped                    ;
; LPM_WIDTHP                                     ; 29      ; Untyped                    ;
; LPM_WIDTHR                                     ; 29      ; Untyped                    ;
; LPM_WIDTHS                                     ; 1       ; Untyped                    ;
; LPM_REPRESENTATION                             ; SIGNED  ; Untyped                    ;
; LPM_PIPELINE                                   ; 0       ; Untyped                    ;
; LATENCY                                        ; 0       ; Untyped                    ;
; INPUT_A_IS_CONSTANT                            ; NO      ; Untyped                    ;
; INPUT_B_IS_CONSTANT                            ; YES     ; Untyped                    ;
; USE_EAB                                        ; OFF     ; Untyped                    ;
; MAXIMIZE_SPEED                                 ; 5       ; Untyped                    ;
; DEVICE_FAMILY                                  ; MAX 10  ; Untyped                    ;
; CARRY_CHAIN                                    ; MANUAL  ; Untyped                    ;
; APEX20K_TECHNOLOGY_MAPPER                      ; LUT     ; TECH_MAPPER_APEX20K        ;
; DEDICATED_MULTIPLIER_CIRCUITRY                 ; AUTO    ; Untyped                    ;
; DEDICATED_MULTIPLIER_MIN_INPUT_WIDTH_FOR_AUTO  ; 0       ; Untyped                    ;
; DEDICATED_MULTIPLIER_MIN_OUTPUT_WIDTH_FOR_AUTO ; 0       ; Untyped                    ;
; CBXI_PARAMETER                                 ; NOTHING ; Untyped                    ;
; INPUT_A_FIXED_VALUE                            ; Bx      ; Untyped                    ;
; INPUT_B_FIXED_VALUE                            ; Bx      ; Untyped                    ;
; USE_AHDL_IMPLEMENTATION                        ; OFF     ; Untyped                    ;
+------------------------------------------------+---------+----------------------------+
Note: In order to hide this table in the UI and the text report file, please set the "Show Parameter Settings in Synthesis Report" option in "Analysis and Synthesis Settings -> More Settings" to "Off".


+--------------------------------------------------------------------------------------------+
; Parameter Settings for Inferred Entity Instance: rot_gate_pi_4:u2_rpi4_q0q2|lpm_mult:Mult2 ;
+------------------------------------------------+---------+---------------------------------+
; Parameter Name                                 ; Value   ; Type                            ;
+------------------------------------------------+---------+---------------------------------+
; AUTO_CARRY_CHAINS                              ; ON      ; AUTO_CARRY                      ;
; IGNORE_CARRY_BUFFERS                           ; OFF     ; IGNORE_CARRY                    ;
; AUTO_CASCADE_CHAINS                            ; ON      ; AUTO_CASCADE                    ;
; IGNORE_CASCADE_BUFFERS                         ; OFF     ; IGNORE_CASCADE                  ;
; LPM_WIDTHA                                     ; 12      ; Untyped                         ;
; LPM_WIDTHB                                     ; 15      ; Untyped                         ;
; LPM_WIDTHP                                     ; 27      ; Untyped                         ;
; LPM_WIDTHR                                     ; 27      ; Untyped                         ;
; LPM_WIDTHS                                     ; 1       ; Untyped                         ;
; LPM_REPRESENTATION                             ; SIGNED  ; Untyped                         ;
; LPM_PIPELINE                                   ; 0       ; Untyped                         ;
; LATENCY                                        ; 0       ; Untyped                         ;
; INPUT_A_IS_CONSTANT                            ; NO      ; Untyped                         ;
; INPUT_B_IS_CONSTANT                            ; YES     ; Untyped                         ;
; USE_EAB                                        ; OFF     ; Untyped                         ;
; MAXIMIZE_SPEED                                 ; 5       ; Untyped                         ;
; DEVICE_FAMILY                                  ; MAX 10  ; Untyped                         ;
; CARRY_CHAIN                                    ; MANUAL  ; Untyped                         ;
; APEX20K_TECHNOLOGY_MAPPER                      ; LUT     ; TECH_MAPPER_APEX20K             ;
; DEDICATED_MULTIPLIER_CIRCUITRY                 ; AUTO    ; Untyped                         ;
; DEDICATED_MULTIPLIER_MIN_INPUT_WIDTH_FOR_AUTO  ; 0       ; Untyped                         ;
; DEDICATED_MULTIPLIER_MIN_OUTPUT_WIDTH_FOR_AUTO ; 0       ; Untyped                         ;
; CBXI_PARAMETER                                 ; NOTHING ; Untyped                         ;
; INPUT_A_FIXED_VALUE                            ; Bx      ; Untyped                         ;
; INPUT_B_FIXED_VALUE                            ; Bx      ; Untyped                         ;
; USE_AHDL_IMPLEMENTATION                        ; OFF     ; Untyped                         ;
+------------------------------------------------+---------+---------------------------------+
Note: In order to hide this table in the UI and the text report file, please set the "Show Parameter Settings in Synthesis Report" option in "Analysis and Synthesis Settings -> More Settings" to "Off".


+--------------------------------------------------------------------------------------------+
; Parameter Settings for Inferred Entity Instance: rot_gate_pi_4:u2_rpi4_q0q2|lpm_mult:Mult1 ;
+------------------------------------------------+---------+---------------------------------+
; Parameter Name                                 ; Value   ; Type                            ;
+------------------------------------------------+---------+---------------------------------+
; AUTO_CARRY_CHAINS                              ; ON      ; AUTO_CARRY                      ;
; IGNORE_CARRY_BUFFERS                           ; OFF     ; IGNORE_CARRY                    ;
; AUTO_CASCADE_CHAINS                            ; ON      ; AUTO_CASCADE                    ;
; IGNORE_CASCADE_BUFFERS                         ; OFF     ; IGNORE_CASCADE                  ;
; LPM_WIDTHA                                     ; 9       ; Untyped                         ;
; LPM_WIDTHB                                     ; 15      ; Untyped                         ;
; LPM_WIDTHP                                     ; 24      ; Untyped                         ;
; LPM_WIDTHR                                     ; 24      ; Untyped                         ;
; LPM_WIDTHS                                     ; 1       ; Untyped                         ;
; LPM_REPRESENTATION                             ; SIGNED  ; Untyped                         ;
; LPM_PIPELINE                                   ; 0       ; Untyped                         ;
; LATENCY                                        ; 0       ; Untyped                         ;
; INPUT_A_IS_CONSTANT                            ; NO      ; Untyped                         ;
; INPUT_B_IS_CONSTANT                            ; YES     ; Untyped                         ;
; USE_EAB                                        ; OFF     ; Untyped                         ;
; MAXIMIZE_SPEED                                 ; 5       ; Untyped                         ;
; DEVICE_FAMILY                                  ; MAX 10  ; Untyped                         ;
; CARRY_CHAIN                                    ; MANUAL  ; Untyped                         ;
; APEX20K_TECHNOLOGY_MAPPER                      ; LUT     ; TECH_MAPPER_APEX20K             ;
; DEDICATED_MULTIPLIER_CIRCUITRY                 ; AUTO    ; Untyped                         ;
; DEDICATED_MULTIPLIER_MIN_INPUT_WIDTH_FOR_AUTO  ; 0       ; Untyped                         ;
; DEDICATED_MULTIPLIER_MIN_OUTPUT_WIDTH_FOR_AUTO ; 0       ; Untyped                         ;
; CBXI_PARAMETER                                 ; NOTHING ; Untyped                         ;
; INPUT_A_FIXED_VALUE                            ; Bx      ; Untyped                         ;
; INPUT_B_FIXED_VALUE                            ; Bx      ; Untyped                         ;
; USE_AHDL_IMPLEMENTATION                        ; OFF     ; Untyped                         ;
+------------------------------------------------+---------+---------------------------------+
Note: In order to hide this table in the UI and the text report file, please set the "Show Parameter Settings in Synthesis Report" option in "Analysis and Synthesis Settings -> More Settings" to "Off".


+--------------------------------------------------------------------------------------------+
; Parameter Settings for Inferred Entity Instance: rot_gate_pi_4:u2_rpi4_q0q2|lpm_mult:Mult3 ;
+------------------------------------------------+---------+---------------------------------+
; Parameter Name                                 ; Value   ; Type                            ;
+------------------------------------------------+---------+---------------------------------+
; AUTO_CARRY_CHAINS                              ; ON      ; AUTO_CARRY                      ;
; IGNORE_CARRY_BUFFERS                           ; OFF     ; IGNORE_CARRY                    ;
; AUTO_CASCADE_CHAINS                            ; ON      ; AUTO_CASCADE                    ;
; IGNORE_CASCADE_BUFFERS                         ; OFF     ; IGNORE_CASCADE                  ;
; LPM_WIDTHA                                     ; 12      ; Untyped                         ;
; LPM_WIDTHB                                     ; 15      ; Untyped                         ;
; LPM_WIDTHP                                     ; 27      ; Untyped                         ;
; LPM_WIDTHR                                     ; 27      ; Untyped                         ;
; LPM_WIDTHS                                     ; 1       ; Untyped                         ;
; LPM_REPRESENTATION                             ; SIGNED  ; Untyped                         ;
; LPM_PIPELINE                                   ; 0       ; Untyped                         ;
; LATENCY                                        ; 0       ; Untyped                         ;
; INPUT_A_IS_CONSTANT                            ; NO      ; Untyped                         ;
; INPUT_B_IS_CONSTANT                            ; YES     ; Untyped                         ;
; USE_EAB                                        ; OFF     ; Untyped                         ;
; MAXIMIZE_SPEED                                 ; 5       ; Untyped                         ;
; DEVICE_FAMILY                                  ; MAX 10  ; Untyped                         ;
; CARRY_CHAIN                                    ; MANUAL  ; Untyped                         ;
; APEX20K_TECHNOLOGY_MAPPER                      ; LUT     ; TECH_MAPPER_APEX20K             ;
; DEDICATED_MULTIPLIER_CIRCUITRY                 ; AUTO    ; Untyped                         ;
; DEDICATED_MULTIPLIER_MIN_INPUT_WIDTH_FOR_AUTO  ; 0       ; Untyped                         ;
; DEDICATED_MULTIPLIER_MIN_OUTPUT_WIDTH_FOR_AUTO ; 0       ; Untyped                         ;
; CBXI_PARAMETER                                 ; NOTHING ; Untyped                         ;
; INPUT_A_FIXED_VALUE                            ; Bx      ; Untyped                         ;
; INPUT_B_FIXED_VALUE                            ; Bx      ; Untyped                         ;
; USE_AHDL_IMPLEMENTATION                        ; OFF     ; Untyped                         ;
+------------------------------------------------+---------+---------------------------------+
Note: In order to hide this table in the UI and the text report file, please set the "Show Parameter Settings in Synthesis Report" option in "Analysis and Synthesis Settings -> More Settings" to "Off".


+-----------------------------------------------------------------------------------+
; lpm_mult Parameter Settings by Entity Instance                                    ;
+---------------------------------------+-------------------------------------------+
; Name                                  ; Value                                     ;
+---------------------------------------+-------------------------------------------+
; Number of entity instances            ; 45                                        ;
; Entity Instance                       ; probability:prob_sv|lpm_mult:Mult0        ;
;     -- LPM_WIDTHA                     ; 16                                        ;
;     -- LPM_WIDTHB                     ; 16                                        ;
;     -- LPM_WIDTHP                     ; 32                                        ;
;     -- LPM_REPRESENTATION             ; SIGNED                                    ;
;     -- INPUT_A_IS_CONSTANT            ; NO                                        ;
;     -- INPUT_B_IS_CONSTANT            ; NO                                        ;
;     -- USE_EAB                        ; OFF                                       ;
;     -- DEDICATED_MULTIPLIER_CIRCUITRY ; AUTO                                      ;
;     -- INPUT_A_FIXED_VALUE            ; Bx                                        ;
;     -- INPUT_B_FIXED_VALUE            ; Bx                                        ;
; Entity Instance                       ; probability:prob_sv|lpm_mult:Mult1        ;
;     -- LPM_WIDTHA                     ; 14                                        ;
;     -- LPM_WIDTHB                     ; 14                                        ;
;     -- LPM_WIDTHP                     ; 28                                        ;
;     -- LPM_REPRESENTATION             ; SIGNED                                    ;
;     -- INPUT_A_IS_CONSTANT            ; NO                                        ;
;     -- INPUT_B_IS_CONSTANT            ; NO                                        ;
;     -- USE_EAB                        ; OFF                                       ;
;     -- DEDICATED_MULTIPLIER_CIRCUITRY ; AUTO                                      ;
;     -- INPUT_A_FIXED_VALUE            ; Bx                                        ;
;     -- INPUT_B_FIXED_VALUE            ; Bx                                        ;
; Entity Instance                       ; probability:prob_sv|lpm_mult:Mult12       ;
;     -- LPM_WIDTHA                     ; 15                                        ;
;     -- LPM_WIDTHB                     ; 15                                        ;
;     -- LPM_WIDTHP                     ; 30                                        ;
;     -- LPM_REPRESENTATION             ; SIGNED                                    ;
;     -- INPUT_A_IS_CONSTANT            ; NO                                        ;
;     -- INPUT_B_IS_CONSTANT            ; NO                                        ;
;     -- USE_EAB                        ; OFF                                       ;
;     -- DEDICATED_MULTIPLIER_CIRCUITRY ; AUTO                                      ;
;     -- INPUT_A_FIXED_VALUE            ; Bx                                        ;
;     -- INPUT_B_FIXED_VALUE            ; Bx                                        ;
; Entity Instance                       ; probability:prob_sv|lpm_mult:Mult13       ;
;     -- LPM_WIDTHA                     ; 13                                        ;
;     -- LPM_WIDTHB                     ; 13                                        ;
;     -- LPM_WIDTHP                     ; 26                                        ;
;     -- LPM_REPRESENTATION             ; SIGNED                                    ;
;     -- INPUT_A_IS_CONSTANT            ; NO                                        ;
;     -- INPUT_B_IS_CONSTANT            ; NO                                        ;
;     -- USE_EAB                        ; OFF                                       ;
;     -- DEDICATED_MULTIPLIER_CIRCUITRY ; AUTO                                      ;
;     -- INPUT_A_FIXED_VALUE            ; Bx                                        ;
;     -- INPUT_B_FIXED_VALUE            ; Bx                                        ;
; Entity Instance                       ; probability:prob_sv|lpm_mult:Mult2        ;
;     -- LPM_WIDTHA                     ; 16                                        ;
;     -- LPM_WIDTHB                     ; 16                                        ;
;     -- LPM_WIDTHP                     ; 32                                        ;
;     -- LPM_REPRESENTATION             ; SIGNED                                    ;
;     -- INPUT_A_IS_CONSTANT            ; NO                                        ;
;     -- INPUT_B_IS_CONSTANT            ; NO                                        ;
;     -- USE_EAB                        ; OFF                                       ;
;     -- DEDICATED_MULTIPLIER_CIRCUITRY ; AUTO                                      ;
;     -- INPUT_A_FIXED_VALUE            ; Bx                                        ;
;     -- INPUT_B_FIXED_VALUE            ; Bx                                        ;
; Entity Instance                       ; probability:prob_sv|lpm_mult:Mult3        ;
;     -- LPM_WIDTHA                     ; 16                                        ;
;     -- LPM_WIDTHB                     ; 16                                        ;
;     -- LPM_WIDTHP                     ; 32                                        ;
;     -- LPM_REPRESENTATION             ; SIGNED                                    ;
;     -- INPUT_A_IS_CONSTANT            ; NO                                        ;
;     -- INPUT_B_IS_CONSTANT            ; NO                                        ;
;     -- USE_EAB                        ; OFF                                       ;
;     -- DEDICATED_MULTIPLIER_CIRCUITRY ; AUTO                                      ;
;     -- INPUT_A_FIXED_VALUE            ; Bx                                        ;
;     -- INPUT_B_FIXED_VALUE            ; Bx                                        ;
; Entity Instance                       ; probability:prob_sv|lpm_mult:Mult6        ;
;     -- LPM_WIDTHA                     ; 16                                        ;
;     -- LPM_WIDTHB                     ; 16                                        ;
;     -- LPM_WIDTHP                     ; 32                                        ;
;     -- LPM_REPRESENTATION             ; SIGNED                                    ;
;     -- INPUT_A_IS_CONSTANT            ; NO                                        ;
;     -- INPUT_B_IS_CONSTANT            ; NO                                        ;
;     -- USE_EAB                        ; OFF                                       ;
;     -- DEDICATED_MULTIPLIER_CIRCUITRY ; AUTO                                      ;
;     -- INPUT_A_FIXED_VALUE            ; Bx                                        ;
;     -- INPUT_B_FIXED_VALUE            ; Bx                                        ;
; Entity Instance                       ; probability:prob_sv|lpm_mult:Mult7        ;
;     -- LPM_WIDTHA                     ; 16                                        ;
;     -- LPM_WIDTHB                     ; 16                                        ;
;     -- LPM_WIDTHP                     ; 32                                        ;
;     -- LPM_REPRESENTATION             ; SIGNED                                    ;
;     -- INPUT_A_IS_CONSTANT            ; NO                                        ;
;     -- INPUT_B_IS_CONSTANT            ; NO                                        ;
;     -- USE_EAB                        ; OFF                                       ;
;     -- DEDICATED_MULTIPLIER_CIRCUITRY ; AUTO                                      ;
;     -- INPUT_A_FIXED_VALUE            ; Bx                                        ;
;     -- INPUT_B_FIXED_VALUE            ; Bx                                        ;
; Entity Instance                       ; probability:prob_sv|lpm_mult:Mult5        ;
;     -- LPM_WIDTHA                     ; 13                                        ;
;     -- LPM_WIDTHB                     ; 13                                        ;
;     -- LPM_WIDTHP                     ; 26                                        ;
;     -- LPM_REPRESENTATION             ; SIGNED                                    ;
;     -- INPUT_A_IS_CONSTANT            ; NO                                        ;
;     -- INPUT_B_IS_CONSTANT            ; NO                                        ;
;     -- USE_EAB                        ; OFF                                       ;
;     -- DEDICATED_MULTIPLIER_CIRCUITRY ; AUTO                                      ;
;     -- INPUT_A_FIXED_VALUE            ; Bx                                        ;
;     -- INPUT_B_FIXED_VALUE            ; Bx                                        ;
; Entity Instance                       ; probability:prob_sv|lpm_mult:Mult4        ;
;     -- LPM_WIDTHA                     ; 15                                        ;
;     -- LPM_WIDTHB                     ; 15                                        ;
;     -- LPM_WIDTHP                     ; 30                                        ;
;     -- LPM_REPRESENTATION             ; SIGNED                                    ;
;     -- INPUT_A_IS_CONSTANT            ; NO                                        ;
;     -- INPUT_B_IS_CONSTANT            ; NO                                        ;
;     -- USE_EAB                        ; OFF                                       ;
;     -- DEDICATED_MULTIPLIER_CIRCUITRY ; AUTO                                      ;
;     -- INPUT_A_FIXED_VALUE            ; Bx                                        ;
;     -- INPUT_B_FIXED_VALUE            ; Bx                                        ;
; Entity Instance                       ; probability:prob_sv|lpm_mult:Mult10       ;
;     -- LPM_WIDTHA                     ; 16                                        ;
;     -- LPM_WIDTHB                     ; 16                                        ;
;     -- LPM_WIDTHP                     ; 32                                        ;
;     -- LPM_REPRESENTATION             ; SIGNED                                    ;
;     -- INPUT_A_IS_CONSTANT            ; NO                                        ;
;     -- INPUT_B_IS_CONSTANT            ; NO                                        ;
;     -- USE_EAB                        ; OFF                                       ;
;     -- DEDICATED_MULTIPLIER_CIRCUITRY ; AUTO                                      ;
;     -- INPUT_A_FIXED_VALUE            ; Bx                                        ;
;     -- INPUT_B_FIXED_VALUE            ; Bx                                        ;
; Entity Instance                       ; probability:prob_sv|lpm_mult:Mult11       ;
;     -- LPM_WIDTHA                     ; 16                                        ;
;     -- LPM_WIDTHB                     ; 16                                        ;
;     -- LPM_WIDTHP                     ; 32                                        ;
;     -- LPM_REPRESENTATION             ; SIGNED                                    ;
;     -- INPUT_A_IS_CONSTANT            ; NO                                        ;
;     -- INPUT_B_IS_CONSTANT            ; NO                                        ;
;     -- USE_EAB                        ; OFF                                       ;
;     -- DEDICATED_MULTIPLIER_CIRCUITRY ; AUTO                                      ;
;     -- INPUT_A_FIXED_VALUE            ; Bx                                        ;
;     -- INPUT_B_FIXED_VALUE            ; Bx                                        ;
; Entity Instance                       ; probability:prob_sv|lpm_mult:Mult8        ;
;     -- LPM_WIDTHA                     ; 16                                        ;
;     -- LPM_WIDTHB                     ; 16                                        ;
;     -- LPM_WIDTHP                     ; 32                                        ;
;     -- LPM_REPRESENTATION             ; SIGNED                                    ;
;     -- INPUT_A_IS_CONSTANT            ; NO                                        ;
;     -- INPUT_B_IS_CONSTANT            ; NO                                        ;
;     -- USE_EAB                        ; OFF                                       ;
;     -- DEDICATED_MULTIPLIER_CIRCUITRY ; AUTO                                      ;
;     -- INPUT_A_FIXED_VALUE            ; Bx                                        ;
;     -- INPUT_B_FIXED_VALUE            ; Bx                                        ;
; Entity Instance                       ; probability:prob_sv|lpm_mult:Mult9        ;
;     -- LPM_WIDTHA                     ; 14                                        ;
;     -- LPM_WIDTHB                     ; 14                                        ;
;     -- LPM_WIDTHP                     ; 28                                        ;
;     -- LPM_REPRESENTATION             ; SIGNED                                    ;
;     -- INPUT_A_IS_CONSTANT            ; NO                                        ;
;     -- INPUT_B_IS_CONSTANT            ; NO                                        ;
;     -- USE_EAB                        ; OFF                                       ;
;     -- DEDICATED_MULTIPLIER_CIRCUITRY ; AUTO                                      ;
;     -- INPUT_A_FIXED_VALUE            ; Bx                                        ;
;     -- INPUT_B_FIXED_VALUE            ; Bx                                        ;
; Entity Instance                       ; hadamard_gate:u5_h_q0|lpm_mult:Mult0      ;
;     -- LPM_WIDTHA                     ; 17                                        ;
;     -- LPM_WIDTHB                     ; 15                                        ;
;     -- LPM_WIDTHP                     ; 32                                        ;
;     -- LPM_REPRESENTATION             ; SIGNED                                    ;
;     -- INPUT_A_IS_CONSTANT            ; NO                                        ;
;     -- INPUT_B_IS_CONSTANT            ; YES                                       ;
;     -- USE_EAB                        ; OFF                                       ;
;     -- DEDICATED_MULTIPLIER_CIRCUITRY ; AUTO                                      ;
;     -- INPUT_A_FIXED_VALUE            ; Bx                                        ;
;     -- INPUT_B_FIXED_VALUE            ; Bx                                        ;
; Entity Instance                       ; hadamard_gate:u5_h_q0|lpm_mult:Mult8      ;
;     -- LPM_WIDTHA                     ; 13                                        ;
;     -- LPM_WIDTHB                     ; 15                                        ;
;     -- LPM_WIDTHP                     ; 28                                        ;
;     -- LPM_REPRESENTATION             ; SIGNED                                    ;
;     -- INPUT_A_IS_CONSTANT            ; NO                                        ;
;     -- INPUT_B_IS_CONSTANT            ; YES                                       ;
;     -- USE_EAB                        ; OFF                                       ;
;     -- DEDICATED_MULTIPLIER_CIRCUITRY ; AUTO                                      ;
;     -- INPUT_A_FIXED_VALUE            ; Bx                                        ;
;     -- INPUT_B_FIXED_VALUE            ; Bx                                        ;
; Entity Instance                       ; hadamard_gate:u5_h_q0|lpm_mult:Mult3      ;
;     -- LPM_WIDTHA                     ; 14                                        ;
;     -- LPM_WIDTHB                     ; 15                                        ;
;     -- LPM_WIDTHP                     ; 29                                        ;
;     -- LPM_REPRESENTATION             ; SIGNED                                    ;
;     -- INPUT_A_IS_CONSTANT            ; NO                                        ;
;     -- INPUT_B_IS_CONSTANT            ; YES                                       ;
;     -- USE_EAB                        ; OFF                                       ;
;     -- DEDICATED_MULTIPLIER_CIRCUITRY ; AUTO                                      ;
;     -- INPUT_A_FIXED_VALUE            ; Bx                                        ;
;     -- INPUT_B_FIXED_VALUE            ; Bx                                        ;
; Entity Instance                       ; hadamard_gate:u5_h_q0|lpm_mult:Mult11     ;
;     -- LPM_WIDTHA                     ; 12                                        ;
;     -- LPM_WIDTHB                     ; 15                                        ;
;     -- LPM_WIDTHP                     ; 27                                        ;
;     -- LPM_REPRESENTATION             ; SIGNED                                    ;
;     -- INPUT_A_IS_CONSTANT            ; NO                                        ;
;     -- INPUT_B_IS_CONSTANT            ; YES                                       ;
;     -- USE_EAB                        ; OFF                                       ;
;     -- DEDICATED_MULTIPLIER_CIRCUITRY ; AUTO                                      ;
;     -- INPUT_A_FIXED_VALUE            ; Bx                                        ;
;     -- INPUT_B_FIXED_VALUE            ; Bx                                        ;
; Entity Instance                       ; hadamard_gate:u5_h_q0|lpm_mult:Mult4      ;
;     -- LPM_WIDTHA                     ; 16                                        ;
;     -- LPM_WIDTHB                     ; 15                                        ;
;     -- LPM_WIDTHP                     ; 31                                        ;
;     -- LPM_REPRESENTATION             ; SIGNED                                    ;
;     -- INPUT_A_IS_CONSTANT            ; NO                                        ;
;     -- INPUT_B_IS_CONSTANT            ; YES                                       ;
;     -- USE_EAB                        ; OFF                                       ;
;     -- DEDICATED_MULTIPLIER_CIRCUITRY ; AUTO                                      ;
;     -- INPUT_A_FIXED_VALUE            ; Bx                                        ;
;     -- INPUT_B_FIXED_VALUE            ; Bx                                        ;
; Entity Instance                       ; hadamard_gate:u5_h_q0|lpm_mult:Mult12     ;
;     -- LPM_WIDTHA                     ; 16                                        ;
;     -- LPM_WIDTHB                     ; 15                                        ;
;     -- LPM_WIDTHP                     ; 31                                        ;
;     -- LPM_REPRESENTATION             ; SIGNED                                    ;
;     -- INPUT_A_IS_CONSTANT            ; NO                                        ;
;     -- INPUT_B_IS_CONSTANT            ; YES                                       ;
;     -- USE_EAB                        ; OFF                                       ;
;     -- DEDICATED_MULTIPLIER_CIRCUITRY ; AUTO                                      ;
;     -- INPUT_A_FIXED_VALUE            ; Bx                                        ;
;     -- INPUT_B_FIXED_VALUE            ; Bx                                        ;
; Entity Instance                       ; hadamard_gate:u5_h_q0|lpm_mult:Mult6      ;
;     -- LPM_WIDTHA                     ; 17                                        ;
;     -- LPM_WIDTHB                     ; 15                                        ;
;     -- LPM_WIDTHP                     ; 32                                        ;
;     -- LPM_REPRESENTATION             ; SIGNED                                    ;
;     -- INPUT_A_IS_CONSTANT            ; NO                                        ;
;     -- INPUT_B_IS_CONSTANT            ; YES                                       ;
;     -- USE_EAB                        ; OFF                                       ;
;     -- DEDICATED_MULTIPLIER_CIRCUITRY ; AUTO                                      ;
;     -- INPUT_A_FIXED_VALUE            ; Bx                                        ;
;     -- INPUT_B_FIXED_VALUE            ; Bx                                        ;
; Entity Instance                       ; hadamard_gate:u5_h_q0|lpm_mult:Mult14     ;
;     -- LPM_WIDTHA                     ; 16                                        ;
;     -- LPM_WIDTHB                     ; 15                                        ;
;     -- LPM_WIDTHP                     ; 31                                        ;
;     -- LPM_REPRESENTATION             ; SIGNED                                    ;
;     -- INPUT_A_IS_CONSTANT            ; NO                                        ;
;     -- INPUT_B_IS_CONSTANT            ; YES                                       ;
;     -- USE_EAB                        ; OFF                                       ;
;     -- DEDICATED_MULTIPLIER_CIRCUITRY ; AUTO                                      ;
;     -- INPUT_A_FIXED_VALUE            ; Bx                                        ;
;     -- INPUT_B_FIXED_VALUE            ; Bx                                        ;
; Entity Instance                       ; hadamard_gate:u5_h_q0|lpm_mult:Mult10     ;
;     -- LPM_WIDTHA                     ; 12                                        ;
;     -- LPM_WIDTHB                     ; 15                                        ;
;     -- LPM_WIDTHP                     ; 27                                        ;
;     -- LPM_REPRESENTATION             ; SIGNED                                    ;
;     -- INPUT_A_IS_CONSTANT            ; NO                                        ;
;     -- INPUT_B_IS_CONSTANT            ; YES                                       ;
;     -- USE_EAB                        ; OFF                                       ;
;     -- DEDICATED_MULTIPLIER_CIRCUITRY ; AUTO                                      ;
;     -- INPUT_A_FIXED_VALUE            ; Bx                                        ;
;     -- INPUT_B_FIXED_VALUE            ; Bx                                        ;
; Entity Instance                       ; hadamard_gate:u5_h_q0|lpm_mult:Mult2      ;
;     -- LPM_WIDTHA                     ; 14                                        ;
;     -- LPM_WIDTHB                     ; 15                                        ;
;     -- LPM_WIDTHP                     ; 29                                        ;
;     -- LPM_REPRESENTATION             ; SIGNED                                    ;
;     -- INPUT_A_IS_CONSTANT            ; NO                                        ;
;     -- INPUT_B_IS_CONSTANT            ; YES                                       ;
;     -- USE_EAB                        ; OFF                                       ;
;     -- DEDICATED_MULTIPLIER_CIRCUITRY ; AUTO                                      ;
;     -- INPUT_A_FIXED_VALUE            ; Bx                                        ;
;     -- INPUT_B_FIXED_VALUE            ; Bx                                        ;
; Entity Instance                       ; hadamard_gate:u5_h_q0|lpm_mult:Mult5      ;
;     -- LPM_WIDTHA                     ; 16                                        ;
;     -- LPM_WIDTHB                     ; 15                                        ;
;     -- LPM_WIDTHP                     ; 31                                        ;
;     -- LPM_REPRESENTATION             ; SIGNED                                    ;
;     -- INPUT_A_IS_CONSTANT            ; NO                                        ;
;     -- INPUT_B_IS_CONSTANT            ; YES                                       ;
;     -- USE_EAB                        ; OFF                                       ;
;     -- DEDICATED_MULTIPLIER_CIRCUITRY ; AUTO                                      ;
;     -- INPUT_A_FIXED_VALUE            ; Bx                                        ;
;     -- INPUT_B_FIXED_VALUE            ; Bx                                        ;
; Entity Instance                       ; hadamard_gate:u5_h_q0|lpm_mult:Mult13     ;
;     -- LPM_WIDTHA                     ; 16                                        ;
;     -- LPM_WIDTHB                     ; 15                                        ;
;     -- LPM_WIDTHP                     ; 31                                        ;
;     -- LPM_REPRESENTATION             ; SIGNED                                    ;
;     -- INPUT_A_IS_CONSTANT            ; NO                                        ;
;     -- INPUT_B_IS_CONSTANT            ; YES                                       ;
;     -- USE_EAB                        ; OFF                                       ;
;     -- DEDICATED_MULTIPLIER_CIRCUITRY ; AUTO                                      ;
;     -- INPUT_A_FIXED_VALUE            ; Bx                                        ;
;     -- INPUT_B_FIXED_VALUE            ; Bx                                        ;
; Entity Instance                       ; hadamard_gate:u5_h_q0|lpm_mult:Mult1      ;
;     -- LPM_WIDTHA                     ; 17                                        ;
;     -- LPM_WIDTHB                     ; 15                                        ;
;     -- LPM_WIDTHP                     ; 32                                        ;
;     -- LPM_REPRESENTATION             ; SIGNED                                    ;
;     -- INPUT_A_IS_CONSTANT            ; NO                                        ;
;     -- INPUT_B_IS_CONSTANT            ; YES                                       ;
;     -- USE_EAB                        ; OFF                                       ;
;     -- DEDICATED_MULTIPLIER_CIRCUITRY ; AUTO                                      ;
;     -- INPUT_A_FIXED_VALUE            ; Bx                                        ;
;     -- INPUT_B_FIXED_VALUE            ; Bx                                        ;
; Entity Instance                       ; hadamard_gate:u5_h_q0|lpm_mult:Mult9      ;
;     -- LPM_WIDTHA                     ; 13                                        ;
;     -- LPM_WIDTHB                     ; 15                                        ;
;     -- LPM_WIDTHP                     ; 28                                        ;
;     -- LPM_REPRESENTATION             ; SIGNED                                    ;
;     -- INPUT_A_IS_CONSTANT            ; NO                                        ;
;     -- INPUT_B_IS_CONSTANT            ; YES                                       ;
;     -- USE_EAB                        ; OFF                                       ;
;     -- DEDICATED_MULTIPLIER_CIRCUITRY ; AUTO                                      ;
;     -- INPUT_A_FIXED_VALUE            ; Bx                                        ;
;     -- INPUT_B_FIXED_VALUE            ; Bx                                        ;
; Entity Instance                       ; hadamard_gate:u3_h_q1|lpm_mult:Mult1      ;
;     -- LPM_WIDTHA                     ; 16                                        ;
;     -- LPM_WIDTHB                     ; 15                                        ;
;     -- LPM_WIDTHP                     ; 31                                        ;
;     -- LPM_REPRESENTATION             ; SIGNED                                    ;
;     -- INPUT_A_IS_CONSTANT            ; NO                                        ;
;     -- INPUT_B_IS_CONSTANT            ; YES                                       ;
;     -- USE_EAB                        ; OFF                                       ;
;     -- DEDICATED_MULTIPLIER_CIRCUITRY ; AUTO                                      ;
;     -- INPUT_A_FIXED_VALUE            ; Bx                                        ;
;     -- INPUT_B_FIXED_VALUE            ; Bx                                        ;
; Entity Instance                       ; hadamard_gate:u3_h_q1|lpm_mult:Mult0      ;
;     -- LPM_WIDTHA                     ; 15                                        ;
;     -- LPM_WIDTHB                     ; 15                                        ;
;     -- LPM_WIDTHP                     ; 30                                        ;
;     -- LPM_REPRESENTATION             ; SIGNED                                    ;
;     -- INPUT_A_IS_CONSTANT            ; NO                                        ;
;     -- INPUT_B_IS_CONSTANT            ; YES                                       ;
;     -- USE_EAB                        ; OFF                                       ;
;     -- DEDICATED_MULTIPLIER_CIRCUITRY ; AUTO                                      ;
;     -- INPUT_A_FIXED_VALUE            ; Bx                                        ;
;     -- INPUT_B_FIXED_VALUE            ; Bx                                        ;
; Entity Instance                       ; hadamard_gate:u3_h_q1|lpm_mult:Mult9      ;
;     -- LPM_WIDTHA                     ; 10                                        ;
;     -- LPM_WIDTHB                     ; 15                                        ;
;     -- LPM_WIDTHP                     ; 25                                        ;
;     -- LPM_REPRESENTATION             ; SIGNED                                    ;
;     -- INPUT_A_IS_CONSTANT            ; NO                                        ;
;     -- INPUT_B_IS_CONSTANT            ; YES                                       ;
;     -- USE_EAB                        ; OFF                                       ;
;     -- DEDICATED_MULTIPLIER_CIRCUITRY ; AUTO                                      ;
;     -- INPUT_A_FIXED_VALUE            ; Bx                                        ;
;     -- INPUT_B_FIXED_VALUE            ; Bx                                        ;
; Entity Instance                       ; hadamard_gate:u3_h_q1|lpm_mult:Mult8      ;
;     -- LPM_WIDTHA                     ; 11                                        ;
;     -- LPM_WIDTHB                     ; 15                                        ;
;     -- LPM_WIDTHP                     ; 26                                        ;
;     -- LPM_REPRESENTATION             ; SIGNED                                    ;
;     -- INPUT_A_IS_CONSTANT            ; NO                                        ;
;     -- INPUT_B_IS_CONSTANT            ; YES                                       ;
;     -- USE_EAB                        ; OFF                                       ;
;     -- DEDICATED_MULTIPLIER_CIRCUITRY ; AUTO                                      ;
;     -- INPUT_A_FIXED_VALUE            ; Bx                                        ;
;     -- INPUT_B_FIXED_VALUE            ; Bx                                        ;
; Entity Instance                       ; hadamard_gate:u3_h_q1|lpm_mult:Mult11     ;
;     -- LPM_WIDTHA                     ; 10                                        ;
;     -- LPM_WIDTHB                     ; 15                                        ;
;     -- LPM_WIDTHP                     ; 25                                        ;
;     -- LPM_REPRESENTATION             ; SIGNED                                    ;
;     -- INPUT_A_IS_CONSTANT            ; NO                                        ;
;     -- INPUT_B_IS_CONSTANT            ; YES                                       ;
;     -- USE_EAB                        ; OFF                                       ;
;     -- DEDICATED_MULTIPLIER_CIRCUITRY ; AUTO                                      ;
;     -- INPUT_A_FIXED_VALUE            ; Bx                                        ;
;     -- INPUT_B_FIXED_VALUE            ; Bx                                        ;
; Entity Instance                       ; hadamard_gate:u3_h_q1|lpm_mult:Mult2      ;
;     -- LPM_WIDTHA                     ; 12                                        ;
;     -- LPM_WIDTHB                     ; 15                                        ;
;     -- LPM_WIDTHP                     ; 27                                        ;
;     -- LPM_REPRESENTATION             ; SIGNED                                    ;
;     -- INPUT_A_IS_CONSTANT            ; NO                                        ;
;     -- INPUT_B_IS_CONSTANT            ; YES                                       ;
;     -- USE_EAB                        ; OFF                                       ;
;     -- DEDICATED_MULTIPLIER_CIRCUITRY ; AUTO                                      ;
;     -- INPUT_A_FIXED_VALUE            ; Bx                                        ;
;     -- INPUT_B_FIXED_VALUE            ; Bx                                        ;
; Entity Instance                       ; hadamard_gate:u3_h_q1|lpm_mult:Mult3      ;
;     -- LPM_WIDTHA                     ; 12                                        ;
;     -- LPM_WIDTHB                     ; 15                                        ;
;     -- LPM_WIDTHP                     ; 27                                        ;
;     -- LPM_REPRESENTATION             ; SIGNED                                    ;
;     -- INPUT_A_IS_CONSTANT            ; NO                                        ;
;     -- INPUT_B_IS_CONSTANT            ; YES                                       ;
;     -- USE_EAB                        ; OFF                                       ;
;     -- DEDICATED_MULTIPLIER_CIRCUITRY ; AUTO                                      ;
;     -- INPUT_A_FIXED_VALUE            ; Bx                                        ;
;     -- INPUT_B_FIXED_VALUE            ; Bx                                        ;
; Entity Instance                       ; hadamard_gate:u3_h_q1|lpm_mult:Mult10     ;
;     -- LPM_WIDTHA                     ; 11                                        ;
;     -- LPM_WIDTHB                     ; 15                                        ;
;     -- LPM_WIDTHP                     ; 26                                        ;
;     -- LPM_REPRESENTATION             ; SIGNED                                    ;
;     -- INPUT_A_IS_CONSTANT            ; NO                                        ;
;     -- INPUT_B_IS_CONSTANT            ; YES                                       ;
;     -- USE_EAB                        ; OFF                                       ;
;     -- DEDICATED_MULTIPLIER_CIRCUITRY ; AUTO                                      ;
;     -- INPUT_A_FIXED_VALUE            ; Bx                                        ;
;     -- INPUT_B_FIXED_VALUE            ; Bx                                        ;
; Entity Instance                       ; hadamard_gate:u3_h_q1|lpm_mult:Mult5      ;
;     -- LPM_WIDTHA                     ; 14                                        ;
;     -- LPM_WIDTHB                     ; 15                                        ;
;     -- LPM_WIDTHP                     ; 29                                        ;
;     -- LPM_REPRESENTATION             ; SIGNED                                    ;
;     -- INPUT_A_IS_CONSTANT            ; NO                                        ;
;     -- INPUT_B_IS_CONSTANT            ; YES                                       ;
;     -- USE_EAB                        ; OFF                                       ;
;     -- DEDICATED_MULTIPLIER_CIRCUITRY ; AUTO                                      ;
;     -- INPUT_A_FIXED_VALUE            ; Bx                                        ;
;     -- INPUT_B_FIXED_VALUE            ; Bx                                        ;
; Entity Instance                       ; hadamard_gate:u3_h_q1|lpm_mult:Mult4      ;
;     -- LPM_WIDTHA                     ; 12                                        ;
;     -- LPM_WIDTHB                     ; 15                                        ;
;     -- LPM_WIDTHP                     ; 27                                        ;
;     -- LPM_REPRESENTATION             ; SIGNED                                    ;
;     -- INPUT_A_IS_CONSTANT            ; NO                                        ;
;     -- INPUT_B_IS_CONSTANT            ; YES                                       ;
;     -- USE_EAB                        ; OFF                                       ;
;     -- DEDICATED_MULTIPLIER_CIRCUITRY ; AUTO                                      ;
;     -- INPUT_A_FIXED_VALUE            ; Bx                                        ;
;     -- INPUT_B_FIXED_VALUE            ; Bx                                        ;
; Entity Instance                       ; hadamard_gate:u3_h_q1|lpm_mult:Mult13     ;
;     -- LPM_WIDTHA                     ; 14                                        ;
;     -- LPM_WIDTHB                     ; 15                                        ;
;     -- LPM_WIDTHP                     ; 29                                        ;
;     -- LPM_REPRESENTATION             ; SIGNED                                    ;
;     -- INPUT_A_IS_CONSTANT            ; NO                                        ;
;     -- INPUT_B_IS_CONSTANT            ; YES                                       ;
;     -- USE_EAB                        ; OFF                                       ;
;     -- DEDICATED_MULTIPLIER_CIRCUITRY ; AUTO                                      ;
;     -- INPUT_A_FIXED_VALUE            ; Bx                                        ;
;     -- INPUT_B_FIXED_VALUE            ; Bx                                        ;
; Entity Instance                       ; hadamard_gate:u3_h_q1|lpm_mult:Mult15     ;
;     -- LPM_WIDTHA                     ; 14                                        ;
;     -- LPM_WIDTHB                     ; 15                                        ;
;     -- LPM_WIDTHP                     ; 29                                        ;
;     -- LPM_REPRESENTATION             ; SIGNED                                    ;
;     -- INPUT_A_IS_CONSTANT            ; NO                                        ;
;     -- INPUT_B_IS_CONSTANT            ; YES                                       ;
;     -- USE_EAB                        ; OFF                                       ;
;     -- DEDICATED_MULTIPLIER_CIRCUITRY ; AUTO                                      ;
;     -- INPUT_A_FIXED_VALUE            ; Bx                                        ;
;     -- INPUT_B_FIXED_VALUE            ; Bx                                        ;
; Entity Instance                       ; hadamard_gate:u3_h_q1|lpm_mult:Mult6      ;
;     -- LPM_WIDTHA                     ; 12                                        ;
;     -- LPM_WIDTHB                     ; 15                                        ;
;     -- LPM_WIDTHP                     ; 27                                        ;
;     -- LPM_REPRESENTATION             ; SIGNED                                    ;
;     -- INPUT_A_IS_CONSTANT            ; NO                                        ;
;     -- INPUT_B_IS_CONSTANT            ; YES                                       ;
;     -- USE_EAB                        ; OFF                                       ;
;     -- DEDICATED_MULTIPLIER_CIRCUITRY ; AUTO                                      ;
;     -- INPUT_A_FIXED_VALUE            ; Bx                                        ;
;     -- INPUT_B_FIXED_VALUE            ; Bx                                        ;
; Entity Instance                       ; hadamard_gate:u3_h_q1|lpm_mult:Mult7      ;
;     -- LPM_WIDTHA                     ; 14                                        ;
;     -- LPM_WIDTHB                     ; 15                                        ;
;     -- LPM_WIDTHP                     ; 29                                        ;
;     -- LPM_REPRESENTATION             ; SIGNED                                    ;
;     -- INPUT_A_IS_CONSTANT            ; NO                                        ;
;     -- INPUT_B_IS_CONSTANT            ; YES                                       ;
;     -- USE_EAB                        ; OFF                                       ;
;     -- DEDICATED_MULTIPLIER_CIRCUITRY ; AUTO                                      ;
;     -- INPUT_A_FIXED_VALUE            ; Bx                                        ;
;     -- INPUT_B_FIXED_VALUE            ; Bx                                        ;
; Entity Instance                       ; rot_gate_pi_4:u2_rpi4_q0q2|lpm_mult:Mult2 ;
;     -- LPM_WIDTHA                     ; 12                                        ;
;     -- LPM_WIDTHB                     ; 15                                        ;
;     -- LPM_WIDTHP                     ; 27                                        ;
;     -- LPM_REPRESENTATION             ; SIGNED                                    ;
;     -- INPUT_A_IS_CONSTANT            ; NO                                        ;
;     -- INPUT_B_IS_CONSTANT            ; YES                                       ;
;     -- USE_EAB                        ; OFF                                       ;
;     -- DEDICATED_MULTIPLIER_CIRCUITRY ; AUTO                                      ;
;     -- INPUT_A_FIXED_VALUE            ; Bx                                        ;
;     -- INPUT_B_FIXED_VALUE            ; Bx                                        ;
; Entity Instance                       ; rot_gate_pi_4:u2_rpi4_q0q2|lpm_mult:Mult1 ;
;     -- LPM_WIDTHA                     ; 9                                         ;
;     -- LPM_WIDTHB                     ; 15                                        ;
;     -- LPM_WIDTHP                     ; 24                                        ;
;     -- LPM_REPRESENTATION             ; SIGNED                                    ;
;     -- INPUT_A_IS_CONSTANT            ; NO                                        ;
;     -- INPUT_B_IS_CONSTANT            ; YES                                       ;
;     -- USE_EAB                        ; OFF                                       ;
;     -- DEDICATED_MULTIPLIER_CIRCUITRY ; AUTO                                      ;
;     -- INPUT_A_FIXED_VALUE            ; Bx                                        ;
;     -- INPUT_B_FIXED_VALUE            ; Bx                                        ;
; Entity Instance                       ; rot_gate_pi_4:u2_rpi4_q0q2|lpm_mult:Mult3 ;
;     -- LPM_WIDTHA                     ; 12                                        ;
;     -- LPM_WIDTHB                     ; 15                                        ;
;     -- LPM_WIDTHP                     ; 27                                        ;
;     -- LPM_REPRESENTATION             ; SIGNED                                    ;
;     -- INPUT_A_IS_CONSTANT            ; NO                                        ;
;     -- INPUT_B_IS_CONSTANT            ; YES                                       ;
;     -- USE_EAB                        ; OFF                                       ;
;     -- DEDICATED_MULTIPLIER_CIRCUITRY ; AUTO                                      ;
;     -- INPUT_A_FIXED_VALUE            ; Bx                                        ;
;     -- INPUT_B_FIXED_VALUE            ; Bx                                        ;
+---------------------------------------+-------------------------------------------+


+--------------------------------------------------+
; Port Connectivity Checks: "sev_seg_display:hex0" ;
+----------+-------+----------+--------------------+
; Port     ; Type  ; Severity ; Details            ;
+----------+-------+----------+--------------------+
; dat_i[3] ; Input ; Info     ; Stuck at GND       ;
+----------+-------+----------+--------------------+


+--------------------------------------------------------+
; Port Connectivity Checks: "measure:measure_sv"         ;
+----------------------+-------+----------+--------------+
; Port                 ; Type  ; Severity ; Details      ;
+----------------------+-------+----------+--------------+
; pseudo_rng_i[15..14] ; Input ; Info     ; Stuck at GND ;
+----------------------+-------+----------+--------------+


+--------------------------------------------------------------------------------------------------------------------------------+
; Port Connectivity Checks: "lfsr:rng_gen"                                                                                       ;
+----------------------+--------+----------+-------------------------------------------------------------------------------------+
; Port                 ; Type   ; Severity ; Details                                                                             ;
+----------------------+--------+----------+-------------------------------------------------------------------------------------+
; pseudo_rng_o[15..14] ; Output ; Info     ; Connected to dangling logic. Logic that only feeds a dangling port will be removed. ;
+----------------------+--------+----------+-------------------------------------------------------------------------------------+


+-----------------------------------------------------------------+
; Port Connectivity Checks: "probability_weights:prob_weights_sv" ;
+---------+-------+----------+------------------------------------+
; Port    ; Type  ; Severity ; Details                            ;
+---------+-------+----------+------------------------------------+
; wr_en_i ; Input ; Info     ; Stuck at VCC                       ;
+---------+-------+----------+------------------------------------+


+-------------------------------------------------+
; Port Connectivity Checks: "probability:prob_sv" ;
+---------+-------+----------+--------------------+
; Port    ; Type  ; Severity ; Details            ;
+---------+-------+----------+--------------------+
; wr_en_i ; Input ; Info     ; Stuck at VCC       ;
+---------+-------+----------+--------------------+


+------------------------------------------------------------------+
; Port Connectivity Checks: "quantum_state_vector:u6_state_vector" ;
+---------+-------+----------+-------------------------------------+
; Port    ; Type  ; Severity ; Details                             ;
+---------+-------+----------+-------------------------------------+
; wr_en_i ; Input ; Info     ; Stuck at VCC                        ;
+---------+-------+----------+-------------------------------------+


+------------------------------------------------------------------+
; Port Connectivity Checks: "quantum_state_vector:u5_state_vector" ;
+---------+-------+----------+-------------------------------------+
; Port    ; Type  ; Severity ; Details                             ;
+---------+-------+----------+-------------------------------------+
; wr_en_i ; Input ; Info     ; Stuck at VCC                        ;
+---------+-------+----------+-------------------------------------+


+------------------------------------------------------------------+
; Port Connectivity Checks: "quantum_state_vector:u4_state_vector" ;
+---------+-------+----------+-------------------------------------+
; Port    ; Type  ; Severity ; Details                             ;
+---------+-------+----------+-------------------------------------+
; wr_en_i ; Input ; Info     ; Stuck at VCC                        ;
+---------+-------+----------+-------------------------------------+


+------------------------------------------------------------------+
; Port Connectivity Checks: "quantum_state_vector:u3_state_vector" ;
+---------+-------+----------+-------------------------------------+
; Port    ; Type  ; Severity ; Details                             ;
+---------+-------+----------+-------------------------------------+
; wr_en_i ; Input ; Info     ; Stuck at VCC                        ;
+---------+-------+----------+-------------------------------------+


+------------------------------------------------------------------+
; Port Connectivity Checks: "quantum_state_vector:u2_state_vector" ;
+---------+-------+----------+-------------------------------------+
; Port    ; Type  ; Severity ; Details                             ;
+---------+-------+----------+-------------------------------------+
; wr_en_i ; Input ; Info     ; Stuck at VCC                        ;
+---------+-------+----------+-------------------------------------+


+------------------------------------------------------------------+
; Port Connectivity Checks: "quantum_state_vector:u1_state_vector" ;
+---------+-------+----------+-------------------------------------+
; Port    ; Type  ; Severity ; Details                             ;
+---------+-------+----------+-------------------------------------+
; wr_en_i ; Input ; Info     ; Stuck at VCC                        ;
+---------+-------+----------+-------------------------------------+


+------------------------------------------------------------------+
; Port Connectivity Checks: "quantum_state_vector:u0_state_vector" ;
+---------+-------+----------+-------------------------------------+
; Port    ; Type  ; Severity ; Details                             ;
+---------+-------+----------+-------------------------------------+
; wr_en_i ; Input ; Info     ; Stuck at VCC                        ;
+---------+-------+----------+-------------------------------------+


+---------------------------------------------------+
; Port Connectivity Checks: "hadamard_gate:u0_h_q2" ;
+-----------------+-------+----------+--------------+
; Port            ; Type  ; Severity ; Details      ;
+-----------------+-------+----------+--------------+
; re_i[0][10..9]  ; Input ; Info     ; Stuck at VCC ;
; re_i[0][6..5]   ; Input ; Info     ; Stuck at VCC ;
; re_i[0][2..1]   ; Input ; Info     ; Stuck at VCC ;
; re_i[0][15..13] ; Input ; Info     ; Stuck at GND ;
; re_i[0][8..7]   ; Input ; Info     ; Stuck at GND ;
; re_i[0][4..3]   ; Input ; Info     ; Stuck at GND ;
; re_i[0][12]     ; Input ; Info     ; Stuck at VCC ;
; re_i[0][11]     ; Input ; Info     ; Stuck at GND ;
; re_i[0][0]      ; Input ; Info     ; Stuck at GND ;
; re_i[1][15..13] ; Input ; Info     ; Stuck at VCC ;
; re_i[1][9..7]   ; Input ; Info     ; Stuck at VCC ;
; re_i[1][6..3]   ; Input ; Info     ; Stuck at GND ;
; re_i[1][12]     ; Input ; Info     ; Stuck at GND ;
; re_i[1][11]     ; Input ; Info     ; Stuck at VCC ;
; re_i[1][10]     ; Input ; Info     ; Stuck at GND ;
; re_i[1][2]      ; Input ; Info     ; Stuck at VCC ;
; re_i[1][1]      ; Input ; Info     ; Stuck at GND ;
; re_i[1][0]      ; Input ; Info     ; Stuck at VCC ;
; re_i[2][10..7]  ; Input ; Info     ; Stuck at VCC ;
; re_i[2][3..1]   ; Input ; Info     ; Stuck at VCC ;
; re_i[2][15..13] ; Input ; Info     ; Stuck at GND ;
; re_i[2][12]     ; Input ; Info     ; Stuck at VCC ;
; re_i[2][11]     ; Input ; Info     ; Stuck at GND ;
; re_i[2][6]      ; Input ; Info     ; Stuck at GND ;
; re_i[2][5]      ; Input ; Info     ; Stuck at VCC ;
; re_i[2][4]      ; Input ; Info     ; Stuck at GND ;
; re_i[2][0]      ; Input ; Info     ; Stuck at GND ;
; re_i[3][15..13] ; Input ; Info     ; Stuck at VCC ;
; re_i[3][8..7]   ; Input ; Info     ; Stuck at VCC ;
; re_i[3][4..3]   ; Input ; Info     ; Stuck at VCC ;
; re_i[3][10..9]  ; Input ; Info     ; Stuck at GND ;
; re_i[3][6..5]   ; Input ; Info     ; Stuck at GND ;
; re_i[3][2..1]   ; Input ; Info     ; Stuck at GND ;
; re_i[3][12]     ; Input ; Info     ; Stuck at GND ;
; re_i[3][11]     ; Input ; Info     ; Stuck at VCC ;
; re_i[3][0]      ; Input ; Info     ; Stuck at VCC ;
; re_i[4][9..8]   ; Input ; Info     ; Stuck at VCC ;
; re_i[4][5..4]   ; Input ; Info     ; Stuck at VCC ;
; re_i[4][1..0]   ; Input ; Info     ; Stuck at VCC ;
; re_i[4][15..13] ; Input ; Info     ; Stuck at GND ;
; re_i[4][11..10] ; Input ; Info     ; Stuck at GND ;
; re_i[4][7..6]   ; Input ; Info     ; Stuck at GND ;
; re_i[4][3..2]   ; Input ; Info     ; Stuck at GND ;
; re_i[4][12]     ; Input ; Info     ; Stuck at VCC ;
; re_i[5][15..13] ; Input ; Info     ; Stuck at VCC ;
; re_i[5][5..2]   ; Input ; Info     ; Stuck at VCC ;
; re_i[5][8..6]   ; Input ; Info     ; Stuck at GND ;
; re_i[5][12]     ; Input ; Info     ; Stuck at GND ;
; re_i[5][11]     ; Input ; Info     ; Stuck at VCC ;
; re_i[5][10]     ; Input ; Info     ; Stuck at GND ;
; re_i[5][9]      ; Input ; Info     ; Stuck at VCC ;
; re_i[5][1]      ; Input ; Info     ; Stuck at GND ;
; re_i[5][0]      ; Input ; Info     ; Stuck at VCC ;
; re_i[6][10..7]  ; Input ; Info     ; Stuck at VCC ;
; re_i[6][3..1]   ; Input ; Info     ; Stuck at VCC ;
; re_i[6][15..13] ; Input ; Info     ; Stuck at GND ;
; re_i[6][12]     ; Input ; Info     ; Stuck at VCC ;
; re_i[6][11]     ; Input ; Info     ; Stuck at GND ;
; re_i[6][6]      ; Input ; Info     ; Stuck at GND ;
; re_i[6][5]      ; Input ; Info     ; Stuck at VCC ;
; re_i[6][4]      ; Input ; Info     ; Stuck at GND ;
; re_i[6][0]      ; Input ; Info     ; Stuck at GND ;
; re_i[7][15..13] ; Input ; Info     ; Stuck at VCC ;
; re_i[7][8..6]   ; Input ; Info     ; Stuck at VCC ;
; re_i[7][12..11] ; Input ; Info     ; Stuck at GND ;
; re_i[7][5..2]   ; Input ; Info     ; Stuck at GND ;
; re_i[7][10]     ; Input ; Info     ; Stuck at VCC ;
; re_i[7][9]      ; Input ; Info     ; Stuck at GND ;
; re_i[7][1]      ; Input ; Info     ; Stuck at VCC ;
; re_i[7][0]      ; Input ; Info     ; Stuck at GND ;
; im_i[0][2..0]   ; Input ; Info     ; Stuck at VCC ;
; im_i[0][15..9]  ; Input ; Info     ; Stuck at GND ;
; im_i[0][5..3]   ; Input ; Info     ; Stuck at GND ;
; im_i[0][8]      ; Input ; Info     ; Stuck at VCC ;
; im_i[0][7]      ; Input ; Info     ; Stuck at GND ;
; im_i[0][6]      ; Input ; Info     ; Stuck at VCC ;
; im_i[1]         ; Input ; Info     ; Stuck at GND ;
; im_i[2][15..9]  ; Input ; Info     ; Stuck at VCC ;
; im_i[2][5..3]   ; Input ; Info     ; Stuck at VCC ;
; im_i[2][2..0]   ; Input ; Info     ; Stuck at GND ;
; im_i[2][8]      ; Input ; Info     ; Stuck at GND ;
; im_i[2][7]      ; Input ; Info     ; Stuck at VCC ;
; im_i[2][6]      ; Input ; Info     ; Stuck at GND ;
; im_i[3][3..0]   ; Input ; Info     ; Stuck at VCC ;
; im_i[3][15..10] ; Input ; Info     ; Stuck at GND ;
; im_i[3][6..4]   ; Input ; Info     ; Stuck at GND ;
; im_i[3][9]      ; Input ; Info     ; Stuck at VCC ;
; im_i[3][8]      ; Input ; Info     ; Stuck at GND ;
; im_i[3][7]      ; Input ; Info     ; Stuck at VCC ;
; im_i[4][15..9]  ; Input ; Info     ; Stuck at VCC ;
; im_i[4][5..3]   ; Input ; Info     ; Stuck at VCC ;
; im_i[4][2..0]   ; Input ; Info     ; Stuck at GND ;
; im_i[4][8]      ; Input ; Info     ; Stuck at GND ;
; im_i[4][7]      ; Input ; Info     ; Stuck at VCC ;
; im_i[4][6]      ; Input ; Info     ; Stuck at GND ;
; im_i[5]         ; Input ; Info     ; Stuck at GND ;
; im_i[6][15..10] ; Input ; Info     ; Stuck at VCC ;
; im_i[6][6..4]   ; Input ; Info     ; Stuck at VCC ;
; im_i[6][3..0]   ; Input ; Info     ; Stuck at GND ;
; im_i[6][9]      ; Input ; Info     ; Stuck at GND ;
; im_i[6][8]      ; Input ; Info     ; Stuck at VCC ;
; im_i[6][7]      ; Input ; Info     ; Stuck at GND ;
; im_i[7]         ; Input ; Info     ; Stuck at GND ;
+-----------------+-------+----------+--------------+


+-----------------------------------------------------+
; Post-Synthesis Netlist Statistics for Top Partition ;
+-----------------------+-----------------------------+
; Type                  ; Count                       ;
+-----------------------+-----------------------------+
; boundary_port         ; 11                          ;
; cycloneiii_ff         ; 880                         ;
;     CLR               ; 873                         ;
;     ENA CLR           ; 3                           ;
;     plain             ; 4                           ;
; cycloneiii_lcell_comb ; 2083                        ;
;     arith             ; 1412                        ;
;         1 data inputs ; 10                          ;
;         2 data inputs ; 288                         ;
;         3 data inputs ; 1114                        ;
;     normal            ; 671                         ;
;         0 data inputs ; 27                          ;
;         1 data inputs ; 61                          ;
;         2 data inputs ; 181                         ;
;         3 data inputs ; 99                          ;
;         4 data inputs ; 303                         ;
; cycloneiii_mac_mult   ; 17                          ;
; cycloneiii_mac_out    ; 17                          ;
;                       ;                             ;
; Max LUT depth         ; 7.50                        ;
; Average LUT depth     ; 4.00                        ;
+-----------------------+-----------------------------+


+-------------------------------+
; Elapsed Time Per Partition    ;
+----------------+--------------+
; Partition Name ; Elapsed Time ;
+----------------+--------------+
; Top            ; 00:00:05     ;
+----------------+--------------+


+-------------------------------+
; Analysis & Synthesis Messages ;
+-------------------------------+
Info: *******************************************************************
Info: Running Quartus Prime Analysis & Synthesis
    Info: Version 25.1std.0 Build 1129 10/21/2025 SC Lite Edition
    Info: Processing started: Sat Feb 21 23:10:55 2026
Info: Command: quartus_map --read_settings_files=on --write_settings_files=off top_qc_sim -c top_qc_sim
Warning (18236): Number of processors has not been specified which may cause overloading on shared machines.  Set the global assignment NUM_PARALLEL_PROCESSORS in your QSF to an appropriate value for best performance.
Info (20030): Parallel compilation is enabled and will use 16 of the 16 processors detected
Info (12021): Found 1 design units, including 1 entities, in source file /work/github/fpga_quantumcomputer_simulator/fpga_quantumcomputer_simulator/rtl/sync.sv
    Info (12023): Found entity 1: sync File: C:/work/GitHub/FPGA_QuantumComputer_Simulator/FPGA_QuantumComputer_Simulator/RTL/sync.sv Line: 8
Info (12021): Found 1 design units, including 1 entities, in source file /work/github/fpga_quantumcomputer_simulator/fpga_quantumcomputer_simulator/rtl/swap_gate.sv
    Info (12023): Found entity 1: swap_gate File: C:/work/GitHub/FPGA_QuantumComputer_Simulator/FPGA_QuantumComputer_Simulator/RTL/swap_gate.sv Line: 8
Info (12021): Found 1 design units, including 1 entities, in source file /work/github/fpga_quantumcomputer_simulator/fpga_quantumcomputer_simulator/rtl/sev_seg_display.sv
    Info (12023): Found entity 1: sev_seg_display File: C:/work/GitHub/FPGA_QuantumComputer_Simulator/FPGA_QuantumComputer_Simulator/RTL/sev_seg_display.sv Line: 8
Info (12021): Found 1 design units, including 1 entities, in source file /work/github/fpga_quantumcomputer_simulator/fpga_quantumcomputer_simulator/rtl/rot_gate_pi_4.sv
    Info (12023): Found entity 1: rot_gate_pi_4 File: C:/work/GitHub/FPGA_QuantumComputer_Simulator/FPGA_QuantumComputer_Simulator/RTL/rot_gate_pi_4.sv Line: 8
Info (12021): Found 1 design units, including 1 entities, in source file /work/github/fpga_quantumcomputer_simulator/fpga_quantumcomputer_simulator/rtl/rot_gate_pi_2.sv
    Info (12023): Found entity 1: rot_gate_pi_2 File: C:/work/GitHub/FPGA_QuantumComputer_Simulator/FPGA_QuantumComputer_Simulator/RTL/rot_gate_pi_2.sv Line: 8
Info (12021): Found 1 design units, including 1 entities, in source file /work/github/fpga_quantumcomputer_simulator/fpga_quantumcomputer_simulator/rtl/quantum_state_vector.sv
    Info (12023): Found entity 1: quantum_state_vector File: C:/work/GitHub/FPGA_QuantumComputer_Simulator/FPGA_QuantumComputer_Simulator/RTL/quantum_state_vector.sv Line: 10
Info (12021): Found 1 design units, including 1 entities, in source file /work/github/fpga_quantumcomputer_simulator/fpga_quantumcomputer_simulator/rtl/probability_weights.sv
    Info (12023): Found entity 1: probability_weights File: C:/work/GitHub/FPGA_QuantumComputer_Simulator/FPGA_QuantumComputer_Simulator/RTL/probability_weights.sv Line: 8
Info (12021): Found 1 design units, including 1 entities, in source file /work/github/fpga_quantumcomputer_simulator/fpga_quantumcomputer_simulator/rtl/probability.sv
    Info (12023): Found entity 1: probability File: C:/work/GitHub/FPGA_QuantumComputer_Simulator/FPGA_QuantumComputer_Simulator/RTL/probability.sv Line: 8
Info (12021): Found 1 design units, including 1 entities, in source file /work/github/fpga_quantumcomputer_simulator/fpga_quantumcomputer_simulator/rtl/measure.sv
    Info (12023): Found entity 1: measure File: C:/work/GitHub/FPGA_QuantumComputer_Simulator/FPGA_QuantumComputer_Simulator/RTL/measure.sv Line: 8
Info (12021): Found 1 design units, including 1 entities, in source file /work/github/fpga_quantumcomputer_simulator/fpga_quantumcomputer_simulator/rtl/lfsr.sv
    Info (12023): Found entity 1: lfsr File: C:/work/GitHub/FPGA_QuantumComputer_Simulator/FPGA_QuantumComputer_Simulator/RTL/lfsr.sv Line: 10
Info (12021): Found 1 design units, including 1 entities, in source file /work/github/fpga_quantumcomputer_simulator/fpga_quantumcomputer_simulator/rtl/hadamard_gate.sv
    Info (12023): Found entity 1: hadamard_gate File: C:/work/GitHub/FPGA_QuantumComputer_Simulator/FPGA_QuantumComputer_Simulator/RTL/hadamard_gate.sv Line: 8
Info (12021): Found 1 design units, including 1 entities, in source file /work/github/fpga_quantumcomputer_simulator/fpga_quantumcomputer_simulator/rtl/top_qc_sim.sv
    Info (12023): Found entity 1: top_qc_sim File: C:/work/GitHub/FPGA_QuantumComputer_Simulator/FPGA_QuantumComputer_Simulator/RTL/top_qc_sim.sv Line: 10
Info (12127): Elaborating entity "top_qc_sim" for the top level hierarchy
Info (12128): Elaborating entity "hadamard_gate" for hierarchy "hadamard_gate:u0_h_q2" File: C:/work/GitHub/FPGA_QuantumComputer_Simulator/FPGA_QuantumComputer_Simulator/RTL/top_qc_sim.sv Line: 100
Info (12128): Elaborating entity "quantum_state_vector" for hierarchy "quantum_state_vector:u0_state_vector" File: C:/work/GitHub/FPGA_QuantumComputer_Simulator/FPGA_QuantumComputer_Simulator/RTL/top_qc_sim.sv Line: 114
Info (12128): Elaborating entity "rot_gate_pi_2" for hierarchy "rot_gate_pi_2:u1_rpi2_q1q2" File: C:/work/GitHub/FPGA_QuantumComputer_Simulator/FPGA_QuantumComputer_Simulator/RTL/top_qc_sim.sv Line: 126
Info (12128): Elaborating entity "rot_gate_pi_4" for hierarchy "rot_gate_pi_4:u2_rpi4_q0q2" File: C:/work/GitHub/FPGA_QuantumComputer_Simulator/FPGA_QuantumComputer_Simulator/RTL/top_qc_sim.sv Line: 152
Info (12128): Elaborating entity "hadamard_gate" for hierarchy "hadamard_gate:u3_h_q1" File: C:/work/GitHub/FPGA_QuantumComputer_Simulator/FPGA_QuantumComputer_Simulator/RTL/top_qc_sim.sv Line: 179
Info (12128): Elaborating entity "rot_gate_pi_2" for hierarchy "rot_gate_pi_2:u4_rpi2_q0q1" File: C:/work/GitHub/FPGA_QuantumComputer_Simulator/FPGA_QuantumComputer_Simulator/RTL/top_qc_sim.sv Line: 205
Info (12128): Elaborating entity "hadamard_gate" for hierarchy "hadamard_gate:u5_h_q0" File: C:/work/GitHub/FPGA_QuantumComputer_Simulator/FPGA_QuantumComputer_Simulator/RTL/top_qc_sim.sv Line: 232
Info (12128): Elaborating entity "swap_gate" for hierarchy "swap_gate:u6_swap_q2q0" File: C:/work/GitHub/FPGA_QuantumComputer_Simulator/FPGA_QuantumComputer_Simulator/RTL/top_qc_sim.sv Line: 258
Info (12128): Elaborating entity "probability" for hierarchy "probability:prob_sv" File: C:/work/GitHub/FPGA_QuantumComputer_Simulator/FPGA_QuantumComputer_Simulator/RTL/top_qc_sim.sv Line: 284
Info (12128): Elaborating entity "probability_weights" for hierarchy "probability_weights:prob_weights_sv" File: C:/work/GitHub/FPGA_QuantumComputer_Simulator/FPGA_QuantumComputer_Simulator/RTL/top_qc_sim.sv Line: 295
Info (12128): Elaborating entity "lfsr" for hierarchy "lfsr:rng_gen" File: C:/work/GitHub/FPGA_QuantumComputer_Simulator/FPGA_QuantumComputer_Simulator/RTL/top_qc_sim.sv Line: 302
Info (12128): Elaborating entity "measure" for hierarchy "measure:measure_sv" File: C:/work/GitHub/FPGA_QuantumComputer_Simulator/FPGA_QuantumComputer_Simulator/RTL/top_qc_sim.sv Line: 315
Info (12128): Elaborating entity "sync" for hierarchy "sync:rst_sync" File: C:/work/GitHub/FPGA_QuantumComputer_Simulator/FPGA_QuantumComputer_Simulator/RTL/top_qc_sim.sv Line: 323
Info (12128): Elaborating entity "sev_seg_display" for hierarchy "sev_seg_display:hex0" File: C:/work/GitHub/FPGA_QuantumComputer_Simulator/FPGA_QuantumComputer_Simulator/RTL/top_qc_sim.sv Line: 336
Info (278001): Inferred 45 megafunctions from design logic
    Info (278003): Inferred multiplier megafunction ("lpm_mult") from the following logic: "probability:prob_sv|Mult0" File: C:/work/GitHub/FPGA_QuantumComputer_Simulator/FPGA_QuantumComputer_Simulator/RTL/probability.sv Line: 32
    Info (278003): Inferred multiplier megafunction ("lpm_mult") from the following logic: "probability:prob_sv|Mult1" File: C:/work/GitHub/FPGA_QuantumComputer_Simulator/FPGA_QuantumComputer_Simulator/RTL/probability.sv Line: 32
    Info (278003): Inferred multiplier megafunction ("lpm_mult") from the following logic: "probability:prob_sv|Mult12" File: C:/work/GitHub/FPGA_QuantumComputer_Simulator/FPGA_QuantumComputer_Simulator/RTL/probability.sv Line: 32
    Info (278003): Inferred multiplier megafunction ("lpm_mult") from the following logic: "probability:prob_sv|Mult13" File: C:/work/GitHub/FPGA_QuantumComputer_Simulator/FPGA_QuantumComputer_Simulator/RTL/probability.sv Line: 32
    Info (278003): Inferred multiplier megafunction ("lpm_mult") from the following logic: "probability:prob_sv|Mult2" File: C:/work/GitHub/FPGA_QuantumComputer_Simulator/FPGA_QuantumComputer_Simulator/RTL/probability.sv Line: 32
    Info (278003): Inferred multiplier megafunction ("lpm_mult") from the following logic: "probability:prob_sv|Mult3" File: C:/work/GitHub/FPGA_QuantumComputer_Simulator/FPGA_QuantumComputer_Simulator/RTL/probability.sv Line: 32
    Info (278003): Inferred multiplier megafunction ("lpm_mult") from the following logic: "probability:prob_sv|Mult6" File: C:/work/GitHub/FPGA_QuantumComputer_Simulator/FPGA_QuantumComputer_Simulator/RTL/probability.sv Line: 32
    Info (278003): Inferred multiplier megafunction ("lpm_mult") from the following logic: "probability:prob_sv|Mult7" File: C:/work/GitHub/FPGA_QuantumComputer_Simulator/FPGA_QuantumComputer_Simulator/RTL/probability.sv Line: 32
    Info (278003): Inferred multiplier megafunction ("lpm_mult") from the following logic: "probability:prob_sv|Mult5" File: C:/work/GitHub/FPGA_QuantumComputer_Simulator/FPGA_QuantumComputer_Simulator/RTL/probability.sv Line: 32
    Info (278003): Inferred multiplier megafunction ("lpm_mult") from the following logic: "probability:prob_sv|Mult4" File: C:/work/GitHub/FPGA_QuantumComputer_Simulator/FPGA_QuantumComputer_Simulator/RTL/probability.sv Line: 32
    Info (278003): Inferred multiplier megafunction ("lpm_mult") from the following logic: "probability:prob_sv|Mult10" File: C:/work/GitHub/FPGA_QuantumComputer_Simulator/FPGA_QuantumComputer_Simulator/RTL/probability.sv Line: 32
    Info (278003): Inferred multiplier megafunction ("lpm_mult") from the following logic: "probability:prob_sv|Mult11" File: C:/work/GitHub/FPGA_QuantumComputer_Simulator/FPGA_QuantumComputer_Simulator/RTL/probability.sv Line: 32
    Info (278003): Inferred multiplier megafunction ("lpm_mult") from the following logic: "probability:prob_sv|Mult8" File: C:/work/GitHub/FPGA_QuantumComputer_Simulator/FPGA_QuantumComputer_Simulator/RTL/probability.sv Line: 32
    Info (278003): Inferred multiplier megafunction ("lpm_mult") from the following logic: "probability:prob_sv|Mult9" File: C:/work/GitHub/FPGA_QuantumComputer_Simulator/FPGA_QuantumComputer_Simulator/RTL/probability.sv Line: 32
    Info (278003): Inferred multiplier megafunction ("lpm_mult") from the following logic: "hadamard_gate:u5_h_q0|Mult0" File: C:/work/GitHub/FPGA_QuantumComputer_Simulator/FPGA_QuantumComputer_Simulator/RTL/hadamard_gate.sv Line: 34
    Info (278003): Inferred multiplier megafunction ("lpm_mult") from the following logic: "hadamard_gate:u5_h_q0|Mult8" File: C:/work/GitHub/FPGA_QuantumComputer_Simulator/FPGA_QuantumComputer_Simulator/RTL/hadamard_gate.sv Line: 43
    Info (278003): Inferred multiplier megafunction ("lpm_mult") from the following logic: "hadamard_gate:u5_h_q0|Mult3" File: C:/work/GitHub/FPGA_QuantumComputer_Simulator/FPGA_QuantumComputer_Simulator/RTL/hadamard_gate.sv Line: 37
    Info (278003): Inferred multiplier megafunction ("lpm_mult") from the following logic: "hadamard_gate:u5_h_q0|Mult11" File: C:/work/GitHub/FPGA_QuantumComputer_Simulator/FPGA_QuantumComputer_Simulator/RTL/hadamard_gate.sv Line: 46
    Info (278003): Inferred multiplier megafunction ("lpm_mult") from the following logic: "hadamard_gate:u5_h_q0|Mult4" File: C:/work/GitHub/FPGA_QuantumComputer_Simulator/FPGA_QuantumComputer_Simulator/RTL/hadamard_gate.sv Line: 38
    Info (278003): Inferred multiplier megafunction ("lpm_mult") from the following logic: "hadamard_gate:u5_h_q0|Mult12" File: C:/work/GitHub/FPGA_QuantumComputer_Simulator/FPGA_QuantumComputer_Simulator/RTL/hadamard_gate.sv Line: 47
    Info (278003): Inferred multiplier megafunction ("lpm_mult") from the following logic: "hadamard_gate:u5_h_q0|Mult6" File: C:/work/GitHub/FPGA_QuantumComputer_Simulator/FPGA_QuantumComputer_Simulator/RTL/hadamard_gate.sv Line: 40
    Info (278003): Inferred multiplier megafunction ("lpm_mult") from the following logic: "hadamard_gate:u5_h_q0|Mult14" File: C:/work/GitHub/FPGA_QuantumComputer_Simulator/FPGA_QuantumComputer_Simulator/RTL/hadamard_gate.sv Line: 49
    Info (278003): Inferred multiplier megafunction ("lpm_mult") from the following logic: "hadamard_gate:u5_h_q0|Mult10" File: C:/work/GitHub/FPGA_QuantumComputer_Simulator/FPGA_QuantumComputer_Simulator/RTL/hadamard_gate.sv Line: 45
    Info (278003): Inferred multiplier megafunction ("lpm_mult") from the following logic: "hadamard_gate:u5_h_q0|Mult2" File: C:/work/GitHub/FPGA_QuantumComputer_Simulator/FPGA_QuantumComputer_Simulator/RTL/hadamard_gate.sv Line: 36
    Info (278003): Inferred multiplier megafunction ("lpm_mult") from the following logic: "hadamard_gate:u5_h_q0|Mult5" File: C:/work/GitHub/FPGA_QuantumComputer_Simulator/FPGA_QuantumComputer_Simulator/RTL/hadamard_gate.sv Line: 39
    Info (278003): Inferred multiplier megafunction ("lpm_mult") from the following logic: "hadamard_gate:u5_h_q0|Mult13" File: C:/work/GitHub/FPGA_QuantumComputer_Simulator/FPGA_QuantumComputer_Simulator/RTL/hadamard_gate.sv Line: 48
    Info (278003): Inferred multiplier megafunction ("lpm_mult") from the following logic: "hadamard_gate:u5_h_q0|Mult1" File: C:/work/GitHub/FPGA_QuantumComputer_Simulator/FPGA_QuantumComputer_Simulator/RTL/hadamard_gate.sv Line: 35
    Info (278003): Inferred multiplier megafunction ("lpm_mult") from the following logic: "hadamard_gate:u5_h_q0|Mult9" File: C:/work/GitHub/FPGA_QuantumComputer_Simulator/FPGA_QuantumComputer_Simulator/RTL/hadamard_gate.sv Line: 44
    Info (278003): Inferred multiplier megafunction ("lpm_mult") from the following logic: "hadamard_gate:u3_h_q1|Mult1" File: C:/work/GitHub/FPGA_QuantumComputer_Simulator/FPGA_QuantumComputer_Simulator/RTL/hadamard_gate.sv Line: 53
    Info (278003): Inferred multiplier megafunction ("lpm_mult") from the following logic: "hadamard_gate:u3_h_q1|Mult0" File: C:/work/GitHub/FPGA_QuantumComputer_Simulator/FPGA_QuantumComputer_Simulator/RTL/hadamard_gate.sv Line: 52
    Info (278003): Inferred multiplier megafunction ("lpm_mult") from the following logic: "hadamard_gate:u3_h_q1|Mult9" File: C:/work/GitHub/FPGA_QuantumComputer_Simulator/FPGA_QuantumComputer_Simulator/RTL/hadamard_gate.sv Line: 62
    Info (278003): Inferred multiplier megafunction ("lpm_mult") from the following logic: "hadamard_gate:u3_h_q1|Mult8" File: C:/work/GitHub/FPGA_QuantumComputer_Simulator/FPGA_QuantumComputer_Simulator/RTL/hadamard_gate.sv Line: 61
    Info (278003): Inferred multiplier megafunction ("lpm_mult") from the following logic: "hadamard_gate:u3_h_q1|Mult11" File: C:/work/GitHub/FPGA_QuantumComputer_Simulator/FPGA_QuantumComputer_Simulator/RTL/hadamard_gate.sv Line: 64
    Info (278003): Inferred multiplier megafunction ("lpm_mult") from the following logic: "hadamard_gate:u3_h_q1|Mult2" File: C:/work/GitHub/FPGA_QuantumComputer_Simulator/FPGA_QuantumComputer_Simulator/RTL/hadamard_gate.sv Line: 54
    Info (278003): Inferred multiplier megafunction ("lpm_mult") from the following logic: "hadamard_gate:u3_h_q1|Mult3" File: C:/work/GitHub/FPGA_QuantumComputer_Simulator/FPGA_QuantumComputer_Simulator/RTL/hadamard_gate.sv Line: 55
    Info (278003): Inferred multiplier megafunction ("lpm_mult") from the following logic: "hadamard_gate:u3_h_q1|Mult10" File: C:/work/GitHub/FPGA_QuantumComputer_Simulator/FPGA_QuantumComputer_Simulator/RTL/hadamard_gate.sv Line: 63
    Info (278003): Inferred multiplier megafunction ("lpm_mult") from the following logic: "hadamard_gate:u3_h_q1|Mult5" File: C:/work/GitHub/FPGA_QuantumComputer_Simulator/FPGA_QuantumComputer_Simulator/RTL/hadamard_gate.sv Line: 57
    Info (278003): Inferred multiplier megafunction ("lpm_mult") from the following logic: "hadamard_gate:u3_h_q1|Mult4" File: C:/work/GitHub/FPGA_QuantumComputer_Simulator/FPGA_QuantumComputer_Simulator/RTL/hadamard_gate.sv Line: 56
    Info (278003): Inferred multiplier megafunction ("lpm_mult") from the following logic: "hadamard_gate:u3_h_q1|Mult13" File: C:/work/GitHub/FPGA_QuantumComputer_Simulator/FPGA_QuantumComputer_Simulator/RTL/hadamard_gate.sv Line: 66
    Info (278003): Inferred multiplier megafunction ("lpm_mult") from the following logic: "hadamard_gate:u3_h_q1|Mult15" File: C:/work/GitHub/FPGA_QuantumComputer_Simulator/FPGA_QuantumComputer_Simulator/RTL/hadamard_gate.sv Line: 68
    Info (278003): Inferred multiplier megafunction ("lpm_mult") from the following logic: "hadamard_gate:u3_h_q1|Mult6" File: C:/work/GitHub/FPGA_QuantumComputer_Simulator/FPGA_QuantumComputer_Simulator/RTL/hadamard_gate.sv Line: 58
    Info (278003): Inferred multiplier megafunction ("lpm_mult") from the following logic: "hadamard_gate:u3_h_q1|Mult7" File: C:/work/GitHub/FPGA_QuantumComputer_Simulator/FPGA_QuantumComputer_Simulator/RTL/hadamard_gate.sv Line: 59
    Info (278003): Inferred multiplier megafunction ("lpm_mult") from the following logic: "rot_gate_pi_4:u2_rpi4_q0q2|Mult2" File: C:/work/GitHub/FPGA_QuantumComputer_Simulator/FPGA_QuantumComputer_Simulator/RTL/rot_gate_pi_4.sv Line: 61
    Info (278003): Inferred multiplier megafunction ("lpm_mult") from the following logic: "rot_gate_pi_4:u2_rpi4_q0q2|Mult1" File: C:/work/GitHub/FPGA_QuantumComputer_Simulator/FPGA_QuantumComputer_Simulator/RTL/rot_gate_pi_4.sv Line: 62
    Info (278003): Inferred multiplier megafunction ("lpm_mult") from the following logic: "rot_gate_pi_4:u2_rpi4_q0q2|Mult3" File: C:/work/GitHub/FPGA_QuantumComputer_Simulator/FPGA_QuantumComputer_Simulator/RTL/rot_gate_pi_4.sv Line: 62
Info (12130): Elaborated megafunction instantiation "probability:prob_sv|lpm_mult:Mult0" File: C:/work/GitHub/FPGA_QuantumComputer_Simulator/FPGA_QuantumComputer_Simulator/RTL/probability.sv Line: 32
Info (12133): Instantiated megafunction "probability:prob_sv|lpm_mult:Mult0" with the following parameter: File: C:/work/GitHub/FPGA_QuantumComputer_Simulator/FPGA_QuantumComputer_Simulator/RTL/probability.sv Line: 32
    Info (12134): Parameter "LPM_WIDTHA" = "16"
    Info (12134): Parameter "LPM_WIDTHB" = "16"
    Info (12134): Parameter "LPM_WIDTHP" = "32"
    Info (12134): Parameter "LPM_WIDTHR" = "32"
    Info (12134): Parameter "LPM_WIDTHS" = "1"
    Info (12134): Parameter "LPM_REPRESENTATION" = "SIGNED"
    Info (12134): Parameter "INPUT_A_IS_CONSTANT" = "NO"
    Info (12134): Parameter "INPUT_B_IS_CONSTANT" = "NO"
    Info (12134): Parameter "MAXIMIZE_SPEED" = "5"
Info (12021): Found 1 design units, including 1 entities, in source file db/mult_pgs.tdf
    Info (12023): Found entity 1: mult_pgs File: C:/work/GitHub/FPGA_QuantumComputer_Simulator/FPGA_QuantumComputer_Simulator/OBJ/db/mult_pgs.tdf Line: 29
Info (12130): Elaborated megafunction instantiation "probability:prob_sv|lpm_mult:Mult1" File: C:/work/GitHub/FPGA_QuantumComputer_Simulator/FPGA_QuantumComputer_Simulator/RTL/probability.sv Line: 32
Info (12133): Instantiated megafunction "probability:prob_sv|lpm_mult:Mult1" with the following parameter: File: C:/work/GitHub/FPGA_QuantumComputer_Simulator/FPGA_QuantumComputer_Simulator/RTL/probability.sv Line: 32
    Info (12134): Parameter "LPM_WIDTHA" = "14"
    Info (12134): Parameter "LPM_WIDTHB" = "14"
    Info (12134): Parameter "LPM_WIDTHP" = "28"
    Info (12134): Parameter "LPM_WIDTHR" = "28"
    Info (12134): Parameter "LPM_WIDTHS" = "1"
    Info (12134): Parameter "LPM_REPRESENTATION" = "SIGNED"
    Info (12134): Parameter "INPUT_A_IS_CONSTANT" = "NO"
    Info (12134): Parameter "INPUT_B_IS_CONSTANT" = "NO"
    Info (12134): Parameter "MAXIMIZE_SPEED" = "6"
Info (12021): Found 1 design units, including 1 entities, in source file db/mult_rgs.tdf
    Info (12023): Found entity 1: mult_rgs File: C:/work/GitHub/FPGA_QuantumComputer_Simulator/FPGA_QuantumComputer_Simulator/OBJ/db/mult_rgs.tdf Line: 29
Info (12130): Elaborated megafunction instantiation "probability:prob_sv|lpm_mult:Mult12" File: C:/work/GitHub/FPGA_QuantumComputer_Simulator/FPGA_QuantumComputer_Simulator/RTL/probability.sv Line: 32
Info (12133): Instantiated megafunction "probability:prob_sv|lpm_mult:Mult12" with the following parameter: File: C:/work/GitHub/FPGA_QuantumComputer_Simulator/FPGA_QuantumComputer_Simulator/RTL/probability.sv Line: 32
    Info (12134): Parameter "LPM_WIDTHA" = "15"
    Info (12134): Parameter "LPM_WIDTHB" = "15"
    Info (12134): Parameter "LPM_WIDTHP" = "30"
    Info (12134): Parameter "LPM_WIDTHR" = "30"
    Info (12134): Parameter "LPM_WIDTHS" = "1"
    Info (12134): Parameter "LPM_REPRESENTATION" = "SIGNED"
    Info (12134): Parameter "INPUT_A_IS_CONSTANT" = "NO"
    Info (12134): Parameter "INPUT_B_IS_CONSTANT" = "NO"
    Info (12134): Parameter "MAXIMIZE_SPEED" = "5"
Info (12021): Found 1 design units, including 1 entities, in source file db/mult_lgs.tdf
    Info (12023): Found entity 1: mult_lgs File: C:/work/GitHub/FPGA_QuantumComputer_Simulator/FPGA_QuantumComputer_Simulator/OBJ/db/mult_lgs.tdf Line: 29
Info (12130): Elaborated megafunction instantiation "probability:prob_sv|lpm_mult:Mult13" File: C:/work/GitHub/FPGA_QuantumComputer_Simulator/FPGA_QuantumComputer_Simulator/RTL/probability.sv Line: 32
Info (12133): Instantiated megafunction "probability:prob_sv|lpm_mult:Mult13" with the following parameter: File: C:/work/GitHub/FPGA_QuantumComputer_Simulator/FPGA_QuantumComputer_Simulator/RTL/probability.sv Line: 32
    Info (12134): Parameter "LPM_WIDTHA" = "13"
    Info (12134): Parameter "LPM_WIDTHB" = "13"
    Info (12134): Parameter "LPM_WIDTHP" = "26"
    Info (12134): Parameter "LPM_WIDTHR" = "26"
    Info (12134): Parameter "LPM_WIDTHS" = "1"
    Info (12134): Parameter "LPM_REPRESENTATION" = "SIGNED"
    Info (12134): Parameter "INPUT_A_IS_CONSTANT" = "NO"
    Info (12134): Parameter "INPUT_B_IS_CONSTANT" = "NO"
    Info (12134): Parameter "MAXIMIZE_SPEED" = "6"
Info (12021): Found 1 design units, including 1 entities, in source file db/mult_ngs.tdf
    Info (12023): Found entity 1: mult_ngs File: C:/work/GitHub/FPGA_QuantumComputer_Simulator/FPGA_QuantumComputer_Simulator/OBJ/db/mult_ngs.tdf Line: 29
Info (12130): Elaborated megafunction instantiation "probability:prob_sv|lpm_mult:Mult5" File: C:/work/GitHub/FPGA_QuantumComputer_Simulator/FPGA_QuantumComputer_Simulator/RTL/probability.sv Line: 32
Info (12133): Instantiated megafunction "probability:prob_sv|lpm_mult:Mult5" with the following parameter: File: C:/work/GitHub/FPGA_QuantumComputer_Simulator/FPGA_QuantumComputer_Simulator/RTL/probability.sv Line: 32
    Info (12134): Parameter "LPM_WIDTHA" = "13"
    Info (12134): Parameter "LPM_WIDTHB" = "13"
    Info (12134): Parameter "LPM_WIDTHP" = "26"
    Info (12134): Parameter "LPM_WIDTHR" = "26"
    Info (12134): Parameter "LPM_WIDTHS" = "1"
    Info (12134): Parameter "LPM_REPRESENTATION" = "SIGNED"
    Info (12134): Parameter "INPUT_A_IS_CONSTANT" = "NO"
    Info (12134): Parameter "INPUT_B_IS_CONSTANT" = "NO"
    Info (12134): Parameter "MAXIMIZE_SPEED" = "6"
Info (12130): Elaborated megafunction instantiation "hadamard_gate:u5_h_q0|lpm_mult:Mult0" File: C:/work/GitHub/FPGA_QuantumComputer_Simulator/FPGA_QuantumComputer_Simulator/RTL/hadamard_gate.sv Line: 34
Info (12133): Instantiated megafunction "hadamard_gate:u5_h_q0|lpm_mult:Mult0" with the following parameter: File: C:/work/GitHub/FPGA_QuantumComputer_Simulator/FPGA_QuantumComputer_Simulator/RTL/hadamard_gate.sv Line: 34
    Info (12134): Parameter "LPM_WIDTHA" = "17"
    Info (12134): Parameter "LPM_WIDTHB" = "15"
    Info (12134): Parameter "LPM_WIDTHP" = "32"
    Info (12134): Parameter "LPM_WIDTHR" = "32"
    Info (12134): Parameter "LPM_WIDTHS" = "1"
    Info (12134): Parameter "LPM_REPRESENTATION" = "SIGNED"
    Info (12134): Parameter "INPUT_A_IS_CONSTANT" = "NO"
    Info (12134): Parameter "INPUT_B_IS_CONSTANT" = "YES"
    Info (12134): Parameter "MAXIMIZE_SPEED" = "5"
Info (12021): Found 1 design units, including 1 entities, in source file db/mult_dks.tdf
    Info (12023): Found entity 1: mult_dks File: C:/work/GitHub/FPGA_QuantumComputer_Simulator/FPGA_QuantumComputer_Simulator/OBJ/db/mult_dks.tdf Line: 29
Info (12130): Elaborated megafunction instantiation "hadamard_gate:u5_h_q0|lpm_mult:Mult8" File: C:/work/GitHub/FPGA_QuantumComputer_Simulator/FPGA_QuantumComputer_Simulator/RTL/hadamard_gate.sv Line: 43
Info (12133): Instantiated megafunction "hadamard_gate:u5_h_q0|lpm_mult:Mult8" with the following parameter: File: C:/work/GitHub/FPGA_QuantumComputer_Simulator/FPGA_QuantumComputer_Simulator/RTL/hadamard_gate.sv Line: 43
    Info (12134): Parameter "LPM_WIDTHA" = "13"
    Info (12134): Parameter "LPM_WIDTHB" = "15"
    Info (12134): Parameter "LPM_WIDTHP" = "28"
    Info (12134): Parameter "LPM_WIDTHR" = "28"
    Info (12134): Parameter "LPM_WIDTHS" = "1"
    Info (12134): Parameter "LPM_REPRESENTATION" = "SIGNED"
    Info (12134): Parameter "INPUT_A_IS_CONSTANT" = "NO"
    Info (12134): Parameter "INPUT_B_IS_CONSTANT" = "YES"
    Info (12134): Parameter "MAXIMIZE_SPEED" = "5"
Info (12131): Elaborated megafunction instantiation "hadamard_gate:u5_h_q0|lpm_mult:Mult8|multcore:mult_core", which is child of megafunction instantiation "hadamard_gate:u5_h_q0|lpm_mult:Mult8" File: c:/altera_lite/25.1std/quartus/libraries/megafunctions/lpm_mult.tdf Line: 309
Info (12131): Elaborated megafunction instantiation "hadamard_gate:u5_h_q0|lpm_mult:Mult8|multcore:mult_core|mpar_add:padder", which is child of megafunction instantiation "hadamard_gate:u5_h_q0|lpm_mult:Mult8" File: c:/altera_lite/25.1std/quartus/libraries/megafunctions/multcore.tdf Line: 229
Info (12131): Elaborated megafunction instantiation "hadamard_gate:u5_h_q0|lpm_mult:Mult8|multcore:mult_core|mpar_add:padder|lpm_add_sub:adder[1]", which is child of megafunction instantiation "hadamard_gate:u5_h_q0|lpm_mult:Mult8" File: c:/altera_lite/25.1std/quartus/libraries/megafunctions/mpar_add.tdf Line: 115
Info (12021): Found 1 design units, including 1 entities, in source file db/add_sub_9vg.tdf
    Info (12023): Found entity 1: add_sub_9vg File: C:/work/GitHub/FPGA_QuantumComputer_Simulator/FPGA_QuantumComputer_Simulator/OBJ/db/add_sub_9vg.tdf Line: 23
Info (12131): Elaborated megafunction instantiation "hadamard_gate:u5_h_q0|lpm_mult:Mult8|multcore:mult_core|mpar_add:padder|lpm_add_sub:adder[0]", which is child of megafunction instantiation "hadamard_gate:u5_h_q0|lpm_mult:Mult8" File: c:/altera_lite/25.1std/quartus/libraries/megafunctions/mpar_add.tdf Line: 115
Info (12021): Found 1 design units, including 1 entities, in source file db/add_sub_fkg.tdf
    Info (12023): Found entity 1: add_sub_fkg File: C:/work/GitHub/FPGA_QuantumComputer_Simulator/FPGA_QuantumComputer_Simulator/OBJ/db/add_sub_fkg.tdf Line: 23
Info (12131): Elaborated megafunction instantiation "hadamard_gate:u5_h_q0|lpm_mult:Mult8|multcore:mult_core|mpar_add:padder|mpar_add:sub_par_add", which is child of megafunction instantiation "hadamard_gate:u5_h_q0|lpm_mult:Mult8" File: c:/altera_lite/25.1std/quartus/libraries/megafunctions/mpar_add.tdf Line: 138
Info (12131): Elaborated megafunction instantiation "hadamard_gate:u5_h_q0|lpm_mult:Mult8|multcore:mult_core|mpar_add:padder|mpar_add:sub_par_add|lpm_add_sub:adder[0]", which is child of megafunction instantiation "hadamard_gate:u5_h_q0|lpm_mult:Mult8" File: c:/altera_lite/25.1std/quartus/libraries/megafunctions/mpar_add.tdf Line: 115
Info (12021): Found 1 design units, including 1 entities, in source file db/add_sub_4vg.tdf
    Info (12023): Found entity 1: add_sub_4vg File: C:/work/GitHub/FPGA_QuantumComputer_Simulator/FPGA_QuantumComputer_Simulator/OBJ/db/add_sub_4vg.tdf Line: 23
Info (12131): Elaborated megafunction instantiation "hadamard_gate:u5_h_q0|lpm_mult:Mult8|altshift:external_latency_ffs", which is child of megafunction instantiation "hadamard_gate:u5_h_q0|lpm_mult:Mult8" File: c:/altera_lite/25.1std/quartus/libraries/megafunctions/lpm_mult.tdf Line: 352
Info (12130): Elaborated megafunction instantiation "hadamard_gate:u5_h_q0|lpm_mult:Mult3" File: C:/work/GitHub/FPGA_QuantumComputer_Simulator/FPGA_QuantumComputer_Simulator/RTL/hadamard_gate.sv Line: 37
Info (12133): Instantiated megafunction "hadamard_gate:u5_h_q0|lpm_mult:Mult3" with the following parameter: File: C:/work/GitHub/FPGA_QuantumComputer_Simulator/FPGA_QuantumComputer_Simulator/RTL/hadamard_gate.sv Line: 37
    Info (12134): Parameter "LPM_WIDTHA" = "14"
    Info (12134): Parameter "LPM_WIDTHB" = "15"
    Info (12134): Parameter "LPM_WIDTHP" = "29"
    Info (12134): Parameter "LPM_WIDTHR" = "29"
    Info (12134): Parameter "LPM_WIDTHS" = "1"
    Info (12134): Parameter "LPM_REPRESENTATION" = "SIGNED"
    Info (12134): Parameter "INPUT_A_IS_CONSTANT" = "NO"
    Info (12134): Parameter "INPUT_B_IS_CONSTANT" = "YES"
    Info (12134): Parameter "MAXIMIZE_SPEED" = "5"
Info (12131): Elaborated megafunction instantiation "hadamard_gate:u5_h_q0|lpm_mult:Mult3|multcore:mult_core", which is child of megafunction instantiation "hadamard_gate:u5_h_q0|lpm_mult:Mult3" File: c:/altera_lite/25.1std/quartus/libraries/megafunctions/lpm_mult.tdf Line: 309
Info (12131): Elaborated megafunction instantiation "hadamard_gate:u5_h_q0|lpm_mult:Mult3|multcore:mult_core|mpar_add:padder", which is child of megafunction instantiation "hadamard_gate:u5_h_q0|lpm_mult:Mult3" File: c:/altera_lite/25.1std/quartus/libraries/megafunctions/multcore.tdf Line: 229
Info (12131): Elaborated megafunction instantiation "hadamard_gate:u5_h_q0|lpm_mult:Mult3|altshift:external_latency_ffs", which is child of megafunction instantiation "hadamard_gate:u5_h_q0|lpm_mult:Mult3" File: c:/altera_lite/25.1std/quartus/libraries/megafunctions/lpm_mult.tdf Line: 352
Info (12130): Elaborated megafunction instantiation "hadamard_gate:u5_h_q0|lpm_mult:Mult11" File: C:/work/GitHub/FPGA_QuantumComputer_Simulator/FPGA_QuantumComputer_Simulator/RTL/hadamard_gate.sv Line: 46
Info (12133): Instantiated megafunction "hadamard_gate:u5_h_q0|lpm_mult:Mult11" with the following parameter: File: C:/work/GitHub/FPGA_QuantumComputer_Simulator/FPGA_QuantumComputer_Simulator/RTL/hadamard_gate.sv Line: 46
    Info (12134): Parameter "LPM_WIDTHA" = "12"
    Info (12134): Parameter "LPM_WIDTHB" = "15"
    Info (12134): Parameter "LPM_WIDTHP" = "27"
    Info (12134): Parameter "LPM_WIDTHR" = "27"
    Info (12134): Parameter "LPM_WIDTHS" = "1"
    Info (12134): Parameter "LPM_REPRESENTATION" = "SIGNED"
    Info (12134): Parameter "INPUT_A_IS_CONSTANT" = "NO"
    Info (12134): Parameter "INPUT_B_IS_CONSTANT" = "YES"
    Info (12134): Parameter "MAXIMIZE_SPEED" = "5"
Info (12131): Elaborated megafunction instantiation "hadamard_gate:u5_h_q0|lpm_mult:Mult11|multcore:mult_core", which is child of megafunction instantiation "hadamard_gate:u5_h_q0|lpm_mult:Mult11" File: c:/altera_lite/25.1std/quartus/libraries/megafunctions/lpm_mult.tdf Line: 309
Info (12131): Elaborated megafunction instantiation "hadamard_gate:u5_h_q0|lpm_mult:Mult11|multcore:mult_core|mpar_add:padder", which is child of megafunction instantiation "hadamard_gate:u5_h_q0|lpm_mult:Mult11" File: c:/altera_lite/25.1std/quartus/libraries/megafunctions/multcore.tdf Line: 229
Info (12131): Elaborated megafunction instantiation "hadamard_gate:u5_h_q0|lpm_mult:Mult11|multcore:mult_core|mpar_add:padder|mpar_add:sub_par_add", which is child of megafunction instantiation "hadamard_gate:u5_h_q0|lpm_mult:Mult11" File: c:/altera_lite/25.1std/quartus/libraries/megafunctions/mpar_add.tdf Line: 138
Info (12131): Elaborated megafunction instantiation "hadamard_gate:u5_h_q0|lpm_mult:Mult11|altshift:external_latency_ffs", which is child of megafunction instantiation "hadamard_gate:u5_h_q0|lpm_mult:Mult11" File: c:/altera_lite/25.1std/quartus/libraries/megafunctions/lpm_mult.tdf Line: 352
Info (12130): Elaborated megafunction instantiation "hadamard_gate:u5_h_q0|lpm_mult:Mult4" File: C:/work/GitHub/FPGA_QuantumComputer_Simulator/FPGA_QuantumComputer_Simulator/RTL/hadamard_gate.sv Line: 38
Info (12133): Instantiated megafunction "hadamard_gate:u5_h_q0|lpm_mult:Mult4" with the following parameter: File: C:/work/GitHub/FPGA_QuantumComputer_Simulator/FPGA_QuantumComputer_Simulator/RTL/hadamard_gate.sv Line: 38
    Info (12134): Parameter "LPM_WIDTHA" = "16"
    Info (12134): Parameter "LPM_WIDTHB" = "15"
    Info (12134): Parameter "LPM_WIDTHP" = "31"
    Info (12134): Parameter "LPM_WIDTHR" = "31"
    Info (12134): Parameter "LPM_WIDTHS" = "1"
    Info (12134): Parameter "LPM_REPRESENTATION" = "SIGNED"
    Info (12134): Parameter "INPUT_A_IS_CONSTANT" = "NO"
    Info (12134): Parameter "INPUT_B_IS_CONSTANT" = "YES"
    Info (12134): Parameter "MAXIMIZE_SPEED" = "5"
Info (12131): Elaborated megafunction instantiation "hadamard_gate:u5_h_q0|lpm_mult:Mult4|multcore:mult_core", which is child of megafunction instantiation "hadamard_gate:u5_h_q0|lpm_mult:Mult4" File: c:/altera_lite/25.1std/quartus/libraries/megafunctions/lpm_mult.tdf Line: 309
Info (12131): Elaborated megafunction instantiation "hadamard_gate:u5_h_q0|lpm_mult:Mult4|multcore:mult_core|mpar_add:padder", which is child of megafunction instantiation "hadamard_gate:u5_h_q0|lpm_mult:Mult4" File: c:/altera_lite/25.1std/quartus/libraries/megafunctions/multcore.tdf Line: 229
Info (12131): Elaborated megafunction instantiation "hadamard_gate:u5_h_q0|lpm_mult:Mult4|altshift:external_latency_ffs", which is child of megafunction instantiation "hadamard_gate:u5_h_q0|lpm_mult:Mult4" File: c:/altera_lite/25.1std/quartus/libraries/megafunctions/lpm_mult.tdf Line: 352
Info (12130): Elaborated megafunction instantiation "hadamard_gate:u5_h_q0|lpm_mult:Mult10" File: C:/work/GitHub/FPGA_QuantumComputer_Simulator/FPGA_QuantumComputer_Simulator/RTL/hadamard_gate.sv Line: 45
Info (12133): Instantiated megafunction "hadamard_gate:u5_h_q0|lpm_mult:Mult10" with the following parameter: File: C:/work/GitHub/FPGA_QuantumComputer_Simulator/FPGA_QuantumComputer_Simulator/RTL/hadamard_gate.sv Line: 45
    Info (12134): Parameter "LPM_WIDTHA" = "12"
    Info (12134): Parameter "LPM_WIDTHB" = "15"
    Info (12134): Parameter "LPM_WIDTHP" = "27"
    Info (12134): Parameter "LPM_WIDTHR" = "27"
    Info (12134): Parameter "LPM_WIDTHS" = "1"
    Info (12134): Parameter "LPM_REPRESENTATION" = "SIGNED"
    Info (12134): Parameter "INPUT_A_IS_CONSTANT" = "NO"
    Info (12134): Parameter "INPUT_B_IS_CONSTANT" = "YES"
    Info (12134): Parameter "MAXIMIZE_SPEED" = "5"
Info (12130): Elaborated megafunction instantiation "hadamard_gate:u3_h_q1|lpm_mult:Mult1" File: C:/work/GitHub/FPGA_QuantumComputer_Simulator/FPGA_QuantumComputer_Simulator/RTL/hadamard_gate.sv Line: 53
Info (12133): Instantiated megafunction "hadamard_gate:u3_h_q1|lpm_mult:Mult1" with the following parameter: File: C:/work/GitHub/FPGA_QuantumComputer_Simulator/FPGA_QuantumComputer_Simulator/RTL/hadamard_gate.sv Line: 53
    Info (12134): Parameter "LPM_WIDTHA" = "16"
    Info (12134): Parameter "LPM_WIDTHB" = "15"
    Info (12134): Parameter "LPM_WIDTHP" = "31"
    Info (12134): Parameter "LPM_WIDTHR" = "31"
    Info (12134): Parameter "LPM_WIDTHS" = "1"
    Info (12134): Parameter "LPM_REPRESENTATION" = "SIGNED"
    Info (12134): Parameter "INPUT_A_IS_CONSTANT" = "NO"
    Info (12134): Parameter "INPUT_B_IS_CONSTANT" = "YES"
    Info (12134): Parameter "MAXIMIZE_SPEED" = "5"
Info (12130): Elaborated megafunction instantiation "hadamard_gate:u3_h_q1|lpm_mult:Mult0" File: C:/work/GitHub/FPGA_QuantumComputer_Simulator/FPGA_QuantumComputer_Simulator/RTL/hadamard_gate.sv Line: 52
Info (12133): Instantiated megafunction "hadamard_gate:u3_h_q1|lpm_mult:Mult0" with the following parameter: File: C:/work/GitHub/FPGA_QuantumComputer_Simulator/FPGA_QuantumComputer_Simulator/RTL/hadamard_gate.sv Line: 52
    Info (12134): Parameter "LPM_WIDTHA" = "15"
    Info (12134): Parameter "LPM_WIDTHB" = "15"
    Info (12134): Parameter "LPM_WIDTHP" = "30"
    Info (12134): Parameter "LPM_WIDTHR" = "30"
    Info (12134): Parameter "LPM_WIDTHS" = "1"
    Info (12134): Parameter "LPM_REPRESENTATION" = "SIGNED"
    Info (12134): Parameter "INPUT_A_IS_CONSTANT" = "NO"
    Info (12134): Parameter "INPUT_B_IS_CONSTANT" = "YES"
    Info (12134): Parameter "MAXIMIZE_SPEED" = "5"
Info (12131): Elaborated megafunction instantiation "hadamard_gate:u3_h_q1|lpm_mult:Mult0|multcore:mult_core", which is child of megafunction instantiation "hadamard_gate:u3_h_q1|lpm_mult:Mult0" File: c:/altera_lite/25.1std/quartus/libraries/megafunctions/lpm_mult.tdf Line: 309
Info (12131): Elaborated megafunction instantiation "hadamard_gate:u3_h_q1|lpm_mult:Mult0|multcore:mult_core|mpar_add:padder", which is child of megafunction instantiation "hadamard_gate:u3_h_q1|lpm_mult:Mult0" File: c:/altera_lite/25.1std/quartus/libraries/megafunctions/multcore.tdf Line: 229
Info (12131): Elaborated megafunction instantiation "hadamard_gate:u3_h_q1|lpm_mult:Mult0|altshift:external_latency_ffs", which is child of megafunction instantiation "hadamard_gate:u3_h_q1|lpm_mult:Mult0" File: c:/altera_lite/25.1std/quartus/libraries/megafunctions/lpm_mult.tdf Line: 352
Info (12130): Elaborated megafunction instantiation "hadamard_gate:u3_h_q1|lpm_mult:Mult9" File: C:/work/GitHub/FPGA_QuantumComputer_Simulator/FPGA_QuantumComputer_Simulator/RTL/hadamard_gate.sv Line: 62
Info (12133): Instantiated megafunction "hadamard_gate:u3_h_q1|lpm_mult:Mult9" with the following parameter: File: C:/work/GitHub/FPGA_QuantumComputer_Simulator/FPGA_QuantumComputer_Simulator/RTL/hadamard_gate.sv Line: 62
    Info (12134): Parameter "LPM_WIDTHA" = "10"
    Info (12134): Parameter "LPM_WIDTHB" = "15"
    Info (12134): Parameter "LPM_WIDTHP" = "25"
    Info (12134): Parameter "LPM_WIDTHR" = "25"
    Info (12134): Parameter "LPM_WIDTHS" = "1"
    Info (12134): Parameter "LPM_REPRESENTATION" = "SIGNED"
    Info (12134): Parameter "INPUT_A_IS_CONSTANT" = "NO"
    Info (12134): Parameter "INPUT_B_IS_CONSTANT" = "YES"
    Info (12134): Parameter "MAXIMIZE_SPEED" = "5"
Info (12131): Elaborated megafunction instantiation "hadamard_gate:u3_h_q1|lpm_mult:Mult9|multcore:mult_core", which is child of megafunction instantiation "hadamard_gate:u3_h_q1|lpm_mult:Mult9" File: c:/altera_lite/25.1std/quartus/libraries/megafunctions/lpm_mult.tdf Line: 309
Info (12131): Elaborated megafunction instantiation "hadamard_gate:u3_h_q1|lpm_mult:Mult9|multcore:mult_core|mpar_add:padder", which is child of megafunction instantiation "hadamard_gate:u3_h_q1|lpm_mult:Mult9" File: c:/altera_lite/25.1std/quartus/libraries/megafunctions/multcore.tdf Line: 229
Info (12131): Elaborated megafunction instantiation "hadamard_gate:u3_h_q1|lpm_mult:Mult9|altshift:external_latency_ffs", which is child of megafunction instantiation "hadamard_gate:u3_h_q1|lpm_mult:Mult9" File: c:/altera_lite/25.1std/quartus/libraries/megafunctions/lpm_mult.tdf Line: 352
Info (12130): Elaborated megafunction instantiation "hadamard_gate:u3_h_q1|lpm_mult:Mult8" File: C:/work/GitHub/FPGA_QuantumComputer_Simulator/FPGA_QuantumComputer_Simulator/RTL/hadamard_gate.sv Line: 61
Info (12133): Instantiated megafunction "hadamard_gate:u3_h_q1|lpm_mult:Mult8" with the following parameter: File: C:/work/GitHub/FPGA_QuantumComputer_Simulator/FPGA_QuantumComputer_Simulator/RTL/hadamard_gate.sv Line: 61
    Info (12134): Parameter "LPM_WIDTHA" = "11"
    Info (12134): Parameter "LPM_WIDTHB" = "15"
    Info (12134): Parameter "LPM_WIDTHP" = "26"
    Info (12134): Parameter "LPM_WIDTHR" = "26"
    Info (12134): Parameter "LPM_WIDTHS" = "1"
    Info (12134): Parameter "LPM_REPRESENTATION" = "SIGNED"
    Info (12134): Parameter "INPUT_A_IS_CONSTANT" = "NO"
    Info (12134): Parameter "INPUT_B_IS_CONSTANT" = "YES"
    Info (12134): Parameter "MAXIMIZE_SPEED" = "5"
Info (12131): Elaborated megafunction instantiation "hadamard_gate:u3_h_q1|lpm_mult:Mult8|multcore:mult_core", which is child of megafunction instantiation "hadamard_gate:u3_h_q1|lpm_mult:Mult8" File: c:/altera_lite/25.1std/quartus/libraries/megafunctions/lpm_mult.tdf Line: 309
Info (12131): Elaborated megafunction instantiation "hadamard_gate:u3_h_q1|lpm_mult:Mult8|multcore:mult_core|mpar_add:padder", which is child of megafunction instantiation "hadamard_gate:u3_h_q1|lpm_mult:Mult8" File: c:/altera_lite/25.1std/quartus/libraries/megafunctions/multcore.tdf Line: 229
Info (12131): Elaborated megafunction instantiation "hadamard_gate:u3_h_q1|lpm_mult:Mult8|altshift:external_latency_ffs", which is child of megafunction instantiation "hadamard_gate:u3_h_q1|lpm_mult:Mult8" File: c:/altera_lite/25.1std/quartus/libraries/megafunctions/lpm_mult.tdf Line: 352
Info (12130): Elaborated megafunction instantiation "hadamard_gate:u3_h_q1|lpm_mult:Mult11" File: C:/work/GitHub/FPGA_QuantumComputer_Simulator/FPGA_QuantumComputer_Simulator/RTL/hadamard_gate.sv Line: 64
Info (12133): Instantiated megafunction "hadamard_gate:u3_h_q1|lpm_mult:Mult11" with the following parameter: File: C:/work/GitHub/FPGA_QuantumComputer_Simulator/FPGA_QuantumComputer_Simulator/RTL/hadamard_gate.sv Line: 64
    Info (12134): Parameter "LPM_WIDTHA" = "10"
    Info (12134): Parameter "LPM_WIDTHB" = "15"
    Info (12134): Parameter "LPM_WIDTHP" = "25"
    Info (12134): Parameter "LPM_WIDTHR" = "25"
    Info (12134): Parameter "LPM_WIDTHS" = "1"
    Info (12134): Parameter "LPM_REPRESENTATION" = "SIGNED"
    Info (12134): Parameter "INPUT_A_IS_CONSTANT" = "NO"
    Info (12134): Parameter "INPUT_B_IS_CONSTANT" = "YES"
    Info (12134): Parameter "MAXIMIZE_SPEED" = "5"
Info (12130): Elaborated megafunction instantiation "hadamard_gate:u3_h_q1|lpm_mult:Mult2" File: C:/work/GitHub/FPGA_QuantumComputer_Simulator/FPGA_QuantumComputer_Simulator/RTL/hadamard_gate.sv Line: 54
Info (12133): Instantiated megafunction "hadamard_gate:u3_h_q1|lpm_mult:Mult2" with the following parameter: File: C:/work/GitHub/FPGA_QuantumComputer_Simulator/FPGA_QuantumComputer_Simulator/RTL/hadamard_gate.sv Line: 54
    Info (12134): Parameter "LPM_WIDTHA" = "12"
    Info (12134): Parameter "LPM_WIDTHB" = "15"
    Info (12134): Parameter "LPM_WIDTHP" = "27"
    Info (12134): Parameter "LPM_WIDTHR" = "27"
    Info (12134): Parameter "LPM_WIDTHS" = "1"
    Info (12134): Parameter "LPM_REPRESENTATION" = "SIGNED"
    Info (12134): Parameter "INPUT_A_IS_CONSTANT" = "NO"
    Info (12134): Parameter "INPUT_B_IS_CONSTANT" = "YES"
    Info (12134): Parameter "MAXIMIZE_SPEED" = "5"
Info (12130): Elaborated megafunction instantiation "hadamard_gate:u3_h_q1|lpm_mult:Mult3" File: C:/work/GitHub/FPGA_QuantumComputer_Simulator/FPGA_QuantumComputer_Simulator/RTL/hadamard_gate.sv Line: 55
Info (12133): Instantiated megafunction "hadamard_gate:u3_h_q1|lpm_mult:Mult3" with the following parameter: File: C:/work/GitHub/FPGA_QuantumComputer_Simulator/FPGA_QuantumComputer_Simulator/RTL/hadamard_gate.sv Line: 55
    Info (12134): Parameter "LPM_WIDTHA" = "12"
    Info (12134): Parameter "LPM_WIDTHB" = "15"
    Info (12134): Parameter "LPM_WIDTHP" = "27"
    Info (12134): Parameter "LPM_WIDTHR" = "27"
    Info (12134): Parameter "LPM_WIDTHS" = "1"
    Info (12134): Parameter "LPM_REPRESENTATION" = "SIGNED"
    Info (12134): Parameter "INPUT_A_IS_CONSTANT" = "NO"
    Info (12134): Parameter "INPUT_B_IS_CONSTANT" = "YES"
    Info (12134): Parameter "MAXIMIZE_SPEED" = "5"
Info (12130): Elaborated megafunction instantiation "hadamard_gate:u3_h_q1|lpm_mult:Mult10" File: C:/work/GitHub/FPGA_QuantumComputer_Simulator/FPGA_QuantumComputer_Simulator/RTL/hadamard_gate.sv Line: 63
Info (12133): Instantiated megafunction "hadamard_gate:u3_h_q1|lpm_mult:Mult10" with the following parameter: File: C:/work/GitHub/FPGA_QuantumComputer_Simulator/FPGA_QuantumComputer_Simulator/RTL/hadamard_gate.sv Line: 63
    Info (12134): Parameter "LPM_WIDTHA" = "11"
    Info (12134): Parameter "LPM_WIDTHB" = "15"
    Info (12134): Parameter "LPM_WIDTHP" = "26"
    Info (12134): Parameter "LPM_WIDTHR" = "26"
    Info (12134): Parameter "LPM_WIDTHS" = "1"
    Info (12134): Parameter "LPM_REPRESENTATION" = "SIGNED"
    Info (12134): Parameter "INPUT_A_IS_CONSTANT" = "NO"
    Info (12134): Parameter "INPUT_B_IS_CONSTANT" = "YES"
    Info (12134): Parameter "MAXIMIZE_SPEED" = "5"
Info (12130): Elaborated megafunction instantiation "hadamard_gate:u3_h_q1|lpm_mult:Mult4" File: C:/work/GitHub/FPGA_QuantumComputer_Simulator/FPGA_QuantumComputer_Simulator/RTL/hadamard_gate.sv Line: 56
Info (12133): Instantiated megafunction "hadamard_gate:u3_h_q1|lpm_mult:Mult4" with the following parameter: File: C:/work/GitHub/FPGA_QuantumComputer_Simulator/FPGA_QuantumComputer_Simulator/RTL/hadamard_gate.sv Line: 56
    Info (12134): Parameter "LPM_WIDTHA" = "12"
    Info (12134): Parameter "LPM_WIDTHB" = "15"
    Info (12134): Parameter "LPM_WIDTHP" = "27"
    Info (12134): Parameter "LPM_WIDTHR" = "27"
    Info (12134): Parameter "LPM_WIDTHS" = "1"
    Info (12134): Parameter "LPM_REPRESENTATION" = "SIGNED"
    Info (12134): Parameter "INPUT_A_IS_CONSTANT" = "NO"
    Info (12134): Parameter "INPUT_B_IS_CONSTANT" = "YES"
    Info (12134): Parameter "MAXIMIZE_SPEED" = "5"
Info (12130): Elaborated megafunction instantiation "hadamard_gate:u3_h_q1|lpm_mult:Mult6" File: C:/work/GitHub/FPGA_QuantumComputer_Simulator/FPGA_QuantumComputer_Simulator/RTL/hadamard_gate.sv Line: 58
Info (12133): Instantiated megafunction "hadamard_gate:u3_h_q1|lpm_mult:Mult6" with the following parameter: File: C:/work/GitHub/FPGA_QuantumComputer_Simulator/FPGA_QuantumComputer_Simulator/RTL/hadamard_gate.sv Line: 58
    Info (12134): Parameter "LPM_WIDTHA" = "12"
    Info (12134): Parameter "LPM_WIDTHB" = "15"
    Info (12134): Parameter "LPM_WIDTHP" = "27"
    Info (12134): Parameter "LPM_WIDTHR" = "27"
    Info (12134): Parameter "LPM_WIDTHS" = "1"
    Info (12134): Parameter "LPM_REPRESENTATION" = "SIGNED"
    Info (12134): Parameter "INPUT_A_IS_CONSTANT" = "NO"
    Info (12134): Parameter "INPUT_B_IS_CONSTANT" = "YES"
    Info (12134): Parameter "MAXIMIZE_SPEED" = "5"
Info (12130): Elaborated megafunction instantiation "rot_gate_pi_4:u2_rpi4_q0q2|lpm_mult:Mult2" File: C:/work/GitHub/FPGA_QuantumComputer_Simulator/FPGA_QuantumComputer_Simulator/RTL/rot_gate_pi_4.sv Line: 61
Info (12133): Instantiated megafunction "rot_gate_pi_4:u2_rpi4_q0q2|lpm_mult:Mult2" with the following parameter: File: C:/work/GitHub/FPGA_QuantumComputer_Simulator/FPGA_QuantumComputer_Simulator/RTL/rot_gate_pi_4.sv Line: 61
    Info (12134): Parameter "LPM_WIDTHA" = "12"
    Info (12134): Parameter "LPM_WIDTHB" = "15"
    Info (12134): Parameter "LPM_WIDTHP" = "27"
    Info (12134): Parameter "LPM_WIDTHR" = "27"
    Info (12134): Parameter "LPM_WIDTHS" = "1"
    Info (12134): Parameter "LPM_REPRESENTATION" = "SIGNED"
    Info (12134): Parameter "INPUT_A_IS_CONSTANT" = "NO"
    Info (12134): Parameter "INPUT_B_IS_CONSTANT" = "YES"
    Info (12134): Parameter "MAXIMIZE_SPEED" = "5"
Info (12130): Elaborated megafunction instantiation "rot_gate_pi_4:u2_rpi4_q0q2|lpm_mult:Mult1" File: C:/work/GitHub/FPGA_QuantumComputer_Simulator/FPGA_QuantumComputer_Simulator/RTL/rot_gate_pi_4.sv Line: 62
Info (12133): Instantiated megafunction "rot_gate_pi_4:u2_rpi4_q0q2|lpm_mult:Mult1" with the following parameter: File: C:/work/GitHub/FPGA_QuantumComputer_Simulator/FPGA_QuantumComputer_Simulator/RTL/rot_gate_pi_4.sv Line: 62
    Info (12134): Parameter "LPM_WIDTHA" = "9"
    Info (12134): Parameter "LPM_WIDTHB" = "15"
    Info (12134): Parameter "LPM_WIDTHP" = "24"
    Info (12134): Parameter "LPM_WIDTHR" = "24"
    Info (12134): Parameter "LPM_WIDTHS" = "1"
    Info (12134): Parameter "LPM_REPRESENTATION" = "SIGNED"
    Info (12134): Parameter "INPUT_A_IS_CONSTANT" = "NO"
    Info (12134): Parameter "INPUT_B_IS_CONSTANT" = "YES"
    Info (12134): Parameter "MAXIMIZE_SPEED" = "5"
Info (12131): Elaborated megafunction instantiation "rot_gate_pi_4:u2_rpi4_q0q2|lpm_mult:Mult1|multcore:mult_core", which is child of megafunction instantiation "rot_gate_pi_4:u2_rpi4_q0q2|lpm_mult:Mult1" File: c:/altera_lite/25.1std/quartus/libraries/megafunctions/lpm_mult.tdf Line: 309
Info (12131): Elaborated megafunction instantiation "rot_gate_pi_4:u2_rpi4_q0q2|lpm_mult:Mult1|multcore:mult_core|mpar_add:padder", which is child of megafunction instantiation "rot_gate_pi_4:u2_rpi4_q0q2|lpm_mult:Mult1" File: c:/altera_lite/25.1std/quartus/libraries/megafunctions/multcore.tdf Line: 229
Info (12131): Elaborated megafunction instantiation "rot_gate_pi_4:u2_rpi4_q0q2|lpm_mult:Mult1|altshift:external_latency_ffs", which is child of megafunction instantiation "rot_gate_pi_4:u2_rpi4_q0q2|lpm_mult:Mult1" File: c:/altera_lite/25.1std/quartus/libraries/megafunctions/lpm_mult.tdf Line: 352
Info (12130): Elaborated megafunction instantiation "rot_gate_pi_4:u2_rpi4_q0q2|lpm_mult:Mult3" File: C:/work/GitHub/FPGA_QuantumComputer_Simulator/FPGA_QuantumComputer_Simulator/RTL/rot_gate_pi_4.sv Line: 62
Info (12133): Instantiated megafunction "rot_gate_pi_4:u2_rpi4_q0q2|lpm_mult:Mult3" with the following parameter: File: C:/work/GitHub/FPGA_QuantumComputer_Simulator/FPGA_QuantumComputer_Simulator/RTL/rot_gate_pi_4.sv Line: 62
    Info (12134): Parameter "LPM_WIDTHA" = "12"
    Info (12134): Parameter "LPM_WIDTHB" = "15"
    Info (12134): Parameter "LPM_WIDTHP" = "27"
    Info (12134): Parameter "LPM_WIDTHR" = "27"
    Info (12134): Parameter "LPM_WIDTHS" = "1"
    Info (12134): Parameter "LPM_REPRESENTATION" = "SIGNED"
    Info (12134): Parameter "INPUT_A_IS_CONSTANT" = "NO"
    Info (12134): Parameter "INPUT_B_IS_CONSTANT" = "YES"
    Info (12134): Parameter "MAXIMIZE_SPEED" = "5"
Info (13000): Registers with preset signals will power-up high File: C:/work/GitHub/FPGA_QuantumComputer_Simulator/FPGA_QuantumComputer_Simulator/RTL/lfsr.sv Line: 27
Info (13003): DEV_CLRn pin will set, and not reset, register with preset signal due to NOT Gate Push-Back
Warning (13024): Output pins are stuck at VCC or GND
    Warning (13410): Pin "hex_0_o[7]" is stuck at VCC File: C:/work/GitHub/FPGA_QuantumComputer_Simulator/FPGA_QuantumComputer_Simulator/RTL/top_qc_sim.sv Line: 19
Info (286030): Timing-Driven Synthesis is running
Info (17016): Found the following redundant logic cells in design
    Info (17048): Logic cell "hadamard_gate:u5_h_q0|Add8~0" File: C:/work/GitHub/FPGA_QuantumComputer_Simulator/FPGA_QuantumComputer_Simulator/RTL/hadamard_gate.sv Line: 43
    Info (17048): Logic cell "hadamard_gate:u5_h_q0|Add8~2" File: C:/work/GitHub/FPGA_QuantumComputer_Simulator/FPGA_QuantumComputer_Simulator/RTL/hadamard_gate.sv Line: 43
    Info (17048): Logic cell "hadamard_gate:u5_h_q0|Add8~12" File: C:/work/GitHub/FPGA_QuantumComputer_Simulator/FPGA_QuantumComputer_Simulator/RTL/hadamard_gate.sv Line: 43
    Info (17048): Logic cell "hadamard_gate:u5_h_q0|Add8~14" File: C:/work/GitHub/FPGA_QuantumComputer_Simulator/FPGA_QuantumComputer_Simulator/RTL/hadamard_gate.sv Line: 43
    Info (17048): Logic cell "hadamard_gate:u5_h_q0|Add8~16" File: C:/work/GitHub/FPGA_QuantumComputer_Simulator/FPGA_QuantumComputer_Simulator/RTL/hadamard_gate.sv Line: 43
    Info (17048): Logic cell "hadamard_gate:u5_h_q0|Add8~18" File: C:/work/GitHub/FPGA_QuantumComputer_Simulator/FPGA_QuantumComputer_Simulator/RTL/hadamard_gate.sv Line: 43
    Info (17048): Logic cell "hadamard_gate:u5_h_q0|lpm_mult:Mult8|multcore:mult_core|mpar_add:padder|lpm_add_sub:adder[0]|add_sub_fkg:auto_generated|op_1~10"
    Info (17048): Logic cell "hadamard_gate:u5_h_q0|Add8~20" File: C:/work/GitHub/FPGA_QuantumComputer_Simulator/FPGA_QuantumComputer_Simulator/RTL/hadamard_gate.sv Line: 43
    Info (17048): Logic cell "hadamard_gate:u5_h_q0|lpm_mult:Mult8|multcore:mult_core|mpar_add:padder|lpm_add_sub:adder[0]|add_sub_fkg:auto_generated|op_1~12"
    Info (17048): Logic cell "hadamard_gate:u5_h_q0|Add10~6" File: C:/work/GitHub/FPGA_QuantumComputer_Simulator/FPGA_QuantumComputer_Simulator/RTL/hadamard_gate.sv Line: 45
    Info (17048): Logic cell "hadamard_gate:u5_h_q0|Add10~8" File: C:/work/GitHub/FPGA_QuantumComputer_Simulator/FPGA_QuantumComputer_Simulator/RTL/hadamard_gate.sv Line: 45
    Info (17048): Logic cell "hadamard_gate:u5_h_q0|Add2~10" File: C:/work/GitHub/FPGA_QuantumComputer_Simulator/FPGA_QuantumComputer_Simulator/RTL/hadamard_gate.sv Line: 36
    Info (17048): Logic cell "hadamard_gate:u5_h_q0|Add2~12" File: C:/work/GitHub/FPGA_QuantumComputer_Simulator/FPGA_QuantumComputer_Simulator/RTL/hadamard_gate.sv Line: 36
    Info (17048): Logic cell "hadamard_gate:u5_h_q0|lpm_mult:Mult9|multcore:mult_core|mpar_add:padder|lpm_add_sub:adder[0]|add_sub_fkg:auto_generated|op_1~10"
    Info (17048): Logic cell "hadamard_gate:u5_h_q0|lpm_mult:Mult9|multcore:mult_core|mpar_add:padder|lpm_add_sub:adder[0]|add_sub_fkg:auto_generated|op_1~12"
    Info (17048): Logic cell "hadamard_gate:u5_h_q0|Add3~10" File: C:/work/GitHub/FPGA_QuantumComputer_Simulator/FPGA_QuantumComputer_Simulator/RTL/hadamard_gate.sv Line: 37
    Info (17048): Logic cell "hadamard_gate:u5_h_q0|Add3~12" File: C:/work/GitHub/FPGA_QuantumComputer_Simulator/FPGA_QuantumComputer_Simulator/RTL/hadamard_gate.sv Line: 37
    Info (17048): Logic cell "hadamard_gate:u5_h_q0|Add11~8" File: C:/work/GitHub/FPGA_QuantumComputer_Simulator/FPGA_QuantumComputer_Simulator/RTL/hadamard_gate.sv Line: 46
    Info (17048): Logic cell "hadamard_gate:u5_h_q0|lpm_mult:Mult11|multcore:mult_core|mpar_add:padder|lpm_add_sub:adder[0]|add_sub_fkg:auto_generated|op_1~8"
    Info (17048): Logic cell "hadamard_gate:u5_h_q0|lpm_mult:Mult11|multcore:mult_core|mpar_add:padder|lpm_add_sub:adder[0]|add_sub_fkg:auto_generated|op_1~10"
    Info (17048): Logic cell "hadamard_gate:u5_h_q0|Add0~0" File: C:/work/GitHub/FPGA_QuantumComputer_Simulator/FPGA_QuantumComputer_Simulator/RTL/hadamard_gate.sv Line: 34
    Info (17048): Logic cell "hadamard_gate:u5_h_q0|Add0~2" File: C:/work/GitHub/FPGA_QuantumComputer_Simulator/FPGA_QuantumComputer_Simulator/RTL/hadamard_gate.sv Line: 34
    Info (17048): Logic cell "hadamard_gate:u5_h_q0|Add0~16" File: C:/work/GitHub/FPGA_QuantumComputer_Simulator/FPGA_QuantumComputer_Simulator/RTL/hadamard_gate.sv Line: 34
    Info (17048): Logic cell "hadamard_gate:u5_h_q0|Add0~18" File: C:/work/GitHub/FPGA_QuantumComputer_Simulator/FPGA_QuantumComputer_Simulator/RTL/hadamard_gate.sv Line: 34
    Info (17048): Logic cell "hadamard_gate:u5_h_q0|Add0~20" File: C:/work/GitHub/FPGA_QuantumComputer_Simulator/FPGA_QuantumComputer_Simulator/RTL/hadamard_gate.sv Line: 34
    Info (17048): Logic cell "hadamard_gate:u5_h_q0|Add0~22" File: C:/work/GitHub/FPGA_QuantumComputer_Simulator/FPGA_QuantumComputer_Simulator/RTL/hadamard_gate.sv Line: 34
    Info (17048): Logic cell "hadamard_gate:u5_h_q0|Add0~24" File: C:/work/GitHub/FPGA_QuantumComputer_Simulator/FPGA_QuantumComputer_Simulator/RTL/hadamard_gate.sv Line: 34
    Info (17048): Logic cell "hadamard_gate:u5_h_q0|Add0~26" File: C:/work/GitHub/FPGA_QuantumComputer_Simulator/FPGA_QuantumComputer_Simulator/RTL/hadamard_gate.sv Line: 34
    Info (17048): Logic cell "hadamard_gate:u5_h_q0|Add0~28" File: C:/work/GitHub/FPGA_QuantumComputer_Simulator/FPGA_QuantumComputer_Simulator/RTL/hadamard_gate.sv Line: 34
    Info (17048): Logic cell "hadamard_gate:u5_h_q0|Add0~30" File: C:/work/GitHub/FPGA_QuantumComputer_Simulator/FPGA_QuantumComputer_Simulator/RTL/hadamard_gate.sv Line: 34
    Info (17048): Logic cell "hadamard_gate:u3_h_q1|lpm_mult:Mult6|multcore:mult_core|mpar_add:padder|lpm_add_sub:adder[0]|add_sub_fkg:auto_generated|op_1~28"
Info (16010): Generating hard_block partition "hard_block:auto_generated_inst"
    Info (16011): Adding 0 node(s), including 0 DDIO, 0 PLL, 0 transceiver and 0 LCELL
Info (21057): Implemented 2571 device resources after synthesis - the final resource count might be different
    Info (21058): Implemented 3 input pins
    Info (21059): Implemented 8 output pins
    Info (21061): Implemented 2526 logic cells
    Info (21062): Implemented 34 DSP elements
Info: Quartus Prime Analysis & Synthesis was successful. 0 errors, 3 warnings
    Info: Peak virtual memory: 5047 megabytes
    Info: Processing ended: Sat Feb 21 23:11:07 2026
    Info: Elapsed time: 00:00:12
    Info: Total CPU time (on all processors): 00:00:18


